// Generated by tools/generate_mini_bitmaps.py. Do not edit by hand.
#include "ui/assets/MiniBitmaps.h"

#include <cstdint>

namespace keezer::ui::assets {

alignas(4) const std::uint8_t kHeaderSnowflakeMap[] = {
    0x00, 0x00, 0x00, 0x00, 0x00, 0x00, 0x00, 0x00, 0x00, 0x00, 0x00, 0x00,
    0x00, 0x00, 0x00, 0x00, 0x00, 0x00, 0x00, 0x00, 0x00, 0x00, 0x00, 0x00,
    0x00, 0x00, 0x00, 0x00, 0x00, 0x00, 0x00, 0x00, 0x00, 0x00, 0x00, 0x00,
    0x00, 0x00, 0x00, 0x00, 0x00, 0x00, 0x00, 0x00, 0x00, 0x00, 0xFF, 0x07,
    0x00, 0x00, 0x5F, 0x05, 0x7E, 0x05, 0x9D, 0x05, 0x00, 0x00, 0xFF, 0x07,
    0x00, 0x00, 0x00, 0x00, 0x00, 0x00, 0x00, 0x00, 0x00, 0x00, 0x00, 0x00,
    0x00, 0x00, 0x00, 0x00, 0xFF, 0x07, 0x00, 0x00, 0x5F, 0x05, 0x00, 0x00,
    0x7D, 0x05, 0x7D, 0x05, 0x7D, 0x05, 0x7D, 0x05, 0x9D, 0x05, 0x1F, 0x00,
    0x5F, 0x05, 0x00, 0x00, 0xFF, 0x07, 0x00, 0x00, 0x00, 0x00, 0x00, 0x00,
    0x00, 0x00, 0x00, 0x00, 0x00, 0x00, 0x00, 0x00, 0x00, 0x00, 0xFF, 0x03,
    0x7E, 0x05, 0x7D, 0x05, 0xDE, 0x05, 0x7E, 0x05, 0x7D, 0x05, 0xEF, 0x03,
    0x00, 0x00, 0x00, 0x00, 0x00, 0x00, 0x00, 0x00, 0x00, 0x00, 0x00, 0x00,
    0x00, 0x00, 0x00, 0x00, 0x9E, 0x05, 0x5F, 0x05, 0x7D, 0x05, 0xEF, 0x03,
    0x7D, 0x05, 0x5D, 0x05, 0xBE, 0x05, 0x7D, 0x05, 0x7D, 0x05, 0xEF, 0x03,
    0x7D, 0x05, 0x5F, 0x05, 0x9D, 0x05, 0x00, 0x00, 0x00, 0x00, 0x00, 0x00,
    0x00, 0x00, 0x00, 0x00, 0x7D, 0x05, 0x7D, 0x05, 0x7D, 0x05, 0xFF, 0x05,
    0x7D, 0x05, 0x7D, 0x05, 0x7E, 0x05, 0x7D, 0x05, 0x7E, 0x05, 0xFF, 0x05,
    0x7D, 0x05, 0x7D, 0x05, 0x7D, 0x05, 0x00, 0x00, 0x00, 0x00, 0x00, 0x00,
    0x00, 0x00, 0x00, 0x00, 0x9E, 0x05, 0x7E, 0x05, 0x9E, 0x05, 0x7D, 0x05,
    0x7D, 0x05, 0x7D, 0x05, 0xDF, 0x05, 0x7E, 0x05, 0x5D, 0x05, 0x7E, 0x05,
    0x9E, 0x05, 0x7E, 0x05, 0x5D, 0x05, 0x00, 0x00, 0x00, 0x00, 0x00, 0x00,
    0x00, 0x00, 0x00, 0x00, 0x5D, 0x05, 0x9E, 0x05, 0xFF, 0x05, 0x7D, 0x05,
    0x9E, 0x05, 0x7D, 0x05, 0x7D, 0x05, 0x3D, 0x05, 0x9E, 0x05, 0x7E, 0x05,
    0xDF, 0x05, 0xBE, 0x05, 0x7D, 0x05, 0x00, 0x00, 0x00, 0x00, 0x00, 0x00,
    0x00, 0x00, 0x00, 0x00, 0x1F, 0x00, 0xFB, 0x04, 0x3D, 0x05, 0x7D, 0x05,
    0xDF, 0x05, 0x7D, 0x05, 0x7E, 0x05, 0x7D, 0x05, 0xDF, 0x05, 0x7E, 0x05,
    0x7D, 0x05, 0x5D, 0x05, 0x00, 0x00, 0x00, 0x00, 0x00, 0x00, 0x00, 0x00,
    0x00, 0x00, 0x00, 0x00, 0x00, 0x00, 0x1C, 0x05, 0x7D, 0x05, 0x7D, 0x05,
    0xDF, 0x05, 0x7D, 0x05, 0x9E, 0x05, 0x7D, 0x05, 0xBF, 0x05, 0x7D, 0x05,
    0x7D, 0x05, 0x1C, 0x05, 0x00, 0x00, 0x00, 0x00, 0x00, 0x00, 0x00, 0x00,
    0x00, 0x00, 0x00, 0x00, 0x7D, 0x05, 0xBE, 0x05, 0xFF, 0x05, 0x7D, 0x05,
    0x9E, 0x05, 0x5D, 0x05, 0x7D, 0x05, 0x5D, 0x05, 0x9E, 0x05, 0x7D, 0x05,
    0xDE, 0x05, 0xBE, 0x05, 0x7D, 0x05, 0x00, 0x00, 0x00, 0x00, 0x00, 0x00,
    0x00, 0x00, 0x00, 0x00, 0x7D, 0x05, 0x9E, 0x05, 0xBE, 0x05, 0x7E, 0x05,
    0x7D, 0x05, 0x9E, 0x05, 0xDE, 0x05, 0x7D, 0x05, 0x5D, 0x05, 0x7E, 0x05,
    0xBE, 0x05, 0x9E, 0x05, 0x7D, 0x05, 0x00, 0x00, 0x00, 0x00, 0x00, 0x00,
    0x00, 0x00, 0x00, 0x00, 0x7D, 0x05, 0x7D, 0x05, 0x7D, 0x05, 0x5D, 0x05,
    0x7D, 0x05, 0x7D, 0x05, 0x9E, 0x05, 0x7D, 0x05, 0x7D, 0x05, 0x5D, 0x05,
    0x7D, 0x05, 0x7D, 0x05, 0x7D, 0x05, 0x00, 0x00, 0x00, 0x00, 0x00, 0x00,
    0x00, 0x00, 0x00, 0x00, 0x5D, 0x05, 0x9F, 0x05, 0x7E, 0x05, 0xFF, 0x07,
    0x7D, 0x05, 0x7D, 0x05, 0x9E, 0x05, 0x7D, 0x05, 0x7D, 0x05, 0xFF, 0x07,
    0x7E, 0x05, 0x9F, 0x05, 0x5E, 0x05, 0x00, 0x00, 0x00, 0x00, 0x00, 0x00,
    0x00, 0x00, 0x00, 0x00, 0x00, 0x00, 0x00, 0x00, 0x00, 0x00, 0xFF, 0x03,
    0x3C, 0x05, 0x7D, 0x05, 0xDE, 0x05, 0x7D, 0x05, 0x3E, 0x05, 0xFF, 0x03,
    0x00, 0x00, 0x00, 0x00, 0x00, 0x00, 0x00, 0x00, 0x00, 0x00, 0x00, 0x00,
    0x00, 0x00, 0x00, 0x00, 0xFF, 0x03, 0x1F, 0x00, 0x5F, 0x05, 0x00, 0x00,
    0x7D, 0x05, 0x9E, 0x05, 0x5D, 0x05, 0x7E, 0x05, 0x7D, 0x05, 0x00, 0x00,
    0x5F, 0x05, 0x1F, 0x00, 0xFF, 0x03, 0x00, 0x00, 0x00, 0x00, 0x00, 0x00,
    0x00, 0x00, 0x00, 0x00, 0x00, 0x00, 0x00, 0x00, 0x00, 0x00, 0xFF, 0x07,
    0x00, 0x00, 0xFF, 0x05, 0x7D, 0x05, 0xFF, 0x05, 0x00, 0x00, 0xFF, 0x07,
    0x00, 0x00, 0x00, 0x00, 0x00, 0x00, 0x00, 0x00, 0x00, 0x00, 0x00, 0x00,
    0x00, 0x00, 0x00, 0x00, 0x00, 0x00, 0x00, 0x00, 0x00, 0x00, 0x00, 0x00,
    0x00, 0x00, 0x00, 0x00, 0x00, 0x00, 0x00, 0x00, 0x00, 0x00, 0x00, 0x00,
    0x00, 0x00, 0x00, 0x00, 0x00, 0x00, 0x00, 0x00, 0x00, 0x00, 0x00, 0x00,
    0x00, 0x00, 0x00, 0x00, 0x00, 0x00, 0x00, 0x00, 0x00, 0x00, 0x00, 0x00,
    0x00, 0x00, 0x00, 0x00, 0x00, 0x00, 0x00, 0x00, 0x00, 0x00, 0x00, 0x01,
    0x00, 0x09, 0xBF, 0x0D, 0x00, 0x01, 0x00, 0x00, 0x00, 0x00, 0x00, 0x00,
    0x00, 0x00, 0x01, 0x00, 0x03, 0x00, 0x1F, 0x33, 0xA9, 0x35, 0x21, 0x01,
    0x03, 0x00, 0x01, 0x00, 0x00, 0x00, 0x00, 0x00, 0x00, 0x00, 0x00, 0x02,
    0x19, 0xAB, 0xB4, 0xAC, 0x1D, 0x02, 0x00, 0x00, 0x00, 0x00, 0x00, 0x00,
    0x00, 0x00, 0x1A, 0x03, 0x51, 0x02, 0x39, 0x2D, 0xC5, 0x30, 0x38, 0x02,
    0x52, 0x03, 0x1A, 0x00, 0x00, 0x00, 0x00, 0x00, 0xD1, 0x76, 0x98, 0x08,
    0x28, 0x5E, 0x8A, 0x62, 0x28, 0x08, 0x98, 0x74, 0xCF, 0x00, 0x00, 0x00,
    0x00, 0x00, 0x1A, 0x8E, 0xF6, 0x5B, 0x55, 0x5E, 0xE1, 0x5F, 0x56, 0x5A,
    0xF6, 0x91, 0x1B, 0x00, 0x00, 0x00, 0x00, 0x00, 0x31, 0x73, 0x3A, 0xAA,
    0xF1, 0x19, 0x9B, 0x1A, 0xF0, 0xAA, 0x3A, 0x72, 0x35, 0x00, 0x00, 0x00,
    0x00, 0x00, 0x01, 0x10, 0x29, 0x67, 0x4D, 0xA7, 0x96, 0xA7, 0x4D, 0x67,
    0x29, 0x0F, 0x00, 0x00, 0x00, 0x00, 0x00, 0x00, 0x00, 0x13, 0x3C, 0x58,
    0x26, 0xAB, 0x8B, 0xAC, 0x27, 0x58, 0x3C, 0x13, 0x00, 0x00, 0x00, 0x00,
    0x00, 0x00, 0x2F, 0x5D, 0x1C, 0xAD, 0xEE, 0x2E, 0x9D, 0x2E, 0xED, 0xAD,
    0x1D, 0x5D, 0x2F, 0x00, 0x00, 0x00, 0x00, 0x00, 0x10, 0x92, 0xF2, 0x6D,
    0x70, 0x37, 0xCF, 0x38, 0x70, 0x6D, 0xF2, 0x92, 0x10, 0x00, 0x00, 0x00,
    0x00, 0x00, 0xBF, 0x84, 0xA2, 0x0C, 0x1F, 0x76, 0x9E, 0x78, 0x1F, 0x0C,
    0xA1, 0x83, 0xBF, 0x00, 0x00, 0x00, 0x00, 0x00, 0x34, 0x0A, 0x59, 0x02,
    0x42, 0x20, 0xAA, 0x20, 0x42, 0x02, 0x59, 0x0A, 0x34, 0x00, 0x00, 0x00,
    0x00, 0x00, 0x00, 0x00, 0x00, 0x02, 0x14, 0xA4, 0xC7, 0xA5, 0x14, 0x02,
    0x00, 0x00, 0x00, 0x00, 0x00, 0x00, 0x00, 0x00, 0x02, 0x01, 0x03, 0x00,
    0x26, 0x44, 0x92, 0x45, 0x26, 0x00, 0x03, 0x01, 0x02, 0x00, 0x00, 0x00,
    0x00, 0x00, 0x00, 0x00, 0x00, 0x01, 0x00, 0x04, 0xBA, 0x04, 0x00, 0x01,
    0x00, 0x00, 0x00, 0x00, 0x00, 0x00, 0x00, 0x00, 0x00, 0x00, 0x00, 0x00,
    0x00, 0x00, 0x00, 0x00, 0x00, 0x00, 0x00, 0x00, 0x00, 0x00, 0x00, 0x00,
};

const lv_image_dsc_t kHeaderSnowflake = {
    {LV_IMAGE_HEADER_MAGIC, LV_COLOR_FORMAT_RGB565A8, 0, 18, 18, 36, 0},
    sizeof(kHeaderSnowflakeMap),
    kHeaderSnowflakeMap,
    nullptr,
    nullptr,
};

alignas(4) const std::uint8_t kKeezerTemperatureMap[] = {
    0x00, 0x00, 0x00, 0x00, 0x00, 0x00, 0x00, 0x00, 0x00, 0x00, 0x00, 0x00,
    0x00, 0x00, 0x00, 0x00, 0x00, 0x00, 0x00, 0x00, 0x00, 0x00, 0x00, 0x00,
    0x00, 0x00, 0x00, 0x00, 0x00, 0x00, 0x00, 0x00, 0x00, 0x00, 0x00, 0x00,
    0x00, 0x00, 0x00, 0x00, 0x00, 0x00, 0x00, 0x00, 0x00, 0x00, 0x00, 0x00,
    0x00, 0x00, 0x00, 0x00, 0x00, 0x00, 0x00, 0x00, 0x00, 0x00, 0x00, 0x00,
    0x00, 0x00, 0x00, 0x00, 0x00, 0x00, 0x00, 0x00, 0x00, 0x00, 0x00, 0x00,
    0x00, 0x00, 0x00, 0x00, 0x00, 0x00, 0x00, 0x00, 0x00, 0x00, 0x00, 0x00,
    0x00, 0x00, 0x00, 0x00, 0x0D, 0x53, 0x6B, 0x42, 0x4A, 0x42, 0x4A, 0x42,
    0x6A, 0x42, 0x0D, 0x5B, 0x00, 0x00, 0x0A, 0x00, 0x00, 0x00, 0x00, 0x00,
    0x00, 0x00, 0x00, 0x00, 0x00, 0x00, 0x00, 0x00, 0x00, 0x00, 0x00, 0x00,
    0x00, 0x00, 0x00, 0x00, 0x00, 0x00, 0x00, 0x00, 0x00, 0x00, 0x00, 0x00,
    0x00, 0x00, 0x00, 0x00, 0x00, 0x00, 0x00, 0x00, 0x00, 0x00, 0x00, 0x00,
    0x00, 0x00, 0x00, 0x00, 0x00, 0x00, 0x00, 0x00, 0x00, 0x00, 0xEF, 0x7B,
    0x00, 0x00, 0xAC, 0x4A, 0x4A, 0x3A, 0x8B, 0x42, 0x6A, 0x42, 0x6A, 0x42,
    0x8B, 0x42, 0x4A, 0x3A, 0xCC, 0x4A, 0x00, 0x00, 0xEF, 0x7B, 0x00, 0x00,
    0x00, 0x00, 0x00, 0x00, 0x00, 0x00, 0x00, 0x00, 0x00, 0x00, 0x00, 0x00,
    0x00, 0x00, 0x00, 0x00, 0x00, 0x00, 0x00, 0x00, 0x00, 0x00, 0x00, 0x00,
    0x00, 0x00, 0x00, 0x00, 0x00, 0x00, 0x00, 0x00, 0x00, 0x00, 0x00, 0x00,
    0x00, 0x00, 0x00, 0x00, 0x00, 0x00, 0x00, 0x00, 0xAA, 0x52, 0x00, 0x00,
    0xEC, 0x52, 0x4A, 0x42, 0x4D, 0x63, 0x00, 0x00, 0x00, 0x00, 0x00, 0x00,
    0x00, 0x00, 0x0D, 0x5B, 0x4A, 0x42, 0xEC, 0x5A, 0x00, 0x00, 0xAA, 0x52,
    0x00, 0x00, 0x00, 0x00, 0x00, 0x00, 0x00, 0x00, 0x00, 0x00, 0x00, 0x00,
    0x00, 0x00, 0x00, 0x00, 0x00, 0x00, 0x00, 0x00, 0x00, 0x00, 0x00, 0x00,
    0x00, 0x00, 0x00, 0x00, 0x00, 0x00, 0x00, 0x00, 0x00, 0x00, 0x00, 0x00,
    0x00, 0x00, 0x00, 0x00, 0x00, 0x00, 0x00, 0x00, 0x00, 0x00, 0xFF, 0xFF,
    0x4A, 0x42, 0xAB, 0x4A, 0x00, 0x00, 0x39, 0xC6, 0x3D, 0xE7, 0x3D, 0xE7,
    0x79, 0xC6, 0x00, 0x00, 0xAB, 0x4A, 0x4A, 0x42, 0xFF, 0xFF, 0x00, 0x00,
    0x00, 0x00, 0x00, 0x00, 0x00, 0x00, 0x00, 0x00, 0x00, 0x00, 0x00, 0x00,
    0x00, 0x00, 0x00, 0x00, 0x00, 0x00, 0x00, 0x00, 0x00, 0x00, 0x00, 0x00,
    0x00, 0x00, 0x00, 0x00, 0x00, 0x00, 0x00, 0x00, 0x00, 0x00, 0x00, 0x00,
    0x00, 0x00, 0x00, 0x00, 0x00, 0x00, 0xEF, 0x7B, 0x00, 0x00, 0xAF, 0x6B,
    0x4A, 0x42, 0xCF, 0x73, 0xFF, 0xFF, 0x5D, 0xEF, 0x9E, 0xEF, 0x7E, 0xEF,
    0x5D, 0xEF, 0xFF, 0xFF, 0x8E, 0x63, 0x4A, 0x42, 0xCF, 0x6B, 0x00, 0x00,
    0xFF, 0xFF, 0x00, 0x00, 0x00, 0x00, 0x00, 0x00, 0x00, 0x00, 0x00, 0x00,
    0x00, 0x00, 0x00, 0x00, 0x00, 0x00, 0x00, 0x00, 0x00, 0x00, 0x00, 0x00,
    0x00, 0x00, 0x00, 0x00, 0x00, 0x00, 0x00, 0x00, 0x00, 0x00, 0x00, 0x00,
    0x00, 0x00, 0x00, 0x00, 0x00, 0x00, 0xAA, 0x52, 0x00, 0x00, 0x8F, 0x6B,
    0x4A, 0x42, 0xCD, 0x5A, 0xFF, 0xFF, 0x7E, 0xEF, 0x9E, 0xEF, 0x9E, 0xEF,
    0x5D, 0xE7, 0xFF, 0xFF, 0x8E, 0x63, 0x4A, 0x3A, 0xEC, 0x52, 0x00, 0x00,
    0xEF, 0x7B, 0x00, 0x00, 0x00, 0x00, 0x00, 0x00, 0x00, 0x00, 0x00, 0x00,
    0x00, 0x00, 0x00, 0x00, 0x00, 0x00, 0x00, 0x00, 0x00, 0x00, 0x00, 0x00,
    0x00, 0x00, 0x00, 0x00, 0x00, 0x00, 0x00, 0x00, 0x00, 0x00, 0x00, 0x00,
    0x00, 0x00, 0x00, 0x00, 0x00, 0x00, 0xAA, 0x52, 0x00, 0x00, 0x8F, 0x6B,
    0x4A, 0x42, 0x6D, 0x5B, 0xFF, 0xFF, 0x7E, 0xEF, 0x9E, 0xEF, 0x7E, 0xEF,
    0xFF, 0xFF, 0x00, 0x00, 0xFF, 0xFF, 0x4A, 0x42, 0xEC, 0x52, 0x00, 0x00,
    0xEF, 0x7B, 0x00, 0x00, 0x00, 0x00, 0x00, 0x00, 0x00, 0x00, 0x00, 0x00,
    0x00, 0x00, 0x00, 0x00, 0x00, 0x00, 0x00, 0x00, 0x00, 0x00, 0x00, 0x00,
    0x00, 0x00, 0x00, 0x00, 0x00, 0x00, 0x00, 0x00, 0x00, 0x00, 0x00, 0x00,
    0x00, 0x00, 0x00, 0x00, 0x00, 0x00, 0xAA, 0x52, 0x00, 0x00, 0xAF, 0x6B,
    0x4A, 0x42, 0x6D, 0x5B, 0xFF, 0xFF, 0x7E, 0xEF, 0x5D, 0xE7, 0xFF, 0xFF,
    0xB3, 0x94, 0x2D, 0x5B, 0xAB, 0x4A, 0x29, 0x3A, 0x2D, 0x5B, 0x00, 0x00,
    0xEF, 0x7B, 0x00, 0x00, 0x00, 0x00, 0x00, 0x00, 0x00, 0x00, 0x00, 0x00,
    0x00, 0x00, 0x00, 0x00, 0x00, 0x00, 0x00, 0x00, 0x00, 0x00, 0x00, 0x00,
    0x00, 0x00, 0x00, 0x00, 0x00, 0x00, 0x00, 0x00, 0x00, 0x00, 0x00, 0x00,
    0x00, 0x00, 0x00, 0x00, 0x00, 0x00, 0xAA, 0x52, 0x00, 0x00, 0x8F, 0x6B,
    0x4A, 0x42, 0xCD, 0x5A, 0xFF, 0xFF, 0x7E, 0xEF, 0x5D, 0xE7, 0xFF, 0xFF,
    0x92, 0x8C, 0xCC, 0x52, 0x8B, 0x4A, 0x29, 0x3A, 0x4D, 0x5B, 0x00, 0x00,
    0xEF, 0x7B, 0x00, 0x00, 0x00, 0x00, 0x00, 0x00, 0x00, 0x00, 0x00, 0x00,
    0x00, 0x00, 0x00, 0x00, 0x00, 0x00, 0x00, 0x00, 0x00, 0x00, 0x00, 0x00,
    0x00, 0x00, 0x00, 0x00, 0x00, 0x00, 0x00, 0x00, 0x00, 0x00, 0x00, 0x00,
    0x00, 0x00, 0x00, 0x00, 0x00, 0x00, 0xAA, 0x52, 0x00, 0x00, 0xAF, 0x6B,
    0x4A, 0x42, 0x6D, 0x5B, 0xFF, 0xFF, 0x5D, 0xEF, 0x9E, 0xF7, 0x7D, 0xEF,
    0xFF, 0xFF, 0x00, 0x00, 0xBA, 0xBE, 0x4A, 0x42, 0xEC, 0x52, 0x00, 0x00,
    0xEF, 0x7B, 0x00, 0x00, 0x00, 0x00, 0x00, 0x00, 0x00, 0x00, 0x00, 0x00,
    0x00, 0x00, 0x00, 0x00, 0x00, 0x00, 0x00, 0x00, 0x00, 0x00, 0x00, 0x00,
    0x00, 0x00, 0x00, 0x00, 0x00, 0x00, 0x00, 0x00, 0x00, 0x00, 0x00, 0x00,
    0x00, 0x00, 0x00, 0x00, 0x00, 0x00, 0xAA, 0x52, 0x00, 0x00, 0x8F, 0x6B,
    0x4A, 0x42, 0x6D, 0x5B, 0xFF, 0xFF, 0x7D, 0xEF, 0x7E, 0xEF, 0x5D, 0xEF,
    0xFF, 0xFF, 0x00, 0x00, 0xF7, 0xBD, 0x4A, 0x3A, 0xEC, 0x52, 0x00, 0x00,
    0xEF, 0x7B, 0x00, 0x00, 0x00, 0x00, 0x00, 0x00, 0x00, 0x00, 0x00, 0x00,
    0x00, 0x00, 0x00, 0x00, 0x00, 0x00, 0x00, 0x00, 0x00, 0x00, 0x00, 0x00,
    0x00, 0x00, 0x00, 0x00, 0x00, 0x00, 0x00, 0x00, 0x00, 0x00, 0x00, 0x00,
    0x00, 0x00, 0x00, 0x00, 0x00, 0x00, 0xAA, 0x52, 0x00, 0x00, 0xAF, 0x6B,
    0x4A, 0x42, 0x6D, 0x5B, 0xFF, 0xFF, 0x7E, 0xEF, 0x5D, 0xE7, 0xFF, 0xFF,
    0x72, 0x84, 0xEC, 0x52, 0x8B, 0x4A, 0x09, 0x3A, 0x2D, 0x5B, 0x00, 0x00,
    0xEF, 0x7B, 0x00, 0x00, 0x00, 0x00, 0x00, 0x00, 0x00, 0x00, 0x00, 0x00,
    0x00, 0x00, 0x00, 0x00, 0x00, 0x00, 0x00, 0x00, 0x00, 0x00, 0x00, 0x00,
    0x00, 0x00, 0x00, 0x00, 0x00, 0x00, 0x00, 0x00, 0x00, 0x00, 0x00, 0x00,
    0x00, 0x00, 0x00, 0x00, 0x00, 0x00, 0xAA, 0x52, 0x00, 0x00, 0x8F, 0x6B,
    0x4A, 0x42, 0x6D, 0x5B, 0xFF, 0xFF, 0x7E, 0xEF, 0x5D, 0xEF, 0xFF, 0xFF,
    0xD4, 0x94, 0x2D, 0x5B, 0xCC, 0x52, 0x29, 0x3A, 0x2D, 0x5B, 0x00, 0x00,
    0xEF, 0x7B, 0x00, 0x00, 0x00, 0x00, 0x00, 0x00, 0x00, 0x00, 0x00, 0x00,
    0x00, 0x00, 0x00, 0x00, 0x00, 0x00, 0x00, 0x00, 0x00, 0x00, 0x00, 0x00,
    0x00, 0x00, 0x00, 0x00, 0x00, 0x00, 0x00, 0x00, 0x00, 0x00, 0x00, 0x00,
    0x00, 0x00, 0x00, 0x00, 0x00, 0x00, 0xAA, 0x52, 0x00, 0x00, 0xAF, 0x6B,
    0x4A, 0x42, 0xCD, 0x5A, 0xFF, 0xFF, 0x5D, 0xEF, 0x9E, 0xF7, 0x7E, 0xEF,
    0xFF, 0xFF, 0x00, 0x00, 0x9A, 0xD6, 0x4A, 0x42, 0xEC, 0x52, 0x00, 0x00,
    0xEF, 0x7B, 0x00, 0x00, 0x00, 0x00, 0x00, 0x00, 0x00, 0x00, 0x00, 0x00,
    0x00, 0x00, 0x00, 0x00, 0x00, 0x00, 0x00, 0x00, 0x00, 0x00, 0x00, 0x00,
    0x00, 0x00, 0x00, 0x00, 0x00, 0x00, 0x00, 0x00, 0x00, 0x00, 0x00, 0x00,
    0x00, 0x00, 0x00, 0x00, 0x00, 0x00, 0xAA, 0x52, 0x00, 0x00, 0xAF, 0x6B,
    0x4A, 0x42, 0x6D, 0x5B, 0xFF, 0xFF, 0x7E, 0xEF, 0x9E, 0xEF, 0x7E, 0xEF,
    0xFF, 0xFF, 0x00, 0x00, 0x59, 0xCE, 0x4A, 0x42, 0x0D, 0x5B, 0x00, 0x00,
    0xEF, 0x7B, 0x00, 0x00, 0x00, 0x00, 0x00, 0x00, 0x00, 0x00, 0x00, 0x00,
    0x00, 0x00, 0x00, 0x00, 0xFF, 0x03, 0xFF, 0x07, 0x00, 0x00, 0x00, 0x00,
    0x00, 0x00, 0x00, 0x00, 0x00, 0x00, 0x00, 0x00, 0x00, 0x00, 0x00, 0x00,
    0x00, 0x00, 0x00, 0x00, 0x00, 0x00, 0xAA, 0x52, 0x00, 0x00, 0xAF, 0x6B,
    0x4A, 0x42, 0x6D, 0x5B, 0xFF, 0xFF, 0x7E, 0xEF, 0x5D, 0xE7, 0xFF, 0xFF,
    0x31, 0x7C, 0x8B, 0x42, 0x4A, 0x42, 0x09, 0x3A, 0x6E, 0x63, 0x00, 0x00,
    0xEF, 0x7B, 0x00, 0x00, 0x00, 0x00, 0x00, 0x00, 0x00, 0x00, 0x00, 0x00,
    0xFF, 0x7F, 0xFF, 0x03, 0x00, 0x00, 0x00, 0x00, 0x5F, 0x55, 0x00, 0x00,
    0x00, 0x00, 0x00, 0x00, 0x00, 0x00, 0x00, 0x00, 0x00, 0x00, 0x00, 0x00,
    0x00, 0x00, 0x00, 0x00, 0x00, 0x00, 0xAA, 0x52, 0x00, 0x00, 0xAF, 0x6B,
    0x6A, 0x42, 0x6D, 0x5B, 0xFF, 0xFF, 0x7E, 0xEF, 0x7E, 0xEF, 0xFF, 0xFF,
    0x14, 0x9D, 0x4E, 0x63, 0xEC, 0x52, 0x29, 0x3A, 0x2D, 0x5B, 0x00, 0x00,
    0xEF, 0x7B, 0x00, 0x00, 0x00, 0x00, 0x00, 0x00, 0x00, 0x00, 0x00, 0x00,
    0x00, 0x00, 0x00, 0x00, 0x5F, 0x3D, 0x7F, 0x45, 0x00, 0x00, 0x00, 0x00,
    0x00, 0x00, 0x00, 0x00, 0x00, 0x00, 0x00, 0x00, 0x00, 0x00, 0x00, 0x00,
    0x00, 0x00, 0x00, 0x00, 0x00, 0x00, 0xAA, 0x52, 0x00, 0x00, 0xAF, 0x6B,
    0x6A, 0x42, 0x6D, 0x5B, 0xFF, 0xFF, 0x5E, 0xEF, 0x9E, 0xEF, 0x7E, 0xEF,
    0xFF, 0xFF, 0x00, 0x00, 0x57, 0xAD, 0x4A, 0x42, 0xCC, 0x52, 0x00, 0x00,
    0xEF, 0x7B, 0x00, 0x00, 0x1F, 0x00, 0x00, 0x00, 0x5F, 0x05, 0x00, 0x00,
    0x5F, 0x3D, 0x3F, 0x7E, 0x3F, 0x2D, 0x9F, 0x4D, 0x7F, 0x45, 0x7F, 0x7E,
    0x00, 0x00, 0x1F, 0x00, 0x00, 0x00, 0xFF, 0x07, 0x00, 0x00, 0x00, 0x00,
    0x00, 0x00, 0x00, 0x00, 0x00, 0x00, 0xAA, 0x52, 0x00, 0x00, 0xAF, 0x6B,
    0x6A, 0x42, 0x6D, 0x5B, 0xFF, 0xFF, 0x7E, 0xEF, 0x9E, 0xEF, 0x7E, 0xEF,
    0xFF, 0xFF, 0xFF, 0xFF, 0x96, 0xB5, 0x4A, 0x3A, 0x0D, 0x5B, 0x00, 0x00,
    0xEF, 0x7B, 0x00, 0x00, 0x00, 0x00, 0x00, 0x00, 0x00, 0x00, 0x00, 0x00,
    0x5F, 0x35, 0x3F, 0x2D, 0x1F, 0x25, 0x3F, 0x25, 0x1F, 0x2D, 0x1F, 0xC7,
    0x00, 0x00, 0x00, 0x00, 0xFF, 0x03, 0x00, 0x00, 0x00, 0x00, 0x00, 0x00,
    0x00, 0x00, 0x00, 0x00, 0x00, 0x00, 0xAA, 0x52, 0x00, 0x00, 0xAF, 0x6B,
    0x6A, 0x42, 0x6D, 0x5B, 0xFF, 0xFF, 0x7E, 0xEF, 0x5D, 0xE7, 0xFF, 0xFF,
    0x31, 0x7C, 0xAB, 0x4A, 0x6A, 0x42, 0x09, 0x32, 0x4E, 0x63, 0x00, 0x00,
    0xEF, 0x7B, 0xFF, 0x55, 0x00, 0x00, 0x7F, 0x3D, 0x5F, 0x35, 0xFF, 0xFF,
    0x00, 0x00, 0x7F, 0x3D, 0x3F, 0x15, 0x1F, 0x25, 0x3F, 0xCF, 0x00, 0x00,
    0x7F, 0x45, 0x3F, 0x35, 0x00, 0x00, 0x5F, 0x96, 0x00, 0x00, 0x00, 0x00,
    0x00, 0x00, 0x00, 0x00, 0x00, 0x00, 0xAA, 0x52, 0x00, 0x00, 0xAF, 0x6B,
    0x6A, 0x42, 0x6D, 0x5B, 0xFF, 0xFF, 0x5D, 0xEF, 0x5D, 0xEF, 0xFF, 0xFF,
    0x76, 0xAD, 0x2D, 0x5B, 0xAB, 0x4A, 0x2A, 0x3A, 0x0D, 0x5B, 0x00, 0x00,
    0x00, 0x00, 0x5F, 0x3D, 0x3F, 0x25, 0x5F, 0x35, 0x1F, 0x25, 0x00, 0x00,
    0xFF, 0x03, 0x00, 0x00, 0x3F, 0x2D, 0x9F, 0x4D, 0x1F, 0x00, 0x00, 0x00,
    0x1F, 0x2D, 0x3F, 0x2D, 0x3F, 0x2D, 0x3F, 0x2D, 0x00, 0x00, 0x00, 0x00,
    0x00, 0x00, 0x00, 0x00, 0x00, 0x00, 0xAA, 0x52, 0x00, 0x00, 0x8F, 0x63,
    0x4A, 0x42, 0x6D, 0x5B, 0xFF, 0xFF, 0x7E, 0xEF, 0x9E, 0xEF, 0x7E, 0xEF,
    0xFF, 0xFF, 0x00, 0x00, 0xF3, 0x9C, 0x4A, 0x3A, 0xEC, 0x52, 0x00, 0x00,
    0x55, 0x55, 0xFF, 0xCF, 0x7F, 0x45, 0x3F, 0x1D, 0x3F, 0x15, 0xDF, 0x55,
    0x00, 0x00, 0x00, 0x00, 0x3F, 0x2D, 0x7F, 0x3D, 0x00, 0x00, 0x3F, 0xC6,
    0x1F, 0x1D, 0x5F, 0x15, 0x5F, 0x35, 0xFE, 0x65, 0x00, 0x00, 0x00, 0x00,
    0x00, 0x00, 0x00, 0x00, 0x00, 0x00, 0xAA, 0x52, 0x00, 0x00, 0xAF, 0x6B,
    0x4A, 0x42, 0x6D, 0x5B, 0xFF, 0xFF, 0x7E, 0xEF, 0x9E, 0xEF, 0x7E, 0xEF,
    0xDF, 0xFF, 0xFF, 0xFF, 0x14, 0x9D, 0x4A, 0x3A, 0x0D, 0x53, 0x00, 0x00,
    0x1F, 0x00, 0xBE, 0x5D, 0x5F, 0x2D, 0x1F, 0x25, 0x3F, 0x2D, 0x5F, 0x2D,
    0x5F, 0x2D, 0x5F, 0x96, 0x3F, 0x2D, 0xBF, 0x55, 0x5F, 0x35, 0x5F, 0x25,
    0x3F, 0x25, 0x3F, 0x2D, 0x7F, 0x2D, 0x7F, 0x45, 0x00, 0x00, 0x00, 0x00,
    0x00, 0x00, 0x00, 0x00, 0x00, 0x00, 0xAA, 0x52, 0x00, 0x00, 0xAF, 0x6B,
    0x4A, 0x42, 0x6D, 0x5B, 0xFF, 0xFF, 0x7E, 0xEF, 0x3D, 0xE7, 0xFF, 0xFF,
    0xF0, 0x73, 0x6A, 0x42, 0x4A, 0x3A, 0x09, 0x3A, 0x4E, 0x6B, 0x00, 0x00,
    0xE0, 0xFF, 0xDF, 0x55, 0xBF, 0x3D, 0xBF, 0xB6, 0x00, 0x00, 0xDF, 0x5D,
    0x3F, 0x25, 0x3F, 0x25, 0x1F, 0x1D, 0x1F, 0x25, 0x1F, 0x25, 0x5F, 0x35,
    0x00, 0x00, 0x00, 0x00, 0xDF, 0x4D, 0x9F, 0x45, 0x00, 0x00, 0x00, 0x00,
    0x00, 0x00, 0x00, 0x00, 0x00, 0x00, 0xAA, 0x52, 0x00, 0x00, 0xAF, 0x6B,
    0x6A, 0x42, 0x6D, 0x5B, 0xFF, 0xFF, 0x7E, 0xEF, 0x7E, 0xEF, 0xDF, 0xFF,
    0xB7, 0xAD, 0x4E, 0x63, 0xAB, 0x4A, 0x2A, 0x3A, 0x0D, 0x5B, 0x00, 0x00,
    0xEF, 0x7B, 0x00, 0x00, 0x00, 0x00, 0x00, 0x00, 0x00, 0x00, 0x00, 0x00,
    0x1E, 0x9E, 0x3F, 0x25, 0xFF, 0x0C, 0x3F, 0x1D, 0xBF, 0x4D, 0x00, 0x00,
    0x00, 0x00, 0x00, 0x00, 0x00, 0x00, 0x00, 0x00, 0x00, 0x00, 0x00, 0x00,
    0x00, 0x00, 0x00, 0x00, 0x00, 0x00, 0xAA, 0x52, 0x00, 0x00, 0xAF, 0x6B,
    0x6A, 0x42, 0x6D, 0x5B, 0xFF, 0xFF, 0x7E, 0xEF, 0xBE, 0xF7, 0x7E, 0xEF,
    0xDF, 0xFF, 0x00, 0x00, 0xD3, 0x9C, 0x4A, 0x3A, 0x0D, 0x5B, 0x00, 0x00,
    0x00, 0x00, 0xBF, 0x55, 0x7F, 0x2D, 0x5F, 0x3D, 0xDF, 0x6D, 0x5F, 0x35,
    0x3F, 0x25, 0x5F, 0x35, 0x1F, 0x25, 0x5F, 0x3D, 0x1F, 0x25, 0x5F, 0x2D,
    0x9F, 0x4D, 0x7F, 0x55, 0x7F, 0x2D, 0x7F, 0x3D, 0x00, 0x00, 0x00, 0x00,
    0x00, 0x00, 0x00, 0x00, 0x00, 0x00, 0xAA, 0x52, 0x00, 0x00, 0xAF, 0x6B,
    0x6A, 0x42, 0x6D, 0x5B, 0xFF, 0xFF, 0x7E, 0xEF, 0x7E, 0xEF, 0x7E, 0xEF,
    0x9E, 0xEF, 0xFF, 0xFF, 0x92, 0x8C, 0x4A, 0x3A, 0xEC, 0x52, 0x00, 0x00,
    0xB5, 0x52, 0xFF, 0xBE, 0x7F, 0x3D, 0x3F, 0x1D, 0xFF, 0x14, 0x3F, 0x2D,
    0x7F, 0x45, 0x00, 0x00, 0x3F, 0x2D, 0x9F, 0x4D, 0xFF, 0xFF, 0x5F, 0x35,
    0x1F, 0x1D, 0x3F, 0x15, 0x5F, 0x35, 0xDF, 0x5D, 0x00, 0x00, 0x00, 0x00,
    0x00, 0x00, 0x00, 0x00, 0x00, 0x00, 0xAA, 0x52, 0x00, 0x00, 0xAF, 0x6B,
    0x6A, 0x42, 0x6D, 0x5B, 0xFF, 0xFF, 0x7E, 0xEF, 0x3D, 0xE7, 0xFF, 0xFF,
    0xF0, 0x73, 0xAB, 0x4A, 0x6A, 0x42, 0x09, 0x32, 0x8F, 0x6B, 0x00, 0x00,
    0xFF, 0x07, 0x9F, 0x45, 0x3F, 0x25, 0x3F, 0x25, 0xFF, 0x1C, 0xFF, 0xFF,
    0x00, 0x00, 0x00, 0x00, 0x3F, 0x2D, 0x9F, 0x45, 0x00, 0x00, 0x00, 0x00,
    0x1F, 0x25, 0x5F, 0x1D, 0x3F, 0x2D, 0x5F, 0x35, 0x00, 0x00, 0x00, 0x00,
    0x00, 0x00, 0x00, 0x00, 0x00, 0x00, 0xAA, 0x52, 0x00, 0x00, 0xAF, 0x6B,
    0x6A, 0x42, 0x6D, 0x5B, 0xFF, 0xFF, 0x3D, 0xDF, 0x5E, 0xDF, 0xBF, 0xEF,
    0x19, 0xBE, 0x52, 0x7C, 0x2D, 0x5B, 0x4A, 0x3A, 0x0D, 0x5B, 0x00, 0x00,
    0x00, 0x00, 0x7F, 0x3D, 0x7F, 0x3D, 0x5F, 0x3D, 0x1F, 0x25, 0x1F, 0xF8,
    0x00, 0x00, 0x7D, 0xEF, 0x3F, 0x25, 0x3F, 0x35, 0x00, 0x00, 0x5F, 0x05,
    0x5F, 0x2D, 0x3F, 0x2D, 0xBF, 0x55, 0x7F, 0x3D, 0x00, 0x00, 0x00, 0x00,
    0x00, 0x00, 0x00, 0x00, 0x00, 0x00, 0xAA, 0x52, 0x00, 0x00, 0xAF, 0x6B,
    0x4A, 0x42, 0x2C, 0x53, 0xFF, 0xFF, 0xFD, 0xFF, 0xFE, 0xFF, 0xFE, 0xFF,
    0xFF, 0xFF, 0x00, 0x00, 0x32, 0x7C, 0x4A, 0x42, 0x0D, 0x5B, 0x00, 0x00,
    0xEF, 0x7B, 0x00, 0x00, 0x00, 0x00, 0x5F, 0x35, 0x5F, 0x3D, 0x00, 0x00,
    0x3F, 0x3D, 0x1F, 0x25, 0x1F, 0x15, 0x1F, 0x1D, 0x5F, 0x3D, 0xFF, 0xFF,
    0xDF, 0x55, 0x5F, 0x35, 0x00, 0x00, 0x00, 0x00, 0x00, 0x00, 0x00, 0x00,
    0x00, 0x00, 0x00, 0x00, 0x00, 0x00, 0xAA, 0x52, 0x00, 0x00, 0xAF, 0x6B,
    0x6A, 0x42, 0x69, 0x7A, 0x7F, 0x8E, 0xDF, 0x5D, 0x9F, 0x55, 0xBF, 0x55,
    0xDF, 0x5D, 0xBF, 0x8E, 0xAD, 0x73, 0x4A, 0x3A, 0xEC, 0x52, 0x00, 0x00,
    0xEF, 0x7B, 0xFF, 0x03, 0xFF, 0x3B, 0x00, 0x00, 0x00, 0x00, 0x00, 0x00,
    0x3F, 0x2D, 0x5F, 0x35, 0x3F, 0x2D, 0x7F, 0x35, 0x3F, 0x35, 0x7F, 0x9E,
    0x00, 0x00, 0x00, 0x00, 0xFF, 0x07, 0xFF, 0x03, 0x00, 0x00, 0x00, 0x00,
    0x00, 0x00, 0x00, 0x00, 0x00, 0x00, 0xAA, 0x52, 0x00, 0x00, 0xAF, 0x6B,
    0x6B, 0x42, 0x00, 0x00, 0x5F, 0x35, 0x5F, 0x0D, 0xFF, 0x0C, 0xFF, 0x0C,
    0x5F, 0x0D, 0x5F, 0x2D, 0x20, 0xEB, 0x4A, 0x3A, 0x0D, 0x5B, 0x00, 0x00,
    0xEF, 0x7B, 0x00, 0x00, 0x00, 0x00, 0xFF, 0x03, 0xFF, 0x7F, 0x1F, 0x00,
    0xFF, 0xFF, 0x00, 0x00, 0x3F, 0x2D, 0x9F, 0x4D, 0x00, 0x00, 0x5F, 0x55,
    0xFF, 0x07, 0x5F, 0x55, 0x00, 0x00, 0x00, 0x00, 0x00, 0x00, 0x00, 0x00,
    0x00, 0x00, 0x00, 0x00, 0x00, 0x00, 0xAA, 0x52, 0x00, 0x00, 0x8F, 0x6B,
    0x6A, 0x42, 0x00, 0x00, 0x5F, 0x35, 0x1F, 0x0D, 0xBF, 0x0C, 0xBF, 0x0C,
    0x1F, 0x0D, 0x3F, 0x25, 0x20, 0xEB, 0x4A, 0x3A, 0xEC, 0x52, 0x00, 0x00,
    0xEF, 0x7B, 0x00, 0x00, 0x00, 0x00, 0x00, 0x00, 0x00, 0x00, 0x00, 0x00,
    0x00, 0x00, 0x1F, 0x00, 0xDF, 0x55, 0xDF, 0x55, 0x00, 0x00, 0x00, 0x00,
    0x00, 0x00, 0x00, 0x00, 0x00, 0x00, 0x00, 0x00, 0x00, 0x00, 0x00, 0x00,
    0x00, 0x00, 0x00, 0x00, 0x00, 0x00, 0xAA, 0x52, 0x00, 0x00, 0xAF, 0x6B,
    0x6A, 0x42, 0x00, 0x00, 0x5F, 0x35, 0x1F, 0x0D, 0xBF, 0x0C, 0xBF, 0x0C,
    0x1F, 0x0D, 0x5F, 0x25, 0x20, 0xEB, 0x4A, 0x3A, 0xEC, 0x52, 0x00, 0x00,
    0xEF, 0x7B, 0x00, 0x00, 0x00, 0x00, 0x00, 0x00, 0x00, 0x00, 0x00, 0x00,
    0x00, 0x00, 0x00, 0x00, 0x00, 0x00, 0x00, 0x00, 0x00, 0x00, 0x00, 0x00,
    0x00, 0x00, 0x00, 0x00, 0x00, 0x00, 0x00, 0x00, 0x00, 0x00, 0x00, 0x00,
    0x00, 0x00, 0x00, 0x00, 0x00, 0x00, 0xAA, 0x52, 0x1F, 0x00, 0x8F, 0x63,
    0x6A, 0x42, 0x00, 0x00, 0x5F, 0x35, 0x1F, 0x0D, 0xBF, 0x0C, 0xBF, 0x0C,
    0x1F, 0x0D, 0x3F, 0x25, 0x20, 0xEB, 0x4A, 0x3A, 0xAC, 0x4A, 0xFF, 0x07,
    0xEF, 0x7B, 0x00, 0x00, 0x00, 0x00, 0x00, 0x00, 0x00, 0x00, 0x00, 0x00,
    0x00, 0x00, 0x00, 0x00, 0xFF, 0x7B, 0x1F, 0x00, 0x00, 0x00, 0x00, 0x00,
    0x00, 0x00, 0x00, 0x00, 0x00, 0x00, 0x00, 0x00, 0x00, 0x00, 0x00, 0x00,
    0x00, 0x00, 0x00, 0x00, 0x00, 0x00, 0xE7, 0x39, 0x00, 0x00, 0x11, 0x7C,
    0x6A, 0x42, 0x00, 0xF8, 0x5F, 0x35, 0x1F, 0x0D, 0xBF, 0x0C, 0xBF, 0x0C,
    0x1F, 0x0D, 0x3F, 0x25, 0x22, 0xFB, 0x4A, 0x3A, 0xCF, 0x73, 0x00, 0x00,
    0xB5, 0x52, 0x00, 0x00, 0x00, 0x00, 0x00, 0x00, 0x00, 0x00, 0x00, 0x00,
    0x00, 0x00, 0x00, 0x00, 0x00, 0x00, 0x00, 0x00, 0x00, 0x00, 0x00, 0x00,
    0x00, 0x00, 0x00, 0x00, 0x00, 0x00, 0x00, 0x00, 0x00, 0x00, 0x00, 0x00,
    0x00, 0x00, 0x00, 0x00, 0xEF, 0x7B, 0x00, 0x00, 0x73, 0x8C, 0x6A, 0x42,
    0x6B, 0x42, 0x00, 0x00, 0x3F, 0x3D, 0x1F, 0x0D, 0xBF, 0x0C, 0xBF, 0x0C,
    0x1F, 0x15, 0x1F, 0x25, 0xE0, 0xFB, 0x6B, 0x42, 0x6A, 0x42, 0x55, 0xAD,
    0x00, 0x00, 0xEF, 0x7B, 0x00, 0x00, 0x00, 0x00, 0x00, 0x00, 0x00, 0x00,
    0x00, 0x00, 0x00, 0x00, 0x00, 0x00, 0x00, 0x00, 0x00, 0x00, 0x00, 0x00,
    0x00, 0x00, 0x00, 0x00, 0x00, 0x00, 0x00, 0x00, 0x00, 0x00, 0x00, 0x00,
    0x00, 0x00, 0x00, 0x00, 0x00, 0x00, 0xFF, 0xFF, 0x4A, 0x42, 0x6B, 0x42,
    0x38, 0xC6, 0x00, 0x00, 0x5F, 0x35, 0x1F, 0x0D, 0xBF, 0x0C, 0xBF, 0x0C,
    0x1F, 0x0D, 0x3F, 0x2D, 0x00, 0x00, 0x57, 0xAD, 0x6B, 0x42, 0x6A, 0x42,
    0xFF, 0xFF, 0x0A, 0x00, 0x00, 0x00, 0x00, 0x00, 0x00, 0x00, 0x00, 0x00,
    0x00, 0x00, 0x00, 0x00, 0x00, 0x00, 0x00, 0x00, 0x00, 0x00, 0x00, 0x00,
    0x00, 0x00, 0x00, 0x00, 0x00, 0x00, 0x00, 0x00, 0x00, 0x00, 0x00, 0x00,
    0x00, 0x00, 0x00, 0x00, 0x00, 0x00, 0x8B, 0x4A, 0x4A, 0x3A, 0xFF, 0xFF,
    0xFF, 0x7D, 0x3F, 0x2D, 0xDF, 0x0C, 0x9F, 0x04, 0xBF, 0x0C, 0xDF, 0x0C,
    0xDF, 0x0C, 0x1F, 0x15, 0x5F, 0x2D, 0x7F, 0x8E, 0xFF, 0xFF, 0x6A, 0x42,
    0x8B, 0x4A, 0x00, 0x00, 0xAA, 0x52, 0x00, 0x00, 0x00, 0x00, 0x00, 0x00,
    0x00, 0x00, 0x00, 0x00, 0x00, 0x00, 0x00, 0x00, 0x00, 0x00, 0x00, 0x00,
    0x00, 0x00, 0x00, 0x00, 0x00, 0x00, 0x00, 0x00, 0x00, 0x00, 0x00, 0x00,
    0x00, 0x00, 0x00, 0x00, 0x11, 0x7C, 0x4A, 0x3A, 0x0D, 0x5B, 0xFF, 0xFF,
    0x1F, 0x2D, 0x1F, 0x05, 0x1F, 0x2D, 0xFF, 0x6D, 0x3F, 0x2D, 0xBF, 0x04,
    0xDF, 0x0C, 0xBF, 0x0C, 0x3F, 0x0D, 0x1F, 0x2D, 0x00, 0x00, 0x2E, 0x5B,
    0x4A, 0x42, 0x6E, 0x6B, 0x00, 0x00, 0xEF, 0x7B, 0x00, 0x00, 0x00, 0x00,
    0x00, 0x00, 0x00, 0x00, 0x00, 0x00, 0x00, 0x00, 0x00, 0x00, 0x00, 0x00,
    0x00, 0x00, 0x00, 0x00, 0x00, 0x00, 0x00, 0x00, 0x00, 0x00, 0x00, 0x00,
    0x00, 0x00, 0x00, 0x00, 0x6A, 0x42, 0x6B, 0x42, 0x00, 0x00, 0x3F, 0x3D,
    0x1F, 0x0D, 0x3F, 0x35, 0x5F, 0x8E, 0xBF, 0x5D, 0xFF, 0x14, 0xBF, 0x0C,
    0xDF, 0x0C, 0xDF, 0x0C, 0xBF, 0x0C, 0x3F, 0x15, 0x1F, 0x35, 0x00, 0x00,
    0x6A, 0x42, 0x6B, 0x42, 0x00, 0x00, 0xE7, 0x39, 0x00, 0x00, 0x00, 0x00,
    0x00, 0x00, 0x00, 0x00, 0x00, 0x00, 0x00, 0x00, 0x00, 0x00, 0x00, 0x00,
    0x00, 0x00, 0x00, 0x00, 0x00, 0x00, 0x00, 0x00, 0x00, 0x00, 0x00, 0x00,
    0x00, 0x00, 0x00, 0x00, 0x2A, 0x3A, 0x8B, 0x42, 0x00, 0x00, 0xDF, 0x1C,
    0x1F, 0x0D, 0x3F, 0x86, 0x7F, 0x45, 0x9F, 0x04, 0xBF, 0x0C, 0xDF, 0x0C,
    0xDF, 0x0C, 0xDF, 0x0C, 0xBF, 0x0C, 0xFF, 0x0C, 0xBF, 0x1C, 0x00, 0x00,
    0x6B, 0x42, 0x4A, 0x3A, 0x00, 0x00, 0x00, 0x00, 0x00, 0x00, 0x00, 0x00,
    0x00, 0x00, 0x00, 0x00, 0x00, 0x00, 0x00, 0x00, 0x00, 0x00, 0x00, 0x00,
    0x00, 0x00, 0x00, 0x00, 0x00, 0x00, 0x00, 0x00, 0x00, 0x00, 0x00, 0x00,
    0x00, 0x00, 0x00, 0x00, 0x4A, 0x3A, 0x8A, 0x4A, 0xFF, 0xFF, 0xDF, 0x14,
    0x5F, 0x2D, 0x5F, 0x86, 0xDF, 0x14, 0xBF, 0x0C, 0xBF, 0x0C, 0xBF, 0x0C,
    0xDF, 0x0C, 0xDF, 0x0C, 0xDF, 0x0C, 0xDF, 0x0C, 0x9F, 0x1C, 0xFF, 0xFF,
    0x6A, 0x42, 0x6A, 0x42, 0x00, 0x00, 0x00, 0x00, 0x00, 0x00, 0x00, 0x00,
    0x00, 0x00, 0x00, 0x00, 0x00, 0x00, 0x00, 0x00, 0x00, 0x00, 0x00, 0x00,
    0x00, 0x00, 0x00, 0x00, 0x00, 0x00, 0x00, 0x00, 0x00, 0x00, 0x00, 0x00,
    0x00, 0x00, 0x00, 0x00, 0x4A, 0x42, 0xAB, 0x52, 0xFF, 0xFF, 0xDF, 0x0C,
    0x7F, 0x35, 0x5F, 0x86, 0xDF, 0x0C, 0xBF, 0x0C, 0xDF, 0x0C, 0xDF, 0x0C,
    0xDF, 0x0C, 0xDF, 0x0C, 0xDF, 0x0C, 0xBF, 0x0C, 0x7F, 0x14, 0xFF, 0xFF,
    0x6A, 0x42, 0x6A, 0x42, 0x00, 0x00, 0x00, 0x00, 0x00, 0x00, 0x00, 0x00,
    0x00, 0x00, 0x00, 0x00, 0x00, 0x00, 0x00, 0x00, 0x00, 0x00, 0x00, 0x00,
    0x00, 0x00, 0x00, 0x00, 0x00, 0x00, 0x00, 0x00, 0x00, 0x00, 0x00, 0x00,
    0x00, 0x00, 0x00, 0x00, 0x4A, 0x3A, 0x8B, 0x4A, 0x00, 0x00, 0xFF, 0x1C,
    0x1F, 0x15, 0x5F, 0x35, 0xDF, 0x0C, 0xDF, 0x0C, 0xDF, 0x0C, 0xDF, 0x0C,
    0xDF, 0x0C, 0xBF, 0x0C, 0xDF, 0x0C, 0xBF, 0x0C, 0x9F, 0x1C, 0x00, 0xF8,
    0x8B, 0x42, 0x4A, 0x3A, 0x00, 0x00, 0x00, 0x00, 0x00, 0x00, 0x00, 0x00,
    0x00, 0x00, 0x00, 0x00, 0x00, 0x00, 0x00, 0x00, 0x00, 0x00, 0x00, 0x00,
    0x00, 0x00, 0x00, 0x00, 0x00, 0x00, 0x00, 0x00, 0x00, 0x00, 0x00, 0x00,
    0x00, 0x00, 0x00, 0x00, 0x6B, 0x42, 0x6B, 0x42, 0x00, 0x00, 0x5F, 0x35,
    0x3F, 0x0D, 0xBF, 0x04, 0xDF, 0x0C, 0xDF, 0x0C, 0xDF, 0x0C, 0xDF, 0x0C,
    0xBF, 0x0C, 0xDF, 0x0C, 0x9F, 0x0C, 0xBF, 0x0C, 0xDF, 0x2C, 0x00, 0x00,
    0x6B, 0x42, 0x6A, 0x42, 0x00, 0x00, 0xE7, 0x39, 0x00, 0x00, 0x00, 0x00,
    0x00, 0x00, 0x00, 0x00, 0x00, 0x00, 0x00, 0x00, 0x00, 0x00, 0x00, 0x00,
    0x00, 0x00, 0x00, 0x00, 0x00, 0x00, 0x00, 0x00, 0x00, 0x00, 0x00, 0x00,
    0x00, 0x00, 0x00, 0x00, 0x8F, 0x6B, 0x4A, 0x42, 0x2E, 0x63, 0xBF, 0x9E,
    0x1F, 0x25, 0x1F, 0x0D, 0xDF, 0x0C, 0xDF, 0x0C, 0xDF, 0x0C, 0xDF, 0x0C,
    0xDF, 0x0C, 0xBF, 0x0C, 0x9F, 0x04, 0xBF, 0x24, 0xDF, 0x96, 0x4E, 0x63,
    0x4A, 0x3A, 0x2D, 0x63, 0x00, 0x00, 0xEF, 0x7B, 0x00, 0x00, 0x00, 0x00,
    0x00, 0x00, 0x00, 0x00, 0x00, 0x00, 0x00, 0x00, 0x00, 0x00, 0x00, 0x00,
    0x00, 0x00, 0x00, 0x00, 0x00, 0x00, 0x00, 0x00, 0x00, 0x00, 0x00, 0x00,
    0x00, 0x00, 0x00, 0x00, 0x00, 0x00, 0xAB, 0x4A, 0x6A, 0x42, 0x00, 0x00,
    0x5D, 0x5D, 0x1F, 0x25, 0x1F, 0x0D, 0xDF, 0x0C, 0xDF, 0x0C, 0xBF, 0x0C,
    0x9F, 0x0C, 0xBF, 0x0C, 0xBF, 0x24, 0x7D, 0x65, 0x00, 0x00, 0x6B, 0x42,
    0x8B, 0x42, 0x00, 0x00, 0xAA, 0x52, 0x00, 0x00, 0x00, 0x00, 0x00, 0x00,
    0x00, 0x00, 0x00, 0x00, 0x00, 0x00, 0x00, 0x00, 0x00, 0x00, 0x00, 0x00,
    0x00, 0x00, 0x00, 0x00, 0x00, 0x00, 0x00, 0x00, 0x00, 0x00, 0x00, 0x00,
    0x00, 0x00, 0x00, 0x00, 0x00, 0x00, 0x75, 0xAD, 0x6A, 0x42, 0x8B, 0x42,
    0x00, 0x00, 0xFF, 0xFF, 0x1E, 0x35, 0xBF, 0x24, 0x7F, 0x14, 0x7F, 0x14,
    0x9F, 0x1C, 0xFF, 0x34, 0xFF, 0xFF, 0x00, 0x00, 0x8B, 0x42, 0x4A, 0x42,
    0xD7, 0xAD, 0x00, 0x00, 0xEF, 0x7B, 0x00, 0x00, 0x00, 0x00, 0x00, 0x00,
    0x00, 0x00, 0x00, 0x00, 0x00, 0x00, 0x00, 0x00, 0x00, 0x00, 0x00, 0x00,
    0x00, 0x00, 0x00, 0x00, 0x00, 0x00, 0x00, 0x00, 0x00, 0x00, 0x00, 0x00,
    0x00, 0x00, 0x00, 0x00, 0xEF, 0x7B, 0x00, 0x00, 0x8F, 0x6B, 0x6A, 0x42,
    0x6B, 0x42, 0x2C, 0x5B, 0x00, 0x00, 0x00, 0x00, 0x00, 0x00, 0x00, 0x00,
    0x00, 0x00, 0x00, 0x00, 0x2D, 0x63, 0x6B, 0x42, 0x4A, 0x42, 0xCF, 0x73,
    0x00, 0x00, 0xEF, 0x7B, 0x00, 0x00, 0x00, 0x00, 0x00, 0x00, 0x00, 0x00,
    0x00, 0x00, 0x00, 0x00, 0x00, 0x00, 0x00, 0x00, 0x00, 0x00, 0x00, 0x00,
    0x00, 0x00, 0x00, 0x00, 0x00, 0x00, 0x00, 0x00, 0x00, 0x00, 0x00, 0x00,
    0x00, 0x00, 0x00, 0x00, 0x00, 0x00, 0xEF, 0x7B, 0x00, 0x00, 0x59, 0xB6,
    0xAB, 0x4A, 0x6A, 0x42, 0x8B, 0x42, 0xAC, 0x4A, 0xCC, 0x52, 0xAB, 0x52,
    0xAB, 0x4A, 0x6B, 0x42, 0x6A, 0x42, 0xAB, 0x4A, 0xB6, 0xA5, 0x00, 0x00,
    0xEF, 0x7B, 0x00, 0x00, 0x00, 0x00, 0x00, 0x00, 0x00, 0x00, 0x00, 0x00,
    0x00, 0x00, 0x00, 0x00, 0x00, 0x00, 0x00, 0x00, 0x00, 0x00, 0x00, 0x00,
    0x00, 0x00, 0x00, 0x00, 0x00, 0x00, 0x00, 0x00, 0x00, 0x00, 0x00, 0x00,
    0x00, 0x00, 0x00, 0x00, 0x00, 0x00, 0x00, 0x00, 0xEF, 0x7B, 0x00, 0x00,
    0x00, 0x00, 0xCF, 0x73, 0x8B, 0x4A, 0x6A, 0x42, 0x8B, 0x42, 0x6A, 0x42,
    0x6A, 0x42, 0x8B, 0x4A, 0xAF, 0x73, 0x00, 0x00, 0x00, 0x00, 0xEF, 0x7B,
    0x00, 0x00, 0x00, 0x00, 0x00, 0x00, 0x00, 0x00, 0x00, 0x00, 0x00, 0x00,
    0x00, 0x00, 0x00, 0x00, 0x00, 0x00, 0x00, 0x00, 0x00, 0x00, 0x00, 0x00,
    0x00, 0x00, 0x00, 0x00, 0x00, 0x00, 0x00, 0x00, 0x00, 0x00, 0x00, 0x00,
    0x00, 0x00, 0x00, 0x00, 0x00, 0x00, 0x00, 0x00, 0x00, 0x00, 0x00, 0x00,
    0x00, 0x00, 0x00, 0x00, 0x00, 0x00, 0x00, 0x00, 0x00, 0x00, 0x00, 0x00,
    0x00, 0x00, 0x00, 0x00, 0x00, 0x00, 0x00, 0x00, 0x00, 0x00, 0x00, 0x00,
    0x00, 0x00, 0x00, 0x00, 0x00, 0x00, 0x00, 0x00, 0x00, 0x00, 0x00, 0x00,
    0x00, 0x00, 0x00, 0x00, 0x00, 0x00, 0x00, 0x00, 0x00, 0x00, 0x00, 0x00,
    0x00, 0x00, 0x00, 0x00, 0x00, 0x00, 0x00, 0x00, 0x00, 0x00, 0x00, 0x00,
    0x00, 0x00, 0x00, 0x00, 0x00, 0x00, 0x00, 0x00, 0x00, 0x00, 0x00, 0x00,
    0x00, 0x00, 0x00, 0x00, 0x00, 0x00, 0x00, 0x00, 0x00, 0x00, 0x00, 0x00,
    0x00, 0x00, 0x00, 0x00, 0x00, 0x00, 0x00, 0x00, 0x00, 0x00, 0x00, 0x00,
    0x00, 0x00, 0x00, 0x00, 0x00, 0x00, 0x02, 0x00, 0x4C, 0xC9, 0xF3, 0xF4,
    0xC8, 0x48, 0x00, 0x03, 0x00, 0x00, 0x00, 0x00, 0x00, 0x00, 0x00, 0x00,
    0x00, 0x00, 0x00, 0x00, 0x00, 0x00, 0x00, 0x00, 0x00, 0x00, 0x00, 0x00,
    0x00, 0x00, 0x00, 0x00, 0x00, 0x02, 0x00, 0x8A, 0xFA, 0xA0, 0x57, 0x57,
    0xA1, 0xFA, 0x82, 0x00, 0x02, 0x00, 0x00, 0x00, 0x00, 0x00, 0x00, 0x00,
    0x00, 0x00, 0x00, 0x00, 0x00, 0x00, 0x00, 0x00, 0x00, 0x00, 0x00, 0x00,
    0x00, 0x00, 0x00, 0x00, 0x03, 0x00, 0x67, 0xFF, 0x37, 0x00, 0x00, 0x00,
    0x00, 0x3E, 0xFF, 0x56, 0x00, 0x03, 0x00, 0x00, 0x00, 0x00, 0x00, 0x00,
    0x00, 0x00, 0x00, 0x00, 0x00, 0x00, 0x00, 0x00, 0x00, 0x00, 0x00, 0x00,
    0x00, 0x00, 0x00, 0x01, 0x01, 0x04, 0xEC, 0x73, 0x00, 0x24, 0x3B, 0x3B,
    0x20, 0x00, 0x86, 0xDD, 0x01, 0x01, 0x00, 0x00, 0x00, 0x00, 0x00, 0x00,
    0x00, 0x00, 0x00, 0x00, 0x00, 0x00, 0x00, 0x00, 0x00, 0x00, 0x00, 0x00,
    0x00, 0x00, 0x00, 0x02, 0x00, 0x29, 0xF9, 0x1B, 0x09, 0x41, 0x3B, 0x3C,
    0x40, 0x05, 0x2B, 0xF7, 0x17, 0x00, 0x01, 0x00, 0x00, 0x00, 0x00, 0x00,
    0x00, 0x00, 0x00, 0x00, 0x00, 0x00, 0x00, 0x00, 0x00, 0x00, 0x00, 0x00,
    0x00, 0x00, 0x00, 0x03, 0x00, 0x3D, 0xF5, 0x0E, 0x12, 0x3E, 0x38, 0x38,
    0x40, 0x0F, 0x1F, 0xEE, 0x20, 0x00, 0x02, 0x00, 0x00, 0x00, 0x00, 0x00,
    0x00, 0x00, 0x00, 0x00, 0x00, 0x00, 0x00, 0x00, 0x00, 0x00, 0x00, 0x00,
    0x00, 0x00, 0x00, 0x03, 0x00, 0x3B, 0xF6, 0x0E, 0x11, 0x3E, 0x37, 0x39,
    0x36, 0x00, 0x08, 0xEE, 0x20, 0x00, 0x02, 0x00, 0x00, 0x00, 0x00, 0x00,
    0x00, 0x00, 0x00, 0x00, 0x00, 0x00, 0x00, 0x00, 0x00, 0x00, 0x00, 0x00,
    0x00, 0x00, 0x00, 0x03, 0x00, 0x3B, 0xF6, 0x0E, 0x11, 0x3F, 0x3A, 0x32,
    0x74, 0x99, 0x9C, 0xF4, 0x1E, 0x00, 0x02, 0x00, 0x00, 0x00, 0x00, 0x00,
    0x00, 0x00, 0x00, 0x00, 0x00, 0x00, 0x00, 0x00, 0x00, 0x00, 0x00, 0x00,
    0x00, 0x00, 0x00, 0x03, 0x00, 0x3B, 0xF6, 0x0E, 0x11, 0x3F, 0x3A, 0x31,
    0x7E, 0x9F, 0xA7, 0xF3, 0x1F, 0x00, 0x02, 0x00, 0x00, 0x00, 0x00, 0x00,
    0x00, 0x00, 0x00, 0x00, 0x00, 0x00, 0x00, 0x00, 0x00, 0x00, 0x00, 0x00,
    0x00, 0x00, 0x00, 0x03, 0x00, 0x3B, 0xF6, 0x0E, 0x11, 0x40, 0x38, 0x3A,
    0x36, 0x00, 0x0C, 0xEE, 0x20, 0x00, 0x02, 0x00, 0x00, 0x00, 0x00, 0x00,
    0x00, 0x00, 0x00, 0x00, 0x00, 0x00, 0x00, 0x00, 0x00, 0x00, 0x00, 0x00,
    0x00, 0x00, 0x00, 0x03, 0x00, 0x3B, 0xF6, 0x0E, 0x12, 0x40, 0x3A, 0x3A,
    0x38, 0x00, 0x0C, 0xEE, 0x20, 0x00, 0x02, 0x00, 0x00, 0x00, 0x00, 0x00,
    0x00, 0x00, 0x00, 0x00, 0x00, 0x00, 0x00, 0x00, 0x00, 0x00, 0x00, 0x00,
    0x00, 0x00, 0x00, 0x03, 0x00, 0x3B, 0xF6, 0x0E, 0x11, 0x40, 0x3B, 0x32,
    0x7E, 0xA8, 0xAD, 0xF4, 0x1E, 0x00, 0x02, 0x00, 0x00, 0x00, 0x00, 0x00,
    0x00, 0x00, 0x00, 0x00, 0x00, 0x00, 0x00, 0x00, 0x00, 0x00, 0x00, 0x00,
    0x00, 0x00, 0x00, 0x03, 0x00, 0x3B, 0xF6, 0x0E, 0x11, 0x3F, 0x3A, 0x32,
    0x75, 0x91, 0x98, 0xF3, 0x1E, 0x00, 0x02, 0x00, 0x00, 0x00, 0x00, 0x00,
    0x00, 0x00, 0x00, 0x00, 0x00, 0x00, 0x00, 0x00, 0x00, 0x00, 0x00, 0x00,
    0x00, 0x00, 0x00, 0x03, 0x00, 0x3B, 0xF6, 0x0E, 0x11, 0x40, 0x38, 0x39,
    0x37, 0x00, 0x0B, 0xEE, 0x20, 0x00, 0x02, 0x00, 0x00, 0x00, 0x00, 0x00,
    0x00, 0x00, 0x00, 0x00, 0x00, 0x00, 0x00, 0x00, 0x00, 0x00, 0x00, 0x00,
    0x00, 0x00, 0x00, 0x03, 0x00, 0x3B, 0xF6, 0x0E, 0x11, 0x3F, 0x38, 0x39,
    0x36, 0x00, 0x0E, 0xEF, 0x1F, 0x00, 0x02, 0x00, 0x00, 0x00, 0x00, 0x00,
    0x00, 0x00, 0x02, 0x01, 0x00, 0x00, 0x00, 0x00, 0x00, 0x00, 0x00, 0x00,
    0x00, 0x00, 0x00, 0x03, 0x00, 0x3B, 0xF6, 0x0E, 0x11, 0x3E, 0x3A, 0x30,
    0x82, 0xB3, 0xBA, 0xF5, 0x1E, 0x00, 0x02, 0x00, 0x00, 0x00, 0x00, 0x00,
    0x02, 0x02, 0x00, 0x00, 0x03, 0x00, 0x00, 0x00, 0x00, 0x00, 0x00, 0x00,
    0x00, 0x00, 0x00, 0x03, 0x00, 0x3B, 0xF6, 0x0E, 0x10, 0x3E, 0x39, 0x33,
    0x68, 0x7B, 0x85, 0xF3, 0x1E, 0x00, 0x02, 0x00, 0x00, 0x00, 0x00, 0x00,
    0x00, 0x00, 0x9F, 0x2F, 0x00, 0x01, 0x00, 0x00, 0x00, 0x00, 0x00, 0x00,
    0x00, 0x00, 0x00, 0x03, 0x00, 0x3B, 0xF6, 0x0E, 0x11, 0x3F, 0x38, 0x39,
    0x38, 0x00, 0x0C, 0xEF, 0x1F, 0x00, 0x02, 0x00, 0x01, 0x00, 0x03, 0x00,
    0x46, 0x34, 0xE2, 0x58, 0x56, 0x0A, 0x00, 0x01, 0x00, 0x01, 0x00, 0x00,
    0x00, 0x00, 0x00, 0x03, 0x00, 0x3B, 0xF6, 0x0E, 0x10, 0x3F, 0x39, 0x39,
    0x3A, 0x03, 0x14, 0xEF, 0x1F, 0x00, 0x02, 0x00, 0x00, 0x00, 0x00, 0x00,
    0x6F, 0xFB, 0xE2, 0xEA, 0xC6, 0x09, 0x00, 0x00, 0x02, 0x00, 0x00, 0x00,
    0x00, 0x00, 0x00, 0x03, 0x00, 0x3B, 0xF6, 0x0E, 0x11, 0x3E, 0x3A, 0x30,
    0x8D, 0xC7, 0xCB, 0xF6, 0x1D, 0x00, 0x02, 0x0C, 0x00, 0x5A, 0x8B, 0x01,
    0x00, 0x6D, 0xFF, 0xC0, 0x0A, 0x00, 0x3E, 0xA7, 0x00, 0x0E, 0x00, 0x00,
    0x00, 0x00, 0x00, 0x03, 0x00, 0x3B, 0xF6, 0x0E, 0x10, 0x3F, 0x3A, 0x35,
    0x61, 0x5A, 0x66, 0xF1, 0x1F, 0x00, 0x00, 0x61, 0xD4, 0x9D, 0xDB, 0x00,
    0x04, 0x00, 0xE4, 0x46, 0x01, 0x00, 0x7F, 0xD6, 0xA3, 0xC9, 0x00, 0x00,
    0x00, 0x00, 0x00, 0x03, 0x00, 0x3B, 0xF6, 0x0E, 0x11, 0x3F, 0x38, 0x38,
    0x39, 0x00, 0x0D, 0xEE, 0x20, 0x00, 0x03, 0x05, 0x77, 0xFF, 0xFF, 0x48,
    0x00, 0x00, 0xE4, 0x4E, 0x00, 0x12, 0xD1, 0xFF, 0xBB, 0x1F, 0x00, 0x00,
    0x00, 0x00, 0x00, 0x03, 0x00, 0x3B, 0xF6, 0x0E, 0x10, 0x3F, 0x38, 0x3A,
    0x3C, 0x07, 0x19, 0xEF, 0x1F, 0x00, 0x01, 0x23, 0xD3, 0xD7, 0xAD, 0xF1,
    0xAA, 0x21, 0xDF, 0x4E, 0x68, 0xED, 0xC0, 0xBF, 0xE0, 0x73, 0x00, 0x00,
    0x00, 0x00, 0x00, 0x03, 0x00, 0x3B, 0xF6, 0x0E, 0x10, 0x3E, 0x3C, 0x30,
    0x8E, 0xCB, 0xD0, 0xF5, 0x1D, 0x00, 0x01, 0x0F, 0x44, 0x0D, 0x00, 0x29,
    0xA6, 0xDB, 0xEF, 0xDF, 0xCA, 0x58, 0x00, 0x00, 0x36, 0x2F, 0x00, 0x00,
    0x00, 0x00, 0x00, 0x03, 0x00, 0x3B, 0xF6, 0x0E, 0x11, 0x3F, 0x3A, 0x36,
    0x56, 0x48, 0x54, 0xF1, 0x1F, 0x00, 0x02, 0x00, 0x00, 0x00, 0x00, 0x00,
    0x1E, 0xE2, 0xFF, 0xFF, 0x65, 0x00, 0x00, 0x00, 0x00, 0x00, 0x00, 0x00,
    0x00, 0x00, 0x00, 0x03, 0x00, 0x3B, 0xF6, 0x0E, 0x11, 0x40, 0x38, 0x3A,
    0x3B, 0x00, 0x0F, 0xEF, 0x1F, 0x00, 0x00, 0x26, 0xB6, 0x5C, 0x29, 0x99,
    0xF6, 0x9B, 0xE3, 0x9C, 0xDD, 0xCF, 0x3D, 0x3C, 0xA0, 0x73, 0x00, 0x00,
    0x00, 0x00, 0x00, 0x03, 0x00, 0x3B, 0xF6, 0x0E, 0x11, 0x3E, 0x39, 0x3A,
    0x3D, 0x10, 0x23, 0xF0, 0x20, 0x00, 0x03, 0x08, 0x85, 0xFF, 0xFE, 0xC4,
    0x32, 0x00, 0xE3, 0x40, 0x07, 0x88, 0xF4, 0xFF, 0xC2, 0x28, 0x00, 0x00,
    0x00, 0x00, 0x00, 0x03, 0x00, 0x3B, 0xF6, 0x0E, 0x10, 0x3E, 0x3C, 0x2D,
    0x91, 0xDA, 0xDD, 0xF6, 0x1D, 0x00, 0x01, 0x37, 0xC5, 0xDC, 0xE9, 0x05,
    0x00, 0x00, 0xE1, 0x4B, 0x00, 0x00, 0x9B, 0xE9, 0xD5, 0x80, 0x00, 0x00,
    0x00, 0x00, 0x00, 0x03, 0x00, 0x3B, 0xF6, 0x0E, 0x12, 0x42, 0x3B, 0x39,
    0x54, 0x3C, 0x48, 0xF0, 0x1F, 0x00, 0x00, 0x49, 0x72, 0x7A, 0xCF, 0x01,
    0x00, 0x10, 0xF1, 0x65, 0x00, 0x03, 0x68, 0xD3, 0x3D, 0x8B, 0x00, 0x00,
    0x00, 0x00, 0x00, 0x03, 0x00, 0x3B, 0xF6, 0x0F, 0x0C, 0x31, 0x29, 0x29,
    0x2D, 0x00, 0x13, 0xEE, 0x1F, 0x00, 0x02, 0x00, 0x00, 0x2F, 0x39, 0x00,
    0x1F, 0xD7, 0xFE, 0xFB, 0x5F, 0x01, 0x16, 0x4B, 0x00, 0x00, 0x00, 0x00,
    0x00, 0x00, 0x00, 0x03, 0x00, 0x3B, 0xF7, 0x0A, 0x29, 0x9E, 0x9C, 0x9D,
    0x9D, 0x20, 0x1A, 0xF0, 0x20, 0x00, 0x02, 0x02, 0x04, 0x00, 0x00, 0x00,
    0x85, 0xAA, 0xD2, 0x99, 0xC6, 0x0F, 0x00, 0x00, 0x02, 0x04, 0x00, 0x00,
    0x00, 0x00, 0x00, 0x03, 0x00, 0x3B, 0xF9, 0x00, 0x71, 0xFF, 0xFF, 0xFF,
    0xFF, 0x5A, 0x0F, 0xF2, 0x1F, 0x00, 0x02, 0x00, 0x00, 0x02, 0x02, 0x01,
    0x04, 0x00, 0xE2, 0x44, 0x00, 0x03, 0x01, 0x03, 0x00, 0x00, 0x00, 0x00,
    0x00, 0x00, 0x00, 0x03, 0x00, 0x3B, 0xF9, 0x00, 0x6F, 0xFC, 0xF8, 0xF8,
    0xFC, 0x57, 0x0F, 0xF2, 0x20, 0x00, 0x02, 0x00, 0x00, 0x00, 0x00, 0x00,
    0x00, 0x01, 0x2C, 0x0F, 0x00, 0x00, 0x00, 0x00, 0x00, 0x00, 0x00, 0x00,
    0x00, 0x00, 0x00, 0x03, 0x00, 0x3B, 0xF9, 0x00, 0x6E, 0xFF, 0xFB, 0xFB,
    0xFF, 0x58, 0x0F, 0xF2, 0x20, 0x00, 0x02, 0x00, 0x00, 0x00, 0x00, 0x00,
    0x00, 0x00, 0x00, 0x00, 0x00, 0x00, 0x00, 0x00, 0x00, 0x00, 0x00, 0x00,
    0x00, 0x00, 0x00, 0x03, 0x01, 0x3B, 0xF7, 0x00, 0x6F, 0xFF, 0xFB, 0xFB,
    0xFF, 0x57, 0x0F, 0xF0, 0x20, 0x01, 0x02, 0x00, 0x00, 0x00, 0x00, 0x00,
    0x00, 0x00, 0x02, 0x01, 0x00, 0x00, 0x00, 0x00, 0x00, 0x00, 0x00, 0x00,
    0x00, 0x00, 0x00, 0x04, 0x00, 0x35, 0xFF, 0x01, 0x70, 0xFF, 0xFB, 0xFB,
    0xFF, 0x59, 0x0F, 0xFB, 0x1B, 0x00, 0x03, 0x00, 0x00, 0x00, 0x00, 0x00,
    0x00, 0x00, 0x00, 0x00, 0x00, 0x00, 0x00, 0x00, 0x00, 0x00, 0x00, 0x00,
    0x00, 0x00, 0x02, 0x00, 0x14, 0xD4, 0xDB, 0x00, 0x6D, 0xFF, 0xFB, 0xFB,
    0xFF, 0x55, 0x04, 0xDF, 0xCD, 0x12, 0x00, 0x02, 0x00, 0x00, 0x00, 0x00,
    0x00, 0x00, 0x00, 0x00, 0x00, 0x00, 0x00, 0x00, 0x00, 0x00, 0x00, 0x00,
    0x00, 0x00, 0x03, 0x08, 0xD8, 0xC6, 0x0D, 0x00, 0x99, 0xFF, 0xFC, 0xFC,
    0xFF, 0x86, 0x00, 0x0F, 0xC8, 0xD5, 0x07, 0x03, 0x01, 0x00, 0x00, 0x00,
    0x00, 0x00, 0x00, 0x00, 0x00, 0x00, 0x00, 0x00, 0x00, 0x00, 0x00, 0x00,
    0x00, 0x00, 0x00, 0x9A, 0xE7, 0x04, 0x17, 0xBC, 0xFF, 0xFD, 0xFF, 0xFF,
    0xFD, 0xFF, 0xB6, 0x10, 0x06, 0xE9, 0x98, 0x00, 0x03, 0x00, 0x00, 0x00,
    0x00, 0x00, 0x00, 0x00, 0x00, 0x00, 0x00, 0x00, 0x00, 0x00, 0x00, 0x00,
    0x00, 0x00, 0x23, 0xFF, 0x3E, 0x04, 0xD1, 0xFF, 0xFC, 0xFF, 0xFF, 0xFF,
    0xFF, 0xFC, 0xFF, 0xC5, 0x00, 0x43, 0xFF, 0x1E, 0x00, 0x02, 0x00, 0x00,
    0x00, 0x00, 0x00, 0x00, 0x00, 0x00, 0x00, 0x00, 0x00, 0x00, 0x00, 0x00,
    0x00, 0x00, 0x8C, 0xDA, 0x00, 0x71, 0xFF, 0xF9, 0xFF, 0xFF, 0xFF, 0xFF,
    0xFF, 0xFF, 0xF9, 0xFF, 0x64, 0x00, 0xDE, 0x7F, 0x00, 0x04, 0x00, 0x00,
    0x00, 0x00, 0x00, 0x00, 0x00, 0x00, 0x00, 0x00, 0x00, 0x00, 0x00, 0x00,
    0x00, 0x00, 0xD4, 0x8F, 0x00, 0xD2, 0xFD, 0xFD, 0xFF, 0xFF, 0xFF, 0xFF,
    0xFF, 0xFF, 0xFC, 0xFD, 0xCA, 0x01, 0x94, 0xC3, 0x00, 0x03, 0x00, 0x00,
    0x00, 0x00, 0x00, 0x00, 0x00, 0x00, 0x00, 0x00, 0x00, 0x00, 0x00, 0x00,
    0x00, 0x00, 0xED, 0x61, 0x06, 0xF5, 0xFF, 0xFE, 0xFF, 0xFF, 0xFF, 0xFF,
    0xFF, 0xFF, 0xFE, 0xFF, 0xED, 0x01, 0x68, 0xE1, 0x00, 0x00, 0x00, 0x00,
    0x00, 0x00, 0x00, 0x00, 0x00, 0x00, 0x00, 0x00, 0x00, 0x00, 0x00, 0x00,
    0x00, 0x00, 0xEE, 0x62, 0x07, 0xF6, 0xFF, 0xFE, 0xFF, 0xFF, 0xFF, 0xFF,
    0xFF, 0xFF, 0xFE, 0xFF, 0xF0, 0x01, 0x64, 0xE2, 0x00, 0x00, 0x00, 0x00,
    0x00, 0x00, 0x00, 0x00, 0x00, 0x00, 0x00, 0x00, 0x00, 0x00, 0x00, 0x00,
    0x00, 0x00, 0xD5, 0x8C, 0x00, 0xDB, 0xFE, 0xFD, 0xFF, 0xFF, 0xFF, 0xFF,
    0xFF, 0xFF, 0xFC, 0xFE, 0xD2, 0x01, 0x8E, 0xC8, 0x00, 0x03, 0x00, 0x00,
    0x00, 0x00, 0x00, 0x00, 0x00, 0x00, 0x00, 0x00, 0x00, 0x00, 0x00, 0x00,
    0x00, 0x00, 0x93, 0xD6, 0x00, 0x84, 0xFF, 0xFA, 0xFF, 0xFF, 0xFF, 0xFF,
    0xFF, 0xFF, 0xFA, 0xFF, 0x74, 0x00, 0xD8, 0x89, 0x00, 0x04, 0x00, 0x00,
    0x00, 0x00, 0x00, 0x00, 0x00, 0x00, 0x00, 0x00, 0x00, 0x00, 0x00, 0x00,
    0x00, 0x00, 0x2A, 0xFF, 0x32, 0x0D, 0xE2, 0xFF, 0xF9, 0xFD, 0xFE, 0xFE,
    0xFD, 0xF9, 0xFF, 0xDA, 0x07, 0x34, 0xFF, 0x25, 0x00, 0x02, 0x00, 0x00,
    0x00, 0x00, 0x00, 0x00, 0x00, 0x00, 0x00, 0x00, 0x00, 0x00, 0x00, 0x00,
    0x00, 0x00, 0x00, 0xA6, 0xDF, 0x00, 0x2B, 0xDE, 0xFF, 0xFF, 0xFF, 0xFF,
    0xFF, 0xFF, 0xD9, 0x26, 0x00, 0xDE, 0xA7, 0x00, 0x03, 0x00, 0x00, 0x00,
    0x00, 0x00, 0x00, 0x00, 0x00, 0x00, 0x00, 0x00, 0x00, 0x00, 0x00, 0x00,
    0x00, 0x00, 0x02, 0x10, 0xE5, 0xB4, 0x00, 0x07, 0x81, 0xD4, 0xED, 0xED,
    0xD2, 0x7D, 0x03, 0x00, 0xAF, 0xE5, 0x0F, 0x02, 0x02, 0x00, 0x00, 0x00,
    0x00, 0x00, 0x00, 0x00, 0x00, 0x00, 0x00, 0x00, 0x00, 0x00, 0x00, 0x00,
    0x00, 0x00, 0x02, 0x00, 0x1F, 0xE2, 0xD4, 0x35, 0x00, 0x00, 0x00, 0x00,
    0x00, 0x00, 0x35, 0xD2, 0xE1, 0x1F, 0x00, 0x02, 0x00, 0x00, 0x00, 0x00,
    0x00, 0x00, 0x00, 0x00, 0x00, 0x00, 0x00, 0x00, 0x00, 0x00, 0x00, 0x00,
    0x00, 0x00, 0x00, 0x02, 0x00, 0x0E, 0xA5, 0xF9, 0xD0, 0x8A, 0x63, 0x64,
    0x8B, 0xD0, 0xFA, 0xA5, 0x0E, 0x00, 0x02, 0x00, 0x00, 0x00, 0x00, 0x00,
    0x00, 0x00, 0x00, 0x00, 0x00, 0x00, 0x00, 0x00, 0x00, 0x00, 0x00, 0x00,
    0x00, 0x00, 0x00, 0x00, 0x02, 0x00, 0x00, 0x30, 0x95, 0xD6, 0xF5, 0xF4,
    0xD5, 0x95, 0x31, 0x00, 0x00, 0x02, 0x00, 0x00, 0x00, 0x00, 0x00, 0x00,
    0x00, 0x00, 0x00, 0x00, 0x00, 0x00, 0x00, 0x00, 0x00, 0x00, 0x00, 0x00,
    0x00, 0x00, 0x00, 0x00, 0x00, 0x00, 0x00, 0x00, 0x00, 0x00, 0x00, 0x00,
    0x00, 0x00, 0x00, 0x00, 0x00, 0x00, 0x00, 0x00, 0x00, 0x00, 0x00, 0x00,
    0x00, 0x00, 0x00, 0x00, 0x00, 0x00, 0x00, 0x00, 0x00, 0x00, 0x00, 0x00,
};

const lv_image_dsc_t kKeezerTemperature = {
    {LV_IMAGE_HEADER_MAGIC, LV_COLOR_FORMAT_RGB565A8, 0, 36, 54, 72, 0},
    sizeof(kKeezerTemperatureMap),
    kKeezerTemperatureMap,
    nullptr,
    nullptr,
};

alignas(4) const std::uint8_t kKegSmallMap[] = {
    0x00, 0x00, 0x00, 0x00, 0x00, 0x00, 0x00, 0x00, 0x00, 0x00, 0x00, 0x00,
    0x00, 0x00, 0x00, 0x00, 0x00, 0x00, 0x00, 0x00, 0x00, 0x00, 0x00, 0x00,
    0x00, 0x00, 0x00, 0x00, 0x00, 0x00, 0x00, 0x00, 0x00, 0x00, 0x00, 0x00,
    0x00, 0x00, 0x00, 0x00, 0x00, 0x00, 0x00, 0x00, 0x00, 0x00, 0x00, 0x00,
    0x00, 0x00, 0x00, 0x00, 0x00, 0x00, 0x00, 0x00, 0x00, 0x00, 0x00, 0x00,
    0x00, 0x00, 0x00, 0x00, 0x00, 0x00, 0x00, 0x00, 0x00, 0x00, 0x00, 0x00,
    0x00, 0x00, 0x00, 0x00, 0x00, 0x00, 0x00, 0x00, 0x00, 0x00, 0x00, 0x00,
    0x00, 0x00, 0x00, 0x00, 0x00, 0x00, 0x00, 0x00, 0x00, 0x00, 0x00, 0x00,
    0x00, 0x00, 0x00, 0x00, 0x00, 0x00, 0x00, 0x00, 0x00, 0x00, 0x00, 0x00,
    0x00, 0x00, 0x00, 0x00, 0x00, 0x00, 0x00, 0x00, 0x00, 0x00, 0x00, 0x00,
    0x00, 0x00, 0x00, 0x00, 0x00, 0x00, 0x00, 0x00, 0x00, 0x00, 0x00, 0x00,
    0x00, 0x00, 0x00, 0x00, 0x00, 0x00, 0x00, 0x00, 0x00, 0x00, 0x00, 0x00,
    0x00, 0x00, 0x00, 0x00, 0x00, 0x00, 0x00, 0x00, 0x00, 0x00, 0x00, 0x00,
    0x00, 0x00, 0x00, 0x00, 0x00, 0x00, 0x00, 0x00, 0x00, 0x00, 0x00, 0x00,
    0x00, 0x00, 0x00, 0x00, 0x00, 0x00, 0x00, 0x00, 0x00, 0x00, 0x00, 0x00,
    0x00, 0x00, 0x00, 0x00, 0x00, 0x00, 0x00, 0x00, 0x00, 0x00, 0x00, 0x00,
    0x00, 0x00, 0x00, 0x00, 0x00, 0x00, 0x00, 0x00, 0x00, 0x00, 0x00, 0x00,
    0x00, 0x00, 0x00, 0x00, 0x00, 0x00, 0x00, 0x00, 0x00, 0x00, 0x00, 0x00,
    0x00, 0x00, 0x85, 0x00, 0x85, 0x00, 0xA6, 0x00, 0xA7, 0x00, 0xC7, 0x00,
    0xE8, 0x00, 0x09, 0x01, 0x29, 0x01, 0x0A, 0x01, 0xEA, 0x00, 0xC9, 0x00,
    0xA9, 0x00, 0xCA, 0x00, 0xCA, 0x00, 0xEB, 0x00, 0x0C, 0x01, 0x2C, 0x01,
    0x2C, 0x01, 0x2C, 0x01, 0x0B, 0x01, 0xCA, 0x00, 0xA9, 0x00, 0xA9, 0x00,
    0xA9, 0x00, 0xC9, 0x00, 0xE9, 0x00, 0xE9, 0x00, 0x09, 0x01, 0xE8, 0x00,
    0xC7, 0x00, 0xA6, 0x00, 0xA6, 0x00, 0x85, 0x00, 0x85, 0x00, 0x00, 0x00,
    0x00, 0x00, 0x85, 0x00, 0xA6, 0x00, 0xA7, 0x00, 0xE8, 0x00, 0xE8, 0x00,
    0xA8, 0x00, 0x67, 0x00, 0xC9, 0x00, 0x6B, 0x09, 0x2E, 0x22, 0xF0, 0x42,
    0xB2, 0x63, 0x75, 0x7C, 0x17, 0x95, 0x78, 0x9D, 0x98, 0xA5, 0x98, 0xA5,
    0x78, 0xA5, 0x78, 0x9D, 0x57, 0x9D, 0x37, 0x95, 0xD6, 0x8C, 0x34, 0x74,
    0x51, 0x53, 0x8E, 0x32, 0xAB, 0x11, 0xC9, 0x00, 0x47, 0x00, 0x67, 0x00,
    0xC8, 0x00, 0xE7, 0x00, 0xA6, 0x00, 0x86, 0x00, 0x85, 0x00, 0x00, 0x00,
    0x00, 0x00, 0x86, 0x00, 0xA6, 0x00, 0xE8, 0x00, 0x67, 0x00, 0x47, 0x00,
    0x2D, 0x2A, 0x13, 0x74, 0xF5, 0x94, 0x76, 0xA5, 0xD8, 0xB5, 0x39, 0xC6,
    0xFB, 0xDE, 0x5C, 0xEF, 0xBA, 0xD6, 0x55, 0xAD, 0xB3, 0x94, 0x14, 0x9D,
    0x14, 0x9D, 0xD3, 0x8C, 0xD4, 0x8C, 0x76, 0xAD, 0x9A, 0xD6, 0x3C, 0xEF,
    0x7D, 0xEF, 0xFC, 0xE6, 0x39, 0xC6, 0x97, 0xAD, 0xD5, 0x8C, 0x10, 0x53,
    0xA8, 0x00, 0x26, 0x00, 0xC7, 0x00, 0xA6, 0x00, 0x86, 0x00, 0x00, 0x00,
    0x00, 0x00, 0xA6, 0x00, 0xE7, 0x00, 0x26, 0x00, 0xAE, 0x42, 0xB8, 0xAD,
    0x18, 0xBE, 0xF4, 0x9C, 0xCF, 0x73, 0xCB, 0x52, 0xCB, 0x52, 0xAF, 0x73,
    0x14, 0xA5, 0xB6, 0xB5, 0xD3, 0x94, 0x2C, 0x6B, 0x85, 0x39, 0x00, 0x00,
    0x00, 0x00, 0xE2, 0x30, 0xA6, 0x39, 0x49, 0x4A, 0x2D, 0x63, 0x92, 0x94,
    0x14, 0xA5, 0x51, 0x8C, 0x2D, 0x63, 0x6E, 0x6B, 0x72, 0x8C, 0x96, 0xB5,
    0xF8, 0xBD, 0x70, 0x5B, 0x25, 0x00, 0xA7, 0x00, 0xA6, 0x00, 0x00, 0x00,
    0x00, 0x00, 0xE7, 0x00, 0x25, 0x00, 0x33, 0x7C, 0x1C, 0xDF, 0x75, 0xAD,
    0x28, 0x42, 0xE4, 0x18, 0x25, 0x21, 0xE7, 0x39, 0x0C, 0x5B, 0xB2, 0x94,
    0x38, 0xC6, 0xFB, 0xDE, 0x95, 0xBD, 0x13, 0x5C, 0x16, 0x24, 0xDB, 0x0C,
    0xFA, 0x24, 0x76, 0x34, 0xD2, 0x43, 0xEF, 0x7B, 0xF3, 0x9C, 0xB6, 0xB5,
    0xD7, 0xBD, 0x51, 0x8C, 0x69, 0x4A, 0x04, 0x21, 0x00, 0x00, 0xE4, 0x18,
    0x10, 0x7C, 0xDB, 0xDE, 0xB4, 0x8C, 0x25, 0x00, 0xC7, 0x00, 0x00, 0x00,
    0x00, 0x00, 0x46, 0x00, 0xEB, 0x29, 0x5D, 0xEF, 0x35, 0xA5, 0x00, 0x00,
    0x24, 0x21, 0xC7, 0x39, 0xC7, 0x39, 0xA7, 0x31, 0x8A, 0x4A, 0xCF, 0x7B,
    0x35, 0xA5, 0x74, 0xBD, 0xD5, 0x23, 0xBF, 0x04, 0x5F, 0x04, 0xBF, 0x04,
    0xFF, 0x04, 0xFF, 0x04, 0x1F, 0x05, 0xDC, 0x03, 0x4F, 0x94, 0x55, 0xAD,
    0x14, 0xA5, 0xCF, 0x7B, 0x29, 0x42, 0x65, 0x29, 0x86, 0x31, 0xA6, 0x31,
    0x00, 0x00, 0xD3, 0x94, 0x5D, 0xE7, 0x4C, 0x32, 0x45, 0x00, 0x00, 0x00,
    0x00, 0x00, 0x05, 0x00, 0xEF, 0x4A, 0x9E, 0xF7, 0xDB, 0xD6, 0x00, 0x00,
    0x00, 0x00, 0x86, 0x31, 0x49, 0x4A, 0x2D, 0x63, 0xEF, 0x7B, 0xD3, 0x9C,
    0xD7, 0xBD, 0x38, 0xCE, 0x17, 0x13, 0xFD, 0x03, 0x7F, 0x0C, 0x5F, 0x04,
    0xFE, 0x03, 0xBC, 0x03, 0x19, 0x03, 0xD2, 0x01, 0xF6, 0xC5, 0x9A, 0xD6,
    0x18, 0xC6, 0x34, 0xA5, 0xCF, 0x7B, 0xCB, 0x52, 0x24, 0x21, 0x62, 0x08,
    0x00, 0x00, 0xDF, 0xF7, 0x5D, 0xE7, 0xEF, 0x4A, 0x05, 0x00, 0x00, 0x00,
    0x00, 0x00, 0x46, 0x00, 0x8D, 0x3A, 0x59, 0xC6, 0x59, 0xC6, 0x3C, 0xE7,
    0xD7, 0xBD, 0x10, 0x84, 0x4D, 0x6B, 0xCB, 0x52, 0x2C, 0x63, 0x30, 0x84,
    0xD7, 0xBD, 0x1C, 0xE7, 0xF2, 0xB4, 0xF2, 0x21, 0xB8, 0x2B, 0xF8, 0x12,
    0x15, 0x0A, 0x90, 0x09, 0x89, 0x10, 0x29, 0xCC, 0x38, 0xC6, 0x3C, 0xE7,
    0xBA, 0xD6, 0x75, 0xAD, 0x10, 0x84, 0x4D, 0x6B, 0x8E, 0x73, 0xF4, 0xA4,
    0xBB, 0xD6, 0x39, 0xC6, 0x59, 0xC6, 0x8D, 0x42, 0x46, 0x00, 0x00, 0x00,
    0x00, 0x00, 0x46, 0x00, 0xEE, 0x42, 0x96, 0xAD, 0x49, 0x42, 0x55, 0xA5,
    0x18, 0xBE, 0x59, 0xCE, 0xF3, 0x9C, 0x4D, 0x6B, 0x8E, 0x6B, 0x92, 0x8C,
    0xD7, 0xB5, 0xEC, 0x5A, 0x00, 0x00, 0x00, 0x00, 0x00, 0x00, 0x00, 0x00,
    0x00, 0x00, 0x00, 0x00, 0x00, 0x00, 0x00, 0x00, 0x04, 0x19, 0x38, 0xC6,
    0x59, 0xCE, 0x34, 0xA5, 0x31, 0x84, 0x71, 0x8C, 0xF8, 0xBD, 0xF8, 0xBD,
    0x35, 0xA5, 0x49, 0x42, 0xB7, 0xB5, 0xAE, 0x42, 0x46, 0x00, 0x00, 0x00,
    0x00, 0x00, 0x46, 0x00, 0xCE, 0x42, 0xD7, 0xB5, 0xA7, 0x31, 0x00, 0x00,
    0x29, 0x42, 0x31, 0x84, 0x18, 0xBE, 0x3D, 0xE7, 0x1C, 0xE7, 0xBA, 0xD6,
    0x9A, 0xCE, 0x96, 0xAD, 0x18, 0xC6, 0xFC, 0xDE, 0x39, 0xC6, 0xDB, 0xD6,
    0x1C, 0xDF, 0x7A, 0xCE, 0xBA, 0xD6, 0xBA, 0xD6, 0xF8, 0xBD, 0x39, 0xC6,
    0x9A, 0xD6, 0xDB, 0xDE, 0xFB, 0xDE, 0xD7, 0xB5, 0xAF, 0x73, 0x65, 0x21,
    0x00, 0x00, 0xE8, 0x39, 0xF7, 0xBD, 0x8E, 0x3A, 0x66, 0x00, 0x00, 0x00,
    0x00, 0x00, 0x46, 0x00, 0xAE, 0x42, 0xF7, 0xBD, 0xA7, 0x31, 0xEF, 0x7B,
    0xC3, 0x10, 0x04, 0x19, 0xCB, 0x52, 0x96, 0xB5, 0x9E, 0xF7, 0xFF, 0xFF,
    0xBE, 0xF7, 0x7D, 0xEF, 0xBA, 0xD6, 0xB7, 0xB5, 0xF4, 0x9C, 0x35, 0xA5,
    0x96, 0xAD, 0x96, 0xB5, 0x14, 0x9D, 0x10, 0x84, 0xD3, 0x94, 0x59, 0xC6,
    0x7D, 0xEF, 0x7D, 0xEF, 0x96, 0xB5, 0xEC, 0x5A, 0x45, 0x21, 0x00, 0x00,
    0xAA, 0x4A, 0x08, 0x3A, 0xF7, 0xBD, 0x8D, 0x3A, 0x67, 0x00, 0x00, 0x00,
    0x00, 0x00, 0x66, 0x00, 0x8D, 0x3A, 0x7A, 0xCE, 0x8A, 0x52, 0x49, 0x4A,
    0x26, 0x21, 0xC7, 0x31, 0x0C, 0x5B, 0x76, 0xAD, 0x7D, 0xEF, 0xFF, 0xFF,
    0xFF, 0xFF, 0xDB, 0xD6, 0xB3, 0x94, 0xEC, 0x52, 0x86, 0x29, 0x00, 0x00,
    0x00, 0x00, 0x00, 0x00, 0x00, 0x00, 0x25, 0x21, 0xEC, 0x5A, 0x76, 0xAD,
    0x5D, 0xEF, 0x5D, 0xEF, 0x76, 0xAD, 0x0C, 0x5B, 0xA7, 0x31, 0x45, 0x29,
    0x86, 0x29, 0x69, 0x4A, 0x18, 0xC6, 0x6D, 0x3A, 0x87, 0x00, 0x00, 0x00,
    0x00, 0x00, 0x87, 0x00, 0x2C, 0x2A, 0x96, 0xAD, 0x49, 0x42, 0x00, 0x00,
    0x26, 0x21, 0x86, 0x29, 0xCB, 0x52, 0x55, 0xAD, 0x7D, 0xEF, 0xBE, 0xF7,
    0x59, 0xCE, 0xF8, 0xBD, 0x55, 0xA5, 0x4D, 0x63, 0x49, 0x42, 0xA7, 0x31,
    0x28, 0x42, 0x8E, 0x73, 0x66, 0x29, 0xE8, 0x39, 0x2D, 0x63, 0x76, 0xAD,
    0x5D, 0xEF, 0x5D, 0xEF, 0x55, 0xAD, 0xEC, 0x5A, 0xA7, 0x31, 0x24, 0x21,
    0x00, 0x00, 0x6A, 0x4A, 0x76, 0xAD, 0x0C, 0x2A, 0x87, 0x00, 0x00, 0x00,
    0x00, 0x00, 0x87, 0x00, 0x0C, 0x2A, 0x96, 0xAD, 0xAA, 0x52, 0x00, 0x00,
    0xC7, 0x39, 0x86, 0x29, 0xCB, 0x52, 0x55, 0xA5, 0x7D, 0xEF, 0x7D, 0xEF,
    0x00, 0x00, 0xF3, 0x9C, 0x35, 0xA5, 0x2D, 0x63, 0x29, 0x3A, 0x65, 0x21,
    0x24, 0x21, 0x00, 0x00, 0x8A, 0x4A, 0x00, 0x00, 0xF0, 0x7B, 0x96, 0xAD,
    0x5D, 0xEF, 0x3C, 0xE7, 0x34, 0xA5, 0xCB, 0x52, 0xA6, 0x31, 0xEF, 0x7B,
    0x00, 0x00, 0x6A, 0x4A, 0x76, 0xAD, 0x0C, 0x22, 0xA7, 0x00, 0x00, 0x00,
    0x00, 0x00, 0x86, 0x00, 0xCB, 0x21, 0x38, 0xC6, 0x6E, 0x6B, 0x8A, 0x4A,
    0x65, 0x21, 0x45, 0x21, 0x8A, 0x4A, 0x55, 0xAD, 0x7D, 0xEF, 0xFF, 0xFF,
    0x1C, 0xE7, 0x59, 0xCE, 0xF3, 0x9C, 0x4D, 0x63, 0x08, 0x3A, 0x45, 0x21,
    0x65, 0x29, 0xC3, 0x18, 0x49, 0x42, 0x31, 0x84, 0xF0, 0x7B, 0x75, 0xAD,
    0x5D, 0xEF, 0x5D, 0xEF, 0x35, 0xA5, 0xAB, 0x52, 0x45, 0x21, 0x26, 0x21,
    0x08, 0x3A, 0x8E, 0x73, 0x18, 0xBE, 0xAA, 0x19, 0xA7, 0x00, 0x00, 0x00,
    0x00, 0x00, 0x86, 0x00, 0xCB, 0x21, 0xD8, 0xB5, 0x8A, 0x4A, 0x8E, 0x6B,
    0xAF, 0x73, 0x6E, 0x6B, 0xAE, 0x6B, 0x14, 0x9D, 0x9A, 0xD6, 0x5D, 0xEF,
    0x7D, 0xEF, 0x7A, 0xCE, 0x92, 0x94, 0x0C, 0x5B, 0xE8, 0x39, 0xE4, 0x18,
    0x00, 0x00, 0x00, 0x00, 0xC3, 0x10, 0xE8, 0x39, 0x0C, 0x5B, 0x55, 0xAD,
    0xFB, 0xDE, 0xBA, 0xD6, 0x34, 0xA5, 0x8E, 0x73, 0x0C, 0x5B, 0xEC, 0x5A,
    0x49, 0x42, 0x8A, 0x4A, 0xD7, 0xBD, 0xAA, 0x19, 0x87, 0x00, 0x00, 0x00,
    0x00, 0x00, 0x25, 0x00, 0x50, 0x5B, 0x9A, 0xCE, 0x6A, 0x4A, 0x00, 0x00,
    0x49, 0x4A, 0x49, 0x4A, 0x8E, 0x6B, 0x96, 0xAD, 0x9A, 0xD6, 0x9A, 0xD6,
    0x59, 0xCE, 0xD7, 0xBD, 0xF4, 0x9C, 0xCF, 0x7B, 0xEB, 0x5A, 0x6A, 0x4A,
    0x8A, 0x4A, 0x49, 0x42, 0x29, 0x42, 0x8A, 0x52, 0xCF, 0x7B, 0x75, 0xAD,
    0x79, 0xCE, 0x79, 0xCE, 0x55, 0xA5, 0x6E, 0x6B, 0x49, 0x4A, 0xFF, 0xFF,
    0x00, 0x00, 0x8A, 0x4A, 0x38, 0xC6, 0x4F, 0x53, 0x25, 0x00, 0x00, 0x00,
    0x00, 0x00, 0x03, 0x00, 0x94, 0x8C, 0x3C, 0xE7, 0xCB, 0x52, 0x00, 0x00,
    0x00, 0x00, 0x45, 0x29, 0x6A, 0x4A, 0x14, 0x9D, 0x5D, 0xEF, 0xFF, 0xFF,
    0x9E, 0xF7, 0x7A, 0xCE, 0x14, 0xA5, 0xF0, 0x7B, 0x2D, 0x63, 0x4D, 0x63,
    0x2D, 0x63, 0x0C, 0x5B, 0x0C, 0x5B, 0xAB, 0x52, 0x8E, 0x6B, 0x96, 0xB5,
    0x7D, 0xEF, 0x1C, 0xE7, 0xD3, 0x94, 0x29, 0x42, 0x04, 0x21, 0x00, 0x00,
    0x00, 0x00, 0x8A, 0x4A, 0xDB, 0xDE, 0x73, 0x84, 0x03, 0x00, 0x00, 0x00,
    0x00, 0x00, 0x04, 0x00, 0xB1, 0x63, 0x39, 0xC6, 0x72, 0x8C, 0x4D, 0x63,
    0x82, 0x08, 0x41, 0x00, 0x29, 0x42, 0xB3, 0x94, 0x1C, 0xE7, 0xBE, 0xF7,
    0x7D, 0xEF, 0x59, 0xCE, 0x92, 0x8C, 0xEC, 0x5A, 0xC7, 0x31, 0xA3, 0x10,
    0x00, 0x00, 0x00, 0x00, 0x00, 0x00, 0x66, 0x29, 0xEC, 0x5A, 0x75, 0xAD,
    0x3C, 0xE7, 0xDB, 0xDE, 0x72, 0x8C, 0x08, 0x3A, 0x00, 0x00, 0x00, 0x00,
    0x6D, 0x6B, 0x72, 0x8C, 0x79, 0xCE, 0x70, 0x63, 0x04, 0x00, 0x00, 0x00,
    0x00, 0x00, 0x65, 0x00, 0xAA, 0x21, 0xD3, 0x94, 0xAB, 0x4A, 0xAF, 0x73,
    0x10, 0x7C, 0x71, 0x8C, 0xAF, 0x73, 0xB3, 0x94, 0xBA, 0xD6, 0x9E, 0xF7,
    0x5D, 0xEF, 0x59, 0xCE, 0x92, 0x8C, 0xCB, 0x52, 0xA7, 0x31, 0x82, 0x08,
    0x00, 0x00, 0x00, 0x00, 0x00, 0x00, 0x25, 0x21, 0xCB, 0x52, 0x75, 0xAD,
    0x1C, 0xE7, 0x79, 0xCE, 0x51, 0x8C, 0x0C, 0x63, 0xF0, 0x7B, 0xF0, 0x7B,
    0xCF, 0x73, 0x0C, 0x5B, 0xB3, 0x94, 0x89, 0x19, 0x65, 0x00, 0x00, 0x00,
    0x00, 0x00, 0x65, 0x00, 0xAA, 0x21, 0xD7, 0xBD, 0xEB, 0x5A, 0x82, 0x10,
    0xCB, 0x52, 0xB3, 0x94, 0xBA, 0xD6, 0x9E, 0xF7, 0x7D, 0xEF, 0x3C, 0xE7,
    0xFB, 0xDE, 0x59, 0xCE, 0x14, 0x9D, 0x8E, 0x6B, 0xAA, 0x52, 0xEC, 0x5A,
    0xEF, 0x7B, 0x8E, 0x6B, 0x6E, 0x6B, 0x2D, 0x63, 0xEF, 0x7B, 0x55, 0xAD,
    0x38, 0xC6, 0x79, 0xCE, 0xBA, 0xD6, 0x18, 0xC6, 0xF0, 0x7B, 0x49, 0x42,
    0x00, 0x00, 0x0C, 0x5B, 0xB7, 0xB5, 0x89, 0x21, 0x45, 0x00, 0x00, 0x00,
    0x00, 0x00, 0x45, 0x00, 0x89, 0x21, 0xD7, 0xB5, 0xAB, 0x52, 0x25, 0x21,
    0x04, 0x19, 0x00, 0x00, 0x8A, 0x4A, 0x14, 0x9D, 0x79, 0xCE, 0x1C, 0xE7,
    0x7D, 0xEF, 0x9E, 0xEF, 0x5D, 0xEF, 0x7A, 0xCE, 0x14, 0x9D, 0xCF, 0x73,
    0x2D, 0x63, 0x0C, 0x5B, 0x6E, 0x6B, 0x10, 0x7C, 0x34, 0xA5, 0x59, 0xCE,
    0xDB, 0xDE, 0x7A, 0xCE, 0x34, 0xA5, 0x0C, 0x5B, 0x00, 0x00, 0x00, 0x00,
    0x65, 0x21, 0xCB, 0x52, 0xD7, 0xB5, 0x69, 0x19, 0x65, 0x00, 0x00, 0x00,
    0x00, 0x00, 0x44, 0x00, 0x89, 0x19, 0xD7, 0xB5, 0xCB, 0x52, 0x00, 0x00,
    0x46, 0x29, 0xC7, 0x31, 0xCB, 0x52, 0xF0, 0x7B, 0x92, 0x94, 0x51, 0x8C,
    0xEF, 0x7B, 0x4D, 0x6B, 0x2D, 0x63, 0x4D, 0x63, 0x8A, 0x4A, 0xE3, 0x10,
    0x00, 0x00, 0x00, 0x00, 0x20, 0x00, 0xE4, 0x18, 0xC7, 0x31, 0xEB, 0x5A,
    0xEF, 0x7B, 0x51, 0x84, 0xCF, 0x73, 0x6A, 0x4A, 0x86, 0x29, 0xAA, 0x52,
    0x00, 0x00, 0xEC, 0x5A, 0xD7, 0xB5, 0x48, 0x19, 0x44, 0x00, 0x00, 0x00,
    0x00, 0x00, 0x44, 0x00, 0x68, 0x19, 0xB7, 0xB5, 0xAA, 0x52, 0x00, 0x00,
    0x45, 0x29, 0x86, 0x29, 0xCB, 0x52, 0x55, 0xAD, 0x5D, 0xEF, 0x9E, 0xF7,
    0xFB, 0xDE, 0x76, 0xAD, 0xCF, 0x73, 0x6A, 0x4A, 0x86, 0x29, 0x24, 0x21,
    0x68, 0x29, 0x49, 0x32, 0x65, 0x29, 0xC7, 0x39, 0x2D, 0x63, 0x76, 0xAD,
    0x3C, 0xE7, 0x3C, 0xE7, 0x34, 0xA5, 0x8A, 0x4A, 0x45, 0x21, 0x00, 0x00,
    0x00, 0x00, 0xEC, 0x5A, 0xB7, 0xB5, 0x27, 0x11, 0x44, 0x00, 0x00, 0x00,
    0x00, 0x00, 0x44, 0x00, 0x48, 0x19, 0xB7, 0xB5, 0xAB, 0x52, 0x00, 0x00,
    0x45, 0x21, 0xC7, 0x31, 0x0C, 0x5B, 0x35, 0xA5, 0xFB, 0xDE, 0x7D, 0xEF,
    0x3C, 0xE7, 0x18, 0xC6, 0x72, 0x8C, 0x0C, 0x5B, 0xC7, 0x31, 0x25, 0x21,
    0xE3, 0x18, 0x00, 0x00, 0x04, 0x19, 0xE7, 0x39, 0x4D, 0x6B, 0x96, 0xB5,
    0x1C, 0xE7, 0xDB, 0xDE, 0xD3, 0x94, 0x8A, 0x4A, 0x45, 0x29, 0x00, 0x00,
    0x00, 0x00, 0xEB, 0x5A, 0xB7, 0xB5, 0x27, 0x11, 0x44, 0x00, 0x00, 0x00,
    0x00, 0x00, 0x44, 0x00, 0x28, 0x11, 0x96, 0xAD, 0xAA, 0x52, 0x00, 0x00,
    0x25, 0x21, 0xA7, 0x31, 0xEC, 0x5A, 0x55, 0xA5, 0x3C, 0xE7, 0xBE, 0xF7,
    0x3C, 0xE7, 0x38, 0xC6, 0x92, 0x8C, 0x0C, 0x5B, 0xE8, 0x39, 0x24, 0x19,
    0x04, 0x21, 0xE7, 0x39, 0x24, 0x21, 0xE8, 0x39, 0x4D, 0x63, 0x96, 0xB5,
    0x1C, 0xE7, 0xDB, 0xDE, 0xD3, 0x94, 0x6A, 0x4A, 0x45, 0x21, 0x00, 0x00,
    0x00, 0x00, 0x0C, 0x5B, 0xD7, 0xB5, 0xE6, 0x08, 0x44, 0x00, 0x00, 0x00,
    0x00, 0x00, 0x23, 0x00, 0xA9, 0x21, 0xB6, 0xB5, 0xAA, 0x52, 0x00, 0x00,
    0x65, 0x21, 0x86, 0x29, 0xAB, 0x52, 0x14, 0x9D, 0x1C, 0xE7, 0x9E, 0xF7,
    0x3C, 0xE7, 0x38, 0xC6, 0x72, 0x8C, 0xEC, 0x5A, 0xC7, 0x31, 0x24, 0x19,
    0xE3, 0x18, 0x0A, 0x00, 0x04, 0x21, 0xE7, 0x39, 0x2D, 0x63, 0x75, 0xAD,
    0xFC, 0xE6, 0xBA, 0xD6, 0xB3, 0x94, 0x6A, 0x4A, 0x45, 0x29, 0x00, 0x00,
    0x00, 0x00, 0xEC, 0x5A, 0xB7, 0xB5, 0x47, 0x19, 0x23, 0x00, 0x00, 0x00,
    0x00, 0x00, 0x00, 0x00, 0x32, 0x7C, 0x59, 0xC6, 0x49, 0x42, 0xEF, 0x7B,
    0x86, 0x31, 0x86, 0x29, 0x8A, 0x4A, 0xD3, 0x9C, 0xFC, 0xDE, 0xBE, 0xF7,
    0x3C, 0xE7, 0x38, 0xC6, 0x72, 0x8C, 0xCB, 0x52, 0xC7, 0x31, 0x05, 0x21,
    0xE7, 0x39, 0xE7, 0x39, 0x04, 0x21, 0xE7, 0x39, 0x4D, 0x63, 0x76, 0xAD,
    0x1C, 0xE7, 0xBA, 0xD6, 0xB3, 0x94, 0x8A, 0x4A, 0x45, 0x29, 0x00, 0x00,
    0xAA, 0x52, 0xAA, 0x52, 0x18, 0xC6, 0x6F, 0x63, 0x00, 0x00, 0x00, 0x00,
    0x00, 0x00, 0x00, 0x00, 0x52, 0x84, 0xDB, 0xD6, 0x0C, 0x5B, 0x00, 0x00,
    0x00, 0x00, 0xA6, 0x31, 0x8A, 0x4A, 0xB2, 0x94, 0xDB, 0xDE, 0x9E, 0xF7,
    0x3C, 0xE7, 0x38, 0xC6, 0x72, 0x8C, 0xEC, 0x5A, 0xE7, 0x39, 0x25, 0x21,
    0x00, 0x00, 0x00, 0x00, 0x04, 0x19, 0xC7, 0x31, 0x0C, 0x63, 0x35, 0xA5,
    0xDB, 0xDE, 0x9A, 0xD6, 0x92, 0x8C, 0x69, 0x4A, 0x66, 0x29, 0x00, 0x00,
    0x00, 0x00, 0xEB, 0x5A, 0xBA, 0xD6, 0x11, 0x7C, 0x00, 0x00, 0x00, 0x00,
    0x00, 0x00, 0x01, 0x00, 0x8C, 0x4A, 0x55, 0xAD, 0x51, 0x84, 0xCF, 0x73,
    0x8A, 0x52, 0xC3, 0x10, 0x08, 0x42, 0x92, 0x8C, 0xDB, 0xDE, 0x9E, 0xF7,
    0x1C, 0xE7, 0xF8, 0xBD, 0x51, 0x8C, 0xCB, 0x52, 0xC7, 0x39, 0x65, 0x21,
    0xE7, 0x39, 0x55, 0x55, 0x86, 0x31, 0xA7, 0x31, 0xEB, 0x5A, 0x14, 0xA5,
    0xDB, 0xDE, 0x79, 0xCE, 0x71, 0x8C, 0x28, 0x42, 0x82, 0x08, 0xD3, 0x9C,
    0xAF, 0x73, 0x71, 0x8C, 0xD7, 0xB5, 0x6B, 0x42, 0x01, 0x00, 0x00, 0x00,
    0x00, 0x00, 0x23, 0x00, 0xC5, 0x08, 0x92, 0x8C, 0x6A, 0x4A, 0xEB, 0x5A,
    0xCF, 0x73, 0xD3, 0x94, 0x72, 0x8C, 0x34, 0xA5, 0xBA, 0xD6, 0x5D, 0xEF,
    0x1C, 0xE7, 0xF8, 0xBD, 0x30, 0x84, 0x8A, 0x4A, 0x45, 0x29, 0x00, 0x00,
    0x00, 0x00, 0x00, 0x00, 0x00, 0x00, 0x04, 0x21, 0xAA, 0x52, 0x14, 0xA5,
    0xDB, 0xDE, 0x59, 0xCE, 0x92, 0x8C, 0xAE, 0x73, 0x10, 0x84, 0x6E, 0x6B,
    0xEC, 0x5A, 0xCB, 0x52, 0x51, 0x84, 0xA5, 0x00, 0x23, 0x00, 0x00, 0x00,
    0x00, 0x00, 0x43, 0x00, 0x06, 0x11, 0x55, 0xAD, 0xCB, 0x52, 0x82, 0x08,
    0x86, 0x29, 0xF0, 0x7B, 0xD7, 0xBD, 0x5D, 0xEF, 0xDF, 0xFF, 0xBF, 0xFF,
    0x7D, 0xEF, 0xBA, 0xD6, 0x76, 0xAD, 0x30, 0x84, 0x2D, 0x63, 0x2D, 0x63,
    0x6E, 0x6B, 0xAF, 0x73, 0xEF, 0x7B, 0xAE, 0x73, 0x51, 0x8C, 0xF7, 0xBD,
    0xDB, 0xDE, 0x1C, 0xE7, 0xDB, 0xDE, 0x76, 0xAD, 0x8E, 0x6B, 0x86, 0x29,
    0x20, 0x00, 0xEC, 0x5A, 0x75, 0xAD, 0xC5, 0x08, 0x44, 0x00, 0x00, 0x00,
    0x00, 0x00, 0x64, 0x00, 0x84, 0x00, 0x35, 0xA5, 0xCB, 0x52, 0x8C, 0x31,
    0x28, 0x42, 0x00, 0x00, 0xE4, 0x18, 0x8E, 0x73, 0x55, 0xAD, 0x59, 0xC6,
    0x9A, 0xD6, 0x9A, 0xD6, 0x59, 0xCE, 0xB6, 0xB5, 0x71, 0x8C, 0x4D, 0x63,
    0xCB, 0x5A, 0xEC, 0x5A, 0x2D, 0x63, 0xEF, 0x7B, 0x35, 0xA5, 0x18, 0xC6,
    0x59, 0xCE, 0xB6, 0xB5, 0x31, 0x84, 0x08, 0x42, 0x00, 0x00, 0xEF, 0x7B,
    0x24, 0x21, 0x0C, 0x63, 0x55, 0xAD, 0x23, 0x00, 0x63, 0x00, 0x00, 0x00,
    0x00, 0x00, 0x22, 0x00, 0x68, 0x21, 0x14, 0x9D, 0xAA, 0x52, 0x00, 0x00,
    0xAA, 0x52, 0x66, 0x29, 0x49, 0x4A, 0x30, 0x84, 0x55, 0xAD, 0xF4, 0x9C,
    0x30, 0x84, 0x4D, 0x63, 0x49, 0x4A, 0xA7, 0x31, 0x62, 0x08, 0x00, 0x00,
    0x00, 0x00, 0x00, 0x00, 0x00, 0x00, 0xC3, 0x10, 0xC7, 0x39, 0x2D, 0x63,
    0x51, 0x8C, 0xB2, 0x94, 0x8E, 0x73, 0x08, 0x3A, 0x25, 0x21, 0x00, 0x00,
    0x00, 0x00, 0x0C, 0x63, 0x55, 0xAD, 0x06, 0x11, 0x22, 0x00, 0x00, 0x00,
    0x00, 0x00, 0x01, 0x00, 0xA8, 0x29, 0x55, 0xAD, 0xEC, 0x5A, 0x00, 0x00,
    0xEF, 0x7B, 0x65, 0x29, 0x49, 0x42, 0x92, 0x8C, 0x1C, 0xE7, 0xFF, 0xFF,
    0x5D, 0xEF, 0xF7, 0xBD, 0x10, 0x84, 0x8A, 0x4A, 0x86, 0x31, 0x65, 0x29,
    0xAA, 0x52, 0xAA, 0x52, 0x65, 0x21, 0xE7, 0x39, 0x2D, 0x63, 0x76, 0xAD,
    0x5D, 0xEF, 0xDB, 0xDE, 0x51, 0x8C, 0x08, 0x3A, 0x24, 0x21, 0x00, 0x00,
    0x00, 0x00, 0x2D, 0x63, 0x35, 0xA5, 0x47, 0x21, 0x02, 0x00, 0x00, 0x00,
    0x00, 0x00, 0x02, 0x00, 0x26, 0x19, 0x35, 0xA5, 0x6E, 0x6B, 0x49, 0x4A,
    0x66, 0x29, 0xE4, 0x18, 0x28, 0x42, 0x51, 0x8C, 0xBA, 0xD6, 0x7D, 0xEF,
    0x1C, 0xE7, 0xD7, 0xBD, 0x10, 0x7C, 0x8A, 0x4A, 0xA6, 0x31, 0x24, 0x19,
    0x00, 0x00, 0xAA, 0x52, 0x24, 0x19, 0xC7, 0x31, 0x0C, 0x5B, 0x34, 0xA5,
    0xDB, 0xDE, 0x79, 0xCE, 0xF0, 0x7B, 0xE7, 0x39, 0x61, 0x08, 0x00, 0x00,
    0xC7, 0x31, 0xCF, 0x7B, 0x55, 0xAD, 0xC5, 0x08, 0x22, 0x00, 0x00, 0x00,
    0x00, 0x00, 0x02, 0x00, 0x26, 0x19, 0xF4, 0x9C, 0x8A, 0x4A, 0xEC, 0x5A,
    0x4D, 0x63, 0x2C, 0x63, 0x2D, 0x63, 0x51, 0x84, 0x59, 0xCE, 0x5D, 0xEF,
    0x1C, 0xE7, 0xF7, 0xBD, 0xF0, 0x7B, 0x6A, 0x4A, 0x66, 0x29, 0x61, 0x00,
    0x00, 0x00, 0x00, 0x00, 0x82, 0x10, 0xA7, 0x31, 0x2C, 0x63, 0x55, 0xAD,
    0x1C, 0xE7, 0x59, 0xCE, 0x10, 0x84, 0xAB, 0x52, 0xAB, 0x52, 0x4D, 0x63,
    0x8A, 0x4A, 0xEC, 0x5A, 0x14, 0x9D, 0xC4, 0x10, 0x03, 0x00, 0x00, 0x00,
    0x00, 0x00, 0x63, 0x00, 0xA3, 0x08, 0xB3, 0x94, 0xAB, 0x52, 0x00, 0x00,
    0x45, 0x29, 0x49, 0x42, 0xAE, 0x73, 0x75, 0xAD, 0x59, 0xCE, 0x9A, 0xD6,
    0x59, 0xCE, 0x96, 0xB5, 0x71, 0x8C, 0x2D, 0x63, 0x49, 0x42, 0x08, 0x3A,
    0xEB, 0x5A, 0x8A, 0x52, 0xE8, 0x39, 0x69, 0x4A, 0x6E, 0x6B, 0xD3, 0x9C,
    0xD7, 0xBD, 0xB6, 0xB5, 0xD3, 0x9C, 0x6E, 0x6B, 0x49, 0x4A, 0xEF, 0x7B,
    0x00, 0x00, 0xEC, 0x5A, 0xD3, 0x9C, 0x42, 0x00, 0x63, 0x00, 0x00, 0x00,
    0x00, 0x00, 0xC4, 0x08, 0x00, 0x00, 0xCF, 0x73, 0x8A, 0x4A, 0xC3, 0x18,
    0x45, 0x21, 0x66, 0x29, 0x8A, 0x4A, 0xF4, 0x9C, 0x3C, 0xE7, 0xDF, 0xFF,
    0x5D, 0xEF, 0x79, 0xCE, 0x55, 0xAD, 0x51, 0x84, 0x6E, 0x6B, 0x4D, 0x6B,
    0x8E, 0x73, 0x6E, 0x6B, 0xEC, 0x5A, 0x0C, 0x5B, 0x31, 0x84, 0xF7, 0xBD,
    0x5D, 0xEF, 0x3C, 0xE7, 0x14, 0xA5, 0x6A, 0x4A, 0x04, 0x19, 0x00, 0x00,
    0x61, 0x08, 0xCB, 0x52, 0x51, 0x84, 0x00, 0x00, 0xA4, 0x08, 0x00, 0x00,
    0x00, 0x00, 0x61, 0x00, 0x03, 0x00, 0x00, 0x00, 0xE7, 0x39, 0x86, 0x29,
    0x04, 0x21, 0xA6, 0x31, 0xAB, 0x52, 0xB2, 0x94, 0xFB, 0xDE, 0x9E, 0xF7,
    0x5D, 0xEF, 0x38, 0xC6, 0x72, 0x8C, 0xEC, 0x5A, 0xC7, 0x31, 0xA3, 0x10,
    0x00, 0x00, 0x00, 0x00, 0xA2, 0x08, 0xC7, 0x31, 0x8E, 0x6B, 0xF7, 0xBD,
    0x5D, 0xEF, 0xFB, 0xDE, 0xB3, 0x94, 0x8A, 0x4A, 0x66, 0x29, 0x00, 0x00,
    0x86, 0x31, 0x08, 0x3A, 0x00, 0x00, 0x02, 0x00, 0x61, 0x00, 0x00, 0x00,
    0x00, 0x00, 0x61, 0x00, 0x82, 0x00, 0x24, 0x21, 0x00, 0x00, 0x86, 0x31,
    0x45, 0x29, 0x86, 0x29, 0x6A, 0x4A, 0x92, 0x94, 0x3C, 0xE7, 0xFF, 0xFF,
    0x9E, 0xF7, 0x59, 0xCE, 0xB2, 0x94, 0x0C, 0x5B, 0xE8, 0x39, 0x65, 0x29,
    0x26, 0x21, 0x45, 0x29, 0x25, 0x21, 0x08, 0x3A, 0xAF, 0x73, 0x18, 0xC6,
    0xBE, 0xF7, 0x5D, 0xEF, 0xF3, 0x9C, 0x6A, 0x4A, 0x45, 0x29, 0xC7, 0x39,
    0xC7, 0x39, 0x00, 0x00, 0x45, 0x11, 0x02, 0x00, 0x63, 0x00, 0x00, 0x00,
    0x00, 0x00, 0x42, 0x00, 0x63, 0x00, 0x63, 0x08, 0x24, 0x21, 0x00, 0x00,
    0x00, 0x00, 0x00, 0x00, 0xA2, 0x10, 0xEC, 0x5A, 0xD3, 0x9C, 0xF7, 0xBD,
    0x18, 0xC6, 0x76, 0xAD, 0x51, 0x84, 0xEC, 0x5A, 0xE8, 0x39, 0x45, 0x21,
    0x45, 0x29, 0x45, 0x19, 0x65, 0x29, 0x29, 0x42, 0x6E, 0x6B, 0x14, 0xA5,
    0x18, 0xBE, 0x35, 0xA5, 0x6E, 0x6B, 0x66, 0x29, 0x00, 0x00, 0x00, 0x00,
    0x00, 0x00, 0x24, 0x21, 0x63, 0x08, 0x63, 0x00, 0x63, 0x00, 0x00, 0x00,
    0x00, 0x00, 0x42, 0x00, 0x42, 0x00, 0xA4, 0x08, 0xA2, 0x00, 0x00, 0x00,
    0x00, 0x00, 0x00, 0x00, 0x00, 0x00, 0x00, 0x00, 0x00, 0x00, 0x00, 0x00,
    0x00, 0x00, 0xE7, 0x39, 0x4A, 0x4A, 0x09, 0x42, 0xA6, 0x29, 0xC3, 0x18,
    0xE3, 0x18, 0x65, 0x29, 0x46, 0x29, 0xC7, 0x31, 0xC7, 0x39, 0x61, 0x08,
    0x00, 0x00, 0x00, 0x00, 0x00, 0x00, 0x00, 0x00, 0x00, 0x00, 0x00, 0x00,
    0x00, 0x00, 0xC3, 0x00, 0x44, 0x08, 0x42, 0x00, 0x42, 0x00, 0x00, 0x00,
    0x00, 0x00, 0x43, 0x00, 0x83, 0x00, 0x83, 0x08, 0x63, 0x00, 0x02, 0x00,
    0x00, 0x00, 0x00, 0x00, 0x00, 0x00, 0xE7, 0x19, 0x4B, 0x4A, 0x09, 0x3A,
    0x67, 0x29, 0x00, 0x00, 0x00, 0x00, 0x00, 0x00, 0x00, 0x00, 0x00, 0x00,
    0x00, 0x00, 0x00, 0x00, 0x00, 0x00, 0x00, 0x00, 0x00, 0x00, 0x00, 0x00,
    0xAA, 0x52, 0xAA, 0x42, 0xCA, 0x39, 0x00, 0x00, 0x00, 0x00, 0x00, 0x00,
    0x03, 0x00, 0x63, 0x00, 0x83, 0x08, 0x43, 0x00, 0x22, 0x00, 0x00, 0x00,
    0x00, 0x00, 0x00, 0x00, 0x00, 0x00, 0x00, 0x00, 0x00, 0x00, 0x00, 0x00,
    0x00, 0x00, 0x00, 0x00, 0x00, 0x00, 0x00, 0x00, 0x00, 0x00, 0x00, 0x00,
    0x00, 0x00, 0x00, 0x00, 0x00, 0x00, 0x00, 0x00, 0x00, 0x00, 0x00, 0x00,
    0x00, 0x00, 0x00, 0x00, 0x00, 0x00, 0x00, 0x00, 0x00, 0x00, 0x00, 0x00,
    0x00, 0x00, 0x00, 0x00, 0x00, 0x00, 0x00, 0x00, 0x00, 0x00, 0x00, 0x00,
    0x00, 0x00, 0x00, 0x00, 0x00, 0x00, 0x00, 0x00, 0x00, 0x00, 0x00, 0x00,
    0x00, 0x00, 0x00, 0x00, 0x00, 0x00, 0x00, 0x00, 0x00, 0x00, 0x00, 0x00,
    0x00, 0x00, 0x00, 0x00, 0x00, 0x00, 0x00, 0x00, 0x00, 0x00, 0x00, 0x00,
    0x00, 0x00, 0x00, 0x00, 0x00, 0x00, 0x00, 0x00, 0x00, 0x00, 0x00, 0x00,
    0x00, 0x00, 0x00, 0x00, 0x00, 0x00, 0x00, 0x00, 0x00, 0x00, 0x00, 0x00,
    0x00, 0x00, 0x00, 0x00, 0x00, 0x00, 0x00, 0x00, 0x00, 0x00, 0x00, 0x00,
    0x00, 0x00, 0x00, 0x00, 0x00, 0x00, 0x00, 0x00, 0x00, 0x00, 0x00, 0x00,
    0x00, 0x00, 0x00, 0x00, 0x00, 0x00, 0x00, 0x00, 0x00, 0x00, 0x00, 0x00,
    0x00, 0x00, 0x00, 0x00, 0x00, 0x00, 0x00, 0x00, 0x00, 0x00, 0x00, 0x00,
    0x00, 0x00, 0x00, 0x00, 0x00, 0x00, 0x00, 0x00, 0x00, 0x00, 0x00, 0x00,
    0x00, 0x00, 0x00, 0x00, 0x00, 0x00, 0x00, 0x00, 0x00, 0x00, 0x00, 0x00,
    0x00, 0x00, 0x00, 0x00, 0x00, 0x00, 0x00, 0x00, 0x00, 0x00, 0x00, 0x00,
    0x00, 0x00, 0x00, 0x00, 0x00, 0x00, 0x00, 0x00, 0x00, 0x00, 0x00, 0x00,
    0x00, 0x00, 0x00, 0x00, 0x00, 0x00, 0x00, 0x00, 0x00, 0x00, 0x00, 0x00,
    0x00, 0x00, 0x00, 0x00, 0x00, 0x00, 0x00, 0x00, 0x00, 0x00, 0x00, 0x00,
    0x00, 0x00, 0x00, 0x00, 0x00, 0x00, 0x00, 0x00, 0x00, 0x00, 0x00, 0x00,
    0x00, 0x00, 0x00, 0x00, 0x00, 0x00, 0x00, 0x00, 0x00, 0x00, 0x00, 0x00,
    0x00, 0x00, 0x00, 0x00, 0x00, 0x00, 0x00, 0x00, 0x00, 0x00, 0x00, 0x00,
    0x00, 0x00, 0x00, 0x00, 0x00, 0x00, 0x00, 0x00, 0x00, 0x00, 0x00, 0x00,
    0x00, 0x00, 0x00, 0x00, 0x00, 0x00, 0x00, 0x00, 0x00, 0x00, 0x00, 0x00,
    0x00, 0x00, 0x00, 0x00, 0x00, 0x00, 0x00, 0x00, 0x00, 0x00, 0x00, 0x00,
    0x00, 0x00, 0x00, 0x00, 0x00, 0x00, 0x00, 0x00, 0x00, 0x00, 0x00, 0x00,
    0x00, 0x00, 0x00, 0x00, 0x00, 0x00, 0x00, 0x00, 0x00, 0x00, 0x00, 0x00,
    0x00, 0x00, 0x00, 0x00, 0x00, 0x00, 0x00, 0x00, 0x00, 0x00, 0x00, 0x00,
    0x00, 0x00, 0x00, 0x00, 0x00, 0x00, 0x00, 0x00, 0x00, 0x00, 0x00, 0x00,
    0x00, 0x00, 0x00, 0x00, 0x00, 0x00, 0x00, 0x00, 0x00, 0x00, 0x00, 0x00,
    0x00, 0x00, 0x00, 0x00, 0x00, 0x00, 0x00, 0x00, 0x00, 0x00, 0x00, 0x00,
    0x00, 0x00, 0x00, 0x00, 0x00, 0x00, 0x00, 0x00, 0x00, 0x00, 0x00, 0x00,
    0x00, 0x5E, 0x67, 0x70, 0x80, 0x8B, 0x95, 0xA4, 0xB6, 0xC4, 0xCB, 0xCE,
    0xD7, 0xDF, 0xE9, 0xF4, 0xF7, 0xF8, 0xF8, 0xF5, 0xF1, 0xE5, 0xDC, 0xD1,
    0xC4, 0xBE, 0xB3, 0xA9, 0x9F, 0x94, 0x8A, 0x7D, 0x72, 0x67, 0x61, 0x00,
    0x00, 0x64, 0x70, 0x7D, 0x8D, 0x9A, 0xA5, 0xB4, 0xBF, 0xCE, 0xD9, 0xE1,
    0xEB, 0xF3, 0xFA, 0xFF, 0xFF, 0xFF, 0xFF, 0xFF, 0xFF, 0xFF, 0xF4, 0xEA,
    0xDC, 0xCF, 0xC6, 0xB6, 0xA7, 0x9E, 0x95, 0x8A, 0x7D, 0x6E, 0x68, 0x00,
    0x00, 0x6C, 0x7A, 0x8A, 0x98, 0xA5, 0xBF, 0xDF, 0xF7, 0xFC, 0xF6, 0xF6,
    0xF6, 0xF8, 0xEC, 0xDA, 0xA7, 0x6E, 0x66, 0x7B, 0xA2, 0xC7, 0xE5, 0xF8,
    0xFD, 0xFD, 0xFC, 0xF8, 0xE3, 0xBC, 0x9E, 0x94, 0x89, 0x77, 0x6A, 0x00,
    0x00, 0x76, 0x85, 0x91, 0xB4, 0xF2, 0xFF, 0xEA, 0xB8, 0x9F, 0xAD, 0xCC,
    0xE3, 0xEF, 0xF2, 0xEC, 0xC7, 0x37, 0x25, 0x86, 0xBA, 0xDE, 0xE0, 0xEB,
    0xEC, 0xDF, 0xC9, 0xA4, 0xCB, 0xFE, 0xF6, 0xBB, 0x90, 0x83, 0x71, 0x00,
    0x00, 0x7D, 0x87, 0xBE, 0xFF, 0xB6, 0x67, 0x73, 0x80, 0xBE, 0xFF, 0xFF,
    0xFF, 0xFF, 0xDB, 0xB6, 0xBA, 0xAB, 0xBB, 0xD9, 0xCA, 0xCA, 0xFF, 0xFF,
    0xFF, 0xFF, 0xED, 0x75, 0x35, 0x58, 0xB2, 0xFF, 0xC9, 0x87, 0x7C, 0x00,
    0x00, 0x81, 0x98, 0xFF, 0x70, 0x00, 0x1A, 0x88, 0xB5, 0xC2, 0xF7, 0xF5,
    0xFC, 0xE0, 0xAE, 0xEF, 0xFE, 0xFF, 0xFF, 0xFC, 0xF7, 0xA3, 0x9E, 0xFD,
    0xFA, 0xFD, 0xFA, 0x87, 0x47, 0x41, 0x03, 0x5C, 0xFF, 0x9F, 0x81, 0x00,
    0x00, 0x86, 0xAA, 0xFF, 0x57, 0x00, 0x22, 0x88, 0x9B, 0x84, 0xB8, 0xDE,
    0xFA, 0xCB, 0x74, 0xFC, 0xFF, 0xFF, 0xFF, 0xFF, 0xFF, 0x81, 0x8B, 0xFC,
    0xF6, 0xE9, 0xC1, 0x71, 0x3E, 0x46, 0x00, 0x4D, 0xFE, 0xAF, 0x85, 0x00,
    0x00, 0x88, 0xA9, 0xFE, 0xFF, 0x8E, 0x3E, 0x78, 0x82, 0xB4, 0xF8, 0xFF,
    0xFF, 0xDF, 0x43, 0x38, 0x83, 0x89, 0x80, 0x70, 0x3A, 0x15, 0xC8, 0xFF,
    0xFE, 0xFF, 0xF7, 0xB3, 0x7E, 0x5F, 0x9A, 0xFC, 0xFF, 0xAE, 0x87, 0x00,
    0x00, 0x8B, 0xA8, 0xFE, 0xB0, 0xC1, 0xFF, 0xDC, 0xB5, 0xEF, 0xFE, 0xFD,
    0xF2, 0x6A, 0x2E, 0x00, 0x0A, 0x00, 0x00, 0x00, 0x00, 0x05, 0x42, 0xE6,
    0xFE, 0xFD, 0xFF, 0xDF, 0xE3, 0xFD, 0xBA, 0xD1, 0xFE, 0xB0, 0x8E, 0x00,
    0x00, 0x8E, 0xA5, 0xFF, 0x8C, 0x00, 0x42, 0xBD, 0xFF, 0xFF, 0xFE, 0xFF,
    0xF5, 0xE0, 0xAC, 0x83, 0xA3, 0x81, 0x79, 0x8A, 0x8C, 0x97, 0xC0, 0xF2,
    0xFF, 0xFF, 0xFE, 0xFF, 0xC6, 0x32, 0x00, 0xB3, 0xFF, 0xB6, 0x97, 0x00,
    0x00, 0x8E, 0xB4, 0xCE, 0x57, 0x08, 0x1F, 0x90, 0xFC, 0xFE, 0xFF, 0xFF,
    0xFE, 0xFF, 0xFF, 0xFF, 0xFA, 0xDB, 0xC1, 0xAD, 0xAF, 0xDF, 0xFF, 0xFF,
    0xFF, 0xFF, 0xFD, 0xFE, 0x9C, 0x06, 0x15, 0x7F, 0xDC, 0xC1, 0x9B, 0x00,
    0x00, 0x8F, 0xB4, 0xC4, 0x38, 0x07, 0x1A, 0x98, 0xFF, 0xFE, 0xFF, 0xFF,
    0xFF, 0xFF, 0xFB, 0xFB, 0xCB, 0x47, 0x00, 0x00, 0x16, 0xA3, 0xFF, 0xFD,
    0xFF, 0xFF, 0xFE, 0xFE, 0x91, 0x06, 0x19, 0x50, 0xD8, 0xBC, 0x9A, 0x00,
    0x00, 0x93, 0xA1, 0xFF, 0x8D, 0x00, 0x14, 0x84, 0xFD, 0xFF, 0xFE, 0xFE,
    0x76, 0xAF, 0xFF, 0xFF, 0xE8, 0x61, 0x12, 0x0B, 0x3C, 0xA0, 0xD9, 0xFE,
    0xFE, 0xFF, 0xFE, 0xFF, 0x95, 0x07, 0x02, 0x9F, 0xFF, 0xAA, 0x97, 0x00,
    0x00, 0x91, 0x9B, 0xF6, 0x94, 0x00, 0x09, 0x77, 0xF7, 0xFD, 0xFD, 0xFD,
    0x17, 0x3F, 0xFF, 0xFF, 0xE0, 0x5B, 0x14, 0x07, 0x4C, 0x02, 0x6A, 0xFF,
    0xFC, 0xFE, 0xFD, 0xFC, 0x7E, 0x02, 0x00, 0x9A, 0xF3, 0xA7, 0x98, 0x00,
    0x00, 0x8A, 0x95, 0xF9, 0xB7, 0x4A, 0x28, 0x75, 0xFD, 0xFF, 0xFF, 0xFF,
    0xE2, 0xE3, 0xFD, 0xFE, 0xD3, 0x4C, 0x11, 0x0A, 0x50, 0x85, 0xD2, 0xFF,
    0xFF, 0xFF, 0xFF, 0xFF, 0x75, 0x15, 0x3E, 0xB8, 0xFB, 0xA9, 0x94, 0x00,
    0x00, 0x88, 0x91, 0xFF, 0xAF, 0x2F, 0x5A, 0x7C, 0xAB, 0xCE, 0xED, 0xFA,
    0xFF, 0xFF, 0xFF, 0xFF, 0xDE, 0x4B, 0x02, 0x03, 0x3E, 0xCB, 0xFF, 0xFB,
    0xFA, 0xEF, 0xD5, 0xB5, 0x7C, 0x4F, 0x34, 0xC4, 0xFF, 0x9D, 0x90, 0x00,
    0x00, 0x7F, 0xA3, 0xFF, 0xA5, 0x00, 0x0E, 0x71, 0xE1, 0xE2, 0xE4, 0xE9,
    0xE6, 0xDE, 0xD2, 0xCA, 0xAE, 0x6B, 0x39, 0x37, 0x5A, 0x98, 0xC3, 0xD8,
    0xE4, 0xE2, 0xE1, 0xE0, 0x5F, 0x01, 0x00, 0xAC, 0xFF, 0xA9, 0x82, 0x00,
    0x00, 0x75, 0xB5, 0xFF, 0xBC, 0x00, 0x00, 0x66, 0xFA, 0xFF, 0xFF, 0xFF,
    0xFF, 0xFD, 0xF9, 0xF3, 0xBE, 0x6D, 0x48, 0x39, 0x42, 0xA1, 0xF9, 0xFF,
    0xFF, 0xFF, 0xFF, 0xEB, 0x42, 0x00, 0x01, 0xC2, 0xFF, 0xB8, 0x75, 0x00,
    0x00, 0x75, 0x9D, 0xFD, 0xFD, 0x85, 0x1B, 0x52, 0xE8, 0xFE, 0xFD, 0xFE,
    0xFF, 0xFF, 0xFF, 0xFF, 0xC6, 0x42, 0x04, 0x00, 0x02, 0x88, 0xFF, 0xFE,
    0xFE, 0xFC, 0xFE, 0xD6, 0x2C, 0x00, 0x79, 0xFB, 0xFD, 0xA2, 0x74, 0x00,
    0x00, 0x74, 0x80, 0xF5, 0xA6, 0xB1, 0xE3, 0xCF, 0xE4, 0xFA, 0xFE, 0xFF,
    0xFF, 0xFF, 0xFE, 0xFF, 0xAE, 0x2A, 0x00, 0x00, 0x00, 0x7F, 0xFF, 0xFE,
    0xFF, 0xFE, 0xFA, 0xE1, 0xB7, 0xD1, 0xA7, 0xA4, 0xF7, 0x83, 0x74, 0x00,
    0x00, 0x70, 0x7B, 0xF9, 0xBD, 0x3A, 0x60, 0xC8, 0xFF, 0xFF, 0xFF, 0xFF,
    0xFE, 0xFD, 0xFA, 0xF2, 0xB4, 0x50, 0x33, 0x3C, 0x55, 0xA3, 0xF2, 0xFE,
    0xFF, 0xFF, 0xFF, 0xFF, 0xE2, 0x63, 0x2D, 0xBC, 0xFC, 0x7E, 0x6F, 0x00,
    0x00, 0x68, 0x73, 0xFE, 0xC6, 0x27, 0x1F, 0x1F, 0x53, 0xA7, 0xE1, 0xFC,
    0xFF, 0xFF, 0xFF, 0xFF, 0xFF, 0xF0, 0xCC, 0xB4, 0xBD, 0xE9, 0xFF, 0xFF,
    0xFD, 0xEF, 0xCA, 0x7A, 0x28, 0x08, 0x22, 0xCC, 0xFE, 0x77, 0x69, 0x00,
    0x00, 0x61, 0x6E, 0xFF, 0xBC, 0x00, 0x18, 0x7E, 0xB8, 0x98, 0x98, 0xB1,
    0xC1, 0xB6, 0x87, 0x5B, 0x44, 0x21, 0x10, 0x12, 0x24, 0x5D, 0x9C, 0xB4,
    0xCF, 0xC1, 0xAD, 0xB3, 0x5A, 0x03, 0x00, 0xBD, 0xFF, 0x6E, 0x61, 0x00,
    0x00, 0x5C, 0x66, 0xFD, 0xC4, 0x0D, 0x18, 0x86, 0xFF, 0xFF, 0xFF, 0xFE,
    0xF5, 0xE9, 0xD1, 0xB2, 0x63, 0x1B, 0x0B, 0x0E, 0x20, 0x90, 0xE6, 0xF6,
    0xFE, 0xFF, 0xFF, 0xFF, 0x5B, 0x00, 0x07, 0xC8, 0xFF, 0x68, 0x5A, 0x00,
    0x00, 0x58, 0x5E, 0xF9, 0xC0, 0x06, 0x2F, 0xAE, 0xFD, 0xFA, 0xFD, 0xFF,
    0xFF, 0xFF, 0xFF, 0xFF, 0xBB, 0x37, 0x08, 0x00, 0x2C, 0xBF, 0xFF, 0xFF,
    0xFF, 0xFD, 0xFC, 0xF4, 0x58, 0x00, 0x03, 0xC3, 0xFC, 0x60, 0x58, 0x00,
    0x00, 0x54, 0x5A, 0xF8, 0xC0, 0x03, 0x1C, 0x96, 0xFE, 0xFE, 0xFF, 0xFF,
    0xFF, 0xFE, 0xFB, 0xFC, 0xBB, 0x38, 0x0F, 0x04, 0x31, 0xC2, 0xFE, 0xFD,
    0xFF, 0xFE, 0xFF, 0xF1, 0x4C, 0x00, 0x05, 0xC4, 0xF7, 0x5A, 0x56, 0x00,
    0x00, 0x4E, 0x5B, 0xFB, 0xBF, 0x06, 0x1B, 0x81, 0xFC, 0xFF, 0xFF, 0xFF,
    0xFF, 0xFF, 0xFE, 0xFF, 0xAB, 0x31, 0x08, 0x03, 0x2E, 0xB9, 0xFF, 0xFD,
    0xFF, 0xFE, 0xFF, 0xF3, 0x57, 0x00, 0x0D, 0xD0, 0xFA, 0x5E, 0x50, 0x00,
    0x00, 0x44, 0x7D, 0xFF, 0xBA, 0x04, 0x15, 0x7D, 0xF8, 0xFF, 0xFE, 0xFF,
    0xFF, 0xFF, 0xFE, 0xFF, 0xAC, 0x32, 0x04, 0x04, 0x2D, 0xBC, 0xFF, 0xFD,
    0xFF, 0xFE, 0xFF, 0xF5, 0x52, 0x01, 0x06, 0xBD, 0xFF, 0x80, 0x44, 0x00,
    0x00, 0x3C, 0x85, 0xFF, 0xC7, 0x04, 0x00, 0x73, 0xF6, 0xFF, 0xFE, 0xFF,
    0xFF, 0xFF, 0xFE, 0xFF, 0xBF, 0x3D, 0x03, 0x01, 0x1E, 0xA6, 0xFF, 0xFD,
    0xFF, 0xFE, 0xFF, 0xE9, 0x44, 0x00, 0x00, 0xBA, 0xFF, 0x8A, 0x3E, 0x00,
    0x00, 0x40, 0x55, 0xF1, 0xEB, 0x9D, 0x3B, 0x64, 0xEA, 0xFF, 0xFE, 0xFF,
    0xFF, 0xFF, 0xFE, 0xFE, 0xA8, 0x34, 0x08, 0x03, 0x15, 0x93, 0xFF, 0xFE,
    0xFF, 0xFE, 0xFF, 0xEA, 0x4B, 0x0F, 0x7E, 0xE8, 0xF5, 0x5D, 0x42, 0x00,
    0x00, 0x41, 0x41, 0xE0, 0xA4, 0x96, 0xDF, 0xE2, 0xEE, 0xFA, 0xFC, 0xFE,
    0xFF, 0xFF, 0xFE, 0xFE, 0x9A, 0x17, 0x00, 0x00, 0x00, 0x84, 0xFE, 0xFE,
    0xFE, 0xFD, 0xFA, 0xEA, 0xCB, 0xD4, 0x90, 0xB7, 0xE7, 0x46, 0x42, 0x00,
    0x00, 0x3F, 0x44, 0xEE, 0xBE, 0x2E, 0x3E, 0x9D, 0xEC, 0xFF, 0xFF, 0xFF,
    0xFF, 0xFF, 0xFF, 0xF5, 0xC3, 0x77, 0x57, 0x5B, 0x6C, 0xB7, 0xFD, 0xFF,
    0xFF, 0xFF, 0xFF, 0xFF, 0xC8, 0x42, 0x2B, 0xC8, 0xED, 0x43, 0x3F, 0x00,
    0x00, 0x3F, 0x42, 0xF6, 0xB2, 0x05, 0x0B, 0x17, 0x3D, 0x77, 0xC0, 0xE7,
    0xF6, 0xFC, 0xFD, 0xFB, 0xF2, 0xD8, 0xB5, 0xA7, 0xCF, 0xF2, 0xF4, 0xF5,
    0xF5, 0xE3, 0xAE, 0x5B, 0x0C, 0x02, 0x0D, 0xC7, 0xF5, 0x40, 0x3B, 0x00,
    0x00, 0x38, 0x42, 0xF4, 0xB4, 0x00, 0x06, 0x4E, 0xD6, 0xCB, 0xB9, 0xC1,
    0xBB, 0x9E, 0x6D, 0x44, 0x26, 0x08, 0x02, 0x0D, 0x1F, 0x4B, 0x78, 0xAB,
    0xD6, 0xD2, 0xCA, 0xAA, 0x27, 0x00, 0x03, 0xC8, 0xF2, 0x43, 0x37, 0x00,
    0x00, 0x33, 0x47, 0xEC, 0xAE, 0x06, 0x02, 0x4B, 0xE8, 0xFF, 0xFF, 0xFF,
    0xFF, 0xFD, 0xF3, 0xDD, 0x69, 0x16, 0x06, 0x09, 0x27, 0xA4, 0xFB, 0xFF,
    0xFF, 0xFF, 0xFF, 0xD1, 0x28, 0x00, 0x08, 0xBC, 0xE8, 0x47, 0x33, 0x00,
    0x00, 0x30, 0x40, 0xF5, 0xCF, 0x59, 0x2B, 0x51, 0xE1, 0xFF, 0xFC, 0xFD,
    0xFE, 0xFE, 0xFF, 0xFF, 0x8C, 0x1C, 0x01, 0x03, 0x30, 0xAF, 0xFF, 0xFC,
    0xFE, 0xFC, 0xFF, 0xCC, 0x28, 0x01, 0x41, 0xCC, 0xF7, 0x42, 0x2F, 0x00,
    0x00, 0x2B, 0x35, 0xF8, 0xC5, 0x3A, 0x6F, 0x9D, 0xC2, 0xE8, 0xFA, 0xFE,
    0xFF, 0xFF, 0xFF, 0xFF, 0x8B, 0x14, 0x00, 0x00, 0x1D, 0xAD, 0xFF, 0xFF,
    0xFF, 0xFB, 0xED, 0xB6, 0x72, 0x51, 0x3C, 0xC8, 0xFD, 0x3C, 0x2A, 0x00,
    0x00, 0x29, 0x18, 0xE7, 0xC2, 0x04, 0x2C, 0xA3, 0xF1, 0xEA, 0xEE, 0xEF,
    0xEE, 0xED, 0xE6, 0xD6, 0x97, 0x42, 0x16, 0x1C, 0x4D, 0xA3, 0xD0, 0xE5,
    0xEB, 0xE9, 0xE5, 0xE1, 0x7D, 0x08, 0x00, 0xC6, 0xED, 0x1B, 0x28, 0x00,
    0x00, 0x1F, 0x00, 0x63, 0xCA, 0x0A, 0x23, 0x8D, 0xFE, 0xFF, 0xFF, 0xFF,
    0xFD, 0xF9, 0xF4, 0xEB, 0xCE, 0x83, 0x58, 0x51, 0x74, 0xC7, 0xED, 0xF9,
    0xFE, 0xFF, 0xFF, 0xFB, 0x58, 0x00, 0x14, 0xE8, 0x6C, 0x00, 0x20, 0x00,
    0x00, 0x12, 0x0A, 0x00, 0x40, 0x39, 0x26, 0x90, 0xFF, 0xFC, 0xFA, 0xFD,
    0xFE, 0xFF, 0xFF, 0xFF, 0xC8, 0x39, 0x00, 0x00, 0x30, 0xCD, 0xFF, 0xFD,
    0xFD, 0xFA, 0xFB, 0xF8, 0x63, 0x03, 0x35, 0x54, 0x00, 0x0C, 0x13, 0x00,
    0x00, 0x12, 0x0E, 0x0D, 0x00, 0x0A, 0x19, 0x54, 0xD8, 0xFF, 0xFF, 0xFF,
    0xFF, 0xFF, 0xFD, 0xFE, 0xC4, 0x4B, 0x0E, 0x0C, 0x40, 0xD0, 0xFF, 0xFF,
    0xFF, 0xFF, 0xFF, 0xE0, 0x3C, 0x09, 0x09, 0x00, 0x0C, 0x0F, 0x13, 0x00,
    0x00, 0x18, 0x14, 0x12, 0x07, 0x00, 0x00, 0x00, 0x0B, 0x4F, 0x99, 0xCE,
    0xEB, 0xFB, 0xFF, 0xFF, 0xC8, 0x44, 0x0C, 0x12, 0x5B, 0xE1, 0xFC, 0xEE,
    0xD3, 0xA7, 0x64, 0x17, 0x00, 0x00, 0x00, 0x07, 0x12, 0x12, 0x15, 0x00,
    0x00, 0x1B, 0x19, 0x17, 0x0C, 0x03, 0x01, 0x01, 0x00, 0x00, 0x00, 0x00,
    0x0E, 0x21, 0x2C, 0x2E, 0x20, 0x0A, 0x08, 0x0B, 0x18, 0x27, 0x23, 0x13,
    0x00, 0x00, 0x00, 0x00, 0x01, 0x00, 0x01, 0x0A, 0x17, 0x17, 0x19, 0x00,
    0x00, 0x1F, 0x1F, 0x1C, 0x13, 0x0B, 0x06, 0x03, 0x03, 0x08, 0x0E, 0x1B,
    0x11, 0x00, 0x00, 0x00, 0x00, 0x00, 0x00, 0x00, 0x00, 0x00, 0x00, 0x01,
    0x0C, 0x0F, 0x09, 0x04, 0x02, 0x02, 0x08, 0x11, 0x1C, 0x1C, 0x20, 0x00,
    0x00, 0x00, 0x00, 0x00, 0x00, 0x00, 0x00, 0x00, 0x00, 0x00, 0x00, 0x00,
    0x00, 0x00, 0x00, 0x00, 0x00, 0x00, 0x00, 0x00, 0x00, 0x00, 0x00, 0x00,
    0x00, 0x00, 0x00, 0x00, 0x00, 0x00, 0x00, 0x00, 0x00, 0x00, 0x00, 0x00,
    0x00, 0x00, 0x00, 0x00, 0x00, 0x00, 0x00, 0x00, 0x00, 0x00, 0x00, 0x00,
    0x00, 0x00, 0x00, 0x00, 0x00, 0x00, 0x00, 0x00, 0x00, 0x00, 0x00, 0x00,
    0x00, 0x00, 0x00, 0x00, 0x00, 0x00, 0x00, 0x00, 0x00, 0x00, 0x00, 0x00,
    0x00, 0x00, 0x00, 0x00, 0x00, 0x00, 0x00, 0x00, 0x00, 0x00, 0x00, 0x00,
    0x00, 0x00, 0x00, 0x00, 0x00, 0x00, 0x00, 0x00, 0x00, 0x00, 0x00, 0x00,
    0x00, 0x00, 0x00, 0x00, 0x00, 0x00, 0x00, 0x00, 0x00, 0x00, 0x00, 0x00,
    0x00, 0x00, 0x00, 0x00, 0x00, 0x00, 0x00, 0x00, 0x00, 0x00, 0x00, 0x00,
    0x00, 0x00, 0x00, 0x00, 0x00, 0x00, 0x00, 0x00, 0x00, 0x00, 0x00, 0x00,
    0x00, 0x00, 0x00, 0x00, 0x00, 0x00, 0x00, 0x00, 0x00, 0x00, 0x00, 0x00,
};

const lv_image_dsc_t kKegSmall = {
    {LV_IMAGE_HEADER_MAGIC, LV_COLOR_FORMAT_RGB565A8, 0, 36, 51, 72, 0},
    sizeof(kKegSmallMap),
    kKegSmallMap,
    nullptr,
    nullptr,
};

alignas(4) const std::uint8_t kKegLargeMap[] = {
    0x00, 0x00, 0x00, 0x00, 0x00, 0x00, 0x00, 0x00, 0x00, 0x00, 0x00, 0x00,
    0x00, 0x00, 0x00, 0x00, 0x00, 0x00, 0x00, 0x00, 0x00, 0x00, 0x00, 0x00,
    0x00, 0x00, 0x00, 0x00, 0x00, 0x00, 0x00, 0x00, 0x00, 0x00, 0x00, 0x00,
    0x00, 0x00, 0x00, 0x00, 0x00, 0x00, 0x00, 0x00, 0x00, 0x00, 0x00, 0x00,
    0x00, 0x00, 0x00, 0x00, 0x00, 0x00, 0x00, 0x00, 0x00, 0x00, 0x00, 0x00,
    0x00, 0x00, 0x00, 0x00, 0x00, 0x00, 0x00, 0x00, 0x00, 0x00, 0x00, 0x00,
    0x00, 0x00, 0x00, 0x00, 0x00, 0x00, 0x00, 0x00, 0x00, 0x00, 0x00, 0x00,
    0x00, 0x00, 0x00, 0x00, 0x00, 0x00, 0x00, 0x00, 0x00, 0x00, 0x00, 0x00,
    0x00, 0x00, 0x00, 0x00, 0x00, 0x00, 0x00, 0x00, 0x00, 0x00, 0x00, 0x00,
    0x00, 0x00, 0x00, 0x00, 0x00, 0x00, 0x00, 0x00, 0x00, 0x00, 0x00, 0x00,
    0x00, 0x00, 0x00, 0x00, 0x00, 0x00, 0x00, 0x00, 0x00, 0x00, 0x00, 0x00,
    0x00, 0x00, 0x00, 0x00, 0x00, 0x00, 0x00, 0x00, 0x00, 0x00, 0x00, 0x00,
    0x00, 0x00, 0x00, 0x00, 0x00, 0x00, 0x00, 0x00, 0x00, 0x00, 0x00, 0x00,
    0x00, 0x00, 0x00, 0x00, 0x00, 0x00, 0x00, 0x00, 0x00, 0x00, 0x00, 0x00,
    0x00, 0x00, 0x00, 0x00, 0x00, 0x00, 0x00, 0x00, 0x00, 0x00, 0x00, 0x00,
    0x00, 0x00, 0x00, 0x00, 0x00, 0x00, 0x00, 0x00, 0x00, 0x00, 0x00, 0x00,
    0x00, 0x00, 0x00, 0x00, 0x00, 0x00, 0x00, 0x00, 0x00, 0x00, 0x00, 0x00,
    0x00, 0x00, 0x00, 0x00, 0x00, 0x00, 0x00, 0x00, 0x00, 0x00, 0x00, 0x00,
    0x00, 0x00, 0x00, 0x00, 0x00, 0x00, 0x00, 0x00, 0x00, 0x00, 0x00, 0x00,
    0x00, 0x00, 0x00, 0x00, 0x00, 0x00, 0x00, 0x00, 0x00, 0x00, 0x00, 0x00,
    0x00, 0x00, 0x00, 0x00, 0x00, 0x00, 0x00, 0x00, 0x00, 0x00, 0x00, 0x00,
    0x00, 0x00, 0x00, 0x00, 0x00, 0x00, 0x00, 0x00, 0x00, 0x00, 0x00, 0x00,
    0x00, 0x00, 0x00, 0x00, 0x00, 0x00, 0x00, 0x00, 0x00, 0x00, 0x00, 0x00,
    0x00, 0x00, 0x00, 0x00, 0x00, 0x00, 0x00, 0x00, 0x00, 0x00, 0x00, 0x00,
    0x00, 0x00, 0x00, 0x00, 0x00, 0x00, 0x00, 0x00, 0x00, 0x00, 0x00, 0x00,
    0x00, 0x00, 0x00, 0x00, 0x00, 0x00, 0x00, 0x00, 0x00, 0x00, 0x00, 0x00,
    0x00, 0x00, 0x00, 0x00, 0x00, 0x00, 0x00, 0x00, 0x00, 0x00, 0x00, 0x00,
    0x00, 0x00, 0x00, 0x00, 0x00, 0x00, 0x00, 0x00, 0x00, 0x00, 0x00, 0x00,
    0x00, 0x00, 0x85, 0x00, 0x85, 0x00, 0x85, 0x00, 0x86, 0x00, 0x86, 0x00,
    0xA6, 0x00, 0xC7, 0x00, 0xC7, 0x00, 0xC8, 0x00, 0xE8, 0x00, 0xE8, 0x00,
    0x09, 0x01, 0x09, 0x01, 0x2A, 0x01, 0x2A, 0x01, 0x2A, 0x01, 0x2A, 0x01,
    0x4B, 0x01, 0x4B, 0x01, 0x6C, 0x01, 0x6C, 0x01, 0x6C, 0x01, 0x6C, 0x01,
    0x6D, 0x01, 0x6D, 0x01, 0x6D, 0x01, 0x6D, 0x01, 0x6D, 0x01, 0x6D, 0x01,
    0x6D, 0x01, 0x6D, 0x01, 0x6C, 0x01, 0x6C, 0x01, 0x4B, 0x01, 0x4B, 0x01,
    0x4B, 0x01, 0x4B, 0x01, 0x4A, 0x01, 0x2A, 0x01, 0x0A, 0x01, 0x09, 0x01,
    0xE9, 0x00, 0xE8, 0x00, 0xC8, 0x00, 0xC7, 0x00, 0xC7, 0x00, 0xC7, 0x00,
    0xA7, 0x00, 0xA6, 0x00, 0x86, 0x00, 0x85, 0x00, 0x85, 0x00, 0x85, 0x00,
    0x85, 0x00, 0x00, 0x00, 0x00, 0x00, 0x85, 0x00, 0x85, 0x00, 0x86, 0x00,
    0xA6, 0x00, 0xA6, 0x00, 0xC7, 0x00, 0xC7, 0x00, 0xC8, 0x00, 0xE8, 0x00,
    0xE8, 0x00, 0x09, 0x01, 0x2A, 0x01, 0x4A, 0x01, 0x4B, 0x01, 0x2B, 0x01,
    0x0A, 0x01, 0x0A, 0x01, 0xEA, 0x00, 0xEA, 0x00, 0xEB, 0x00, 0xEB, 0x00,
    0x0B, 0x01, 0x4C, 0x01, 0x6D, 0x01, 0x6D, 0x01, 0x8D, 0x01, 0x8D, 0x01,
    0xAD, 0x01, 0x8D, 0x01, 0x8D, 0x01, 0x6C, 0x01, 0x4C, 0x01, 0x2C, 0x01,
    0x0B, 0x01, 0xEA, 0x00, 0xEA, 0x00, 0xCA, 0x00, 0xC9, 0x00, 0xEA, 0x00,
    0x0A, 0x01, 0x0A, 0x01, 0x2A, 0x01, 0x29, 0x01, 0x09, 0x01, 0xE8, 0x00,
    0xE8, 0x00, 0xC7, 0x00, 0xA7, 0x00, 0xA7, 0x00, 0xA6, 0x00, 0x86, 0x00,
    0x86, 0x00, 0x85, 0x00, 0x85, 0x00, 0x00, 0x00, 0x00, 0x00, 0x85, 0x00,
    0x86, 0x00, 0xA6, 0x00, 0xA6, 0x00, 0xA7, 0x00, 0xC7, 0x00, 0xC8, 0x00,
    0xE8, 0x00, 0x09, 0x01, 0x2A, 0x01, 0x0A, 0x01, 0xC9, 0x00, 0xA9, 0x00,
    0xC9, 0x00, 0x0A, 0x01, 0xAC, 0x11, 0x4E, 0x2A, 0x10, 0x4B, 0xB2, 0x63,
    0x74, 0x7C, 0x16, 0x95, 0xB8, 0xAD, 0x3A, 0xC6, 0x9B, 0xCE, 0xBB, 0xD6,
    0xFC, 0xDE, 0xFC, 0xDE, 0xFC, 0xDE, 0xDB, 0xD6, 0xBB, 0xD6, 0x7A, 0xCE,
    0x3A, 0xC6, 0xF9, 0xB5, 0x97, 0xAD, 0xF5, 0x94, 0x54, 0x7C, 0xB2, 0x63,
    0xEF, 0x4A, 0x2D, 0x2A, 0x6B, 0x09, 0xEA, 0x00, 0x88, 0x00, 0x88, 0x00,
    0xC8, 0x00, 0xE9, 0x00, 0x09, 0x01, 0xE8, 0x00, 0xC7, 0x00, 0xC7, 0x00,
    0xA7, 0x00, 0xA6, 0x00, 0x86, 0x00, 0x85, 0x00, 0x85, 0x00, 0x00, 0x00,
    0x00, 0x00, 0x85, 0x00, 0xA6, 0x00, 0xA6, 0x00, 0xA7, 0x00, 0xC7, 0x00,
    0xE8, 0x00, 0x09, 0x01, 0xE9, 0x00, 0x88, 0x00, 0xA8, 0x00, 0x4A, 0x09,
    0xAF, 0x3A, 0x13, 0x74, 0x56, 0x9D, 0x19, 0xBE, 0xBB, 0xD6, 0x5D, 0xEF,
    0xFF, 0xFF, 0xFF, 0xFF, 0xFF, 0xFF, 0xFF, 0xFF, 0xFF, 0xFF, 0x7D, 0xEF,
    0x7A, 0xCE, 0xB7, 0xB5, 0x55, 0xA5, 0x14, 0x9D, 0xD4, 0x94, 0xD4, 0x94,
    0xD4, 0x94, 0x35, 0x9D, 0xD8, 0xB5, 0xBB, 0xD6, 0xDF, 0xFF, 0xFF, 0xFF,
    0xFF, 0xFF, 0xFF, 0xFF, 0xFF, 0xFF, 0x7D, 0xEF, 0xDB, 0xD6, 0xF8, 0xBD,
    0x16, 0x9D, 0xB2, 0x63, 0x2D, 0x2A, 0xC8, 0x00, 0x47, 0x00, 0xA7, 0x00,
    0xE8, 0x00, 0xC8, 0x00, 0xC7, 0x00, 0xA7, 0x00, 0x86, 0x00, 0x86, 0x00,
    0x85, 0x00, 0x00, 0x00, 0x00, 0x00, 0x86, 0x00, 0xA6, 0x00, 0xA6, 0x00,
    0xC7, 0x00, 0xE8, 0x00, 0xE8, 0x00, 0x67, 0x00, 0x09, 0x01, 0x10, 0x53,
    0x37, 0x9D, 0x7A, 0xCE, 0xBA, 0xD6, 0x59, 0xC6, 0x96, 0xAD, 0x15, 0x9D,
    0xD4, 0x94, 0x93, 0x8C, 0xF4, 0x9C, 0x55, 0xAD, 0x55, 0xAD, 0x14, 0xA5,
    0x31, 0x84, 0xEC, 0x5A, 0x08, 0x3A, 0xE4, 0x18, 0x00, 0x00, 0x00, 0x00,
    0x00, 0x00, 0x00, 0x00, 0x00, 0x00, 0x22, 0x00, 0x47, 0x19, 0x09, 0x3A,
    0x2D, 0x5B, 0x31, 0x84, 0x34, 0xA5, 0xF8, 0xBD, 0x79, 0xCE, 0xBA, 0xD6,
    0x79, 0xCE, 0x39, 0xC6, 0x79, 0xCE, 0xFB, 0xDE, 0xDB, 0xDE, 0x5A, 0xC6,
    0x94, 0x84, 0xEC, 0x29, 0x46, 0x00, 0x87, 0x00, 0xE8, 0x00, 0xA7, 0x00,
    0xA6, 0x00, 0xA6, 0x00, 0x86, 0x00, 0x00, 0x00, 0x00, 0x00, 0xA6, 0x00,
    0xA6, 0x00, 0xC7, 0x00, 0x08, 0x01, 0x67, 0x00, 0x09, 0x09, 0x13, 0x74,
    0x9B, 0xCE, 0x5D, 0xE7, 0x59, 0xCE, 0x92, 0x8C, 0x2D, 0x63, 0x2A, 0x3A,
    0xC8, 0x29, 0xA8, 0x29, 0x49, 0x42, 0x4D, 0x63, 0x51, 0x8C, 0x55, 0xAD,
    0xD7, 0xBD, 0xB6, 0xBD, 0x14, 0xA5, 0x10, 0x84, 0x2D, 0x63, 0x8A, 0x4A,
    0xE7, 0x39, 0x65, 0x31, 0x45, 0x29, 0x86, 0x31, 0xE8, 0x39, 0x28, 0x3A,
    0x29, 0x42, 0x69, 0x4A, 0x0C, 0x63, 0xCF, 0x7B, 0x92, 0x94, 0xD3, 0x9C,
    0x92, 0x94, 0xCF, 0x7B, 0x0C, 0x63, 0x6A, 0x4A, 0x09, 0x3A, 0x8B, 0x4A,
    0x6E, 0x63, 0x35, 0xA5, 0xFC, 0xDE, 0x3D, 0xE7, 0x56, 0xA5, 0xCB, 0x21,
    0x46, 0x00, 0xE8, 0x00, 0xA7, 0x00, 0xA6, 0x00, 0x86, 0x00, 0x00, 0x00,
    0x00, 0x00, 0xA6, 0x00, 0xC7, 0x00, 0xE8, 0x00, 0x46, 0x00, 0xAE, 0x42,
    0x9B, 0xD6, 0xDF, 0xFF, 0x39, 0xC6, 0x8E, 0x73, 0x29, 0x42, 0xA6, 0x31,
    0x66, 0x29, 0xC7, 0x31, 0x08, 0x42, 0xAA, 0x52, 0x6E, 0x6B, 0x92, 0x94,
    0x96, 0xB5, 0x59, 0xCE, 0xBA, 0xD6, 0x59, 0xCE, 0xD7, 0xBD, 0x92, 0x94,
    0x4C, 0x73, 0x68, 0x52, 0xC7, 0x39, 0x28, 0x2A, 0x49, 0x2A, 0x49, 0x3A,
    0x69, 0x52, 0xAA, 0x62, 0x0C, 0x6B, 0xF0, 0x7B, 0x10, 0x7C, 0x71, 0x8C,
    0x55, 0xAD, 0xF7, 0xBD, 0xD7, 0xBD, 0x34, 0xA5, 0xCF, 0x7B, 0xAA, 0x52,
    0xE7, 0x39, 0x24, 0x29, 0x82, 0x10, 0x25, 0x21, 0x8A, 0x52, 0x72, 0x8C,
    0x5D, 0xE7, 0x3D, 0xE7, 0x91, 0x63, 0x46, 0x00, 0xC7, 0x00, 0xA6, 0x00,
    0xA6, 0x00, 0x00, 0x00, 0x00, 0x00, 0xA7, 0x00, 0xE7, 0x00, 0x46, 0x00,
    0xCE, 0x4A, 0x5D, 0xEF, 0x5D, 0xE7, 0x51, 0x8C, 0x86, 0x29, 0x00, 0x00,
    0x24, 0x21, 0xA7, 0x31, 0xE7, 0x39, 0xC7, 0x31, 0xE8, 0x39, 0x6A, 0x4A,
    0x2C, 0x63, 0x10, 0x84, 0x14, 0xA5, 0xF7, 0xBD, 0x59, 0xCE, 0x7A, 0xCE,
    0x13, 0xAD, 0x54, 0x5C, 0x9B, 0x14, 0xFF, 0x04, 0x3F, 0x05, 0x7F, 0x05,
    0xDF, 0x15, 0xBE, 0x25, 0x9E, 0x15, 0x1B, 0x15, 0x15, 0x2C, 0xCE, 0x83,
    0xD3, 0x9C, 0x14, 0xA5, 0x55, 0xAD, 0x95, 0xB5, 0x34, 0xAD, 0x71, 0x8C,
    0x6D, 0x6B, 0x69, 0x4A, 0xC7, 0x39, 0x86, 0x31, 0x65, 0x29, 0x45, 0x29,
    0xA2, 0x10, 0x04, 0x21, 0xCB, 0x52, 0x9A, 0xCE, 0x7D, 0xEF, 0xB1, 0x6B,
    0x25, 0x00, 0xE7, 0x00, 0xA6, 0x00, 0x00, 0x00, 0x00, 0x00, 0xC7, 0x00,
    0xC7, 0x00, 0xA7, 0x00, 0xDB, 0xD6, 0x9E, 0xEF, 0xB3, 0x94, 0x00, 0x00,
    0x00, 0x00, 0xA6, 0x31, 0x65, 0x29, 0x86, 0x31, 0xA7, 0x31, 0xA6, 0x31,
    0xE7, 0x39, 0x69, 0x4A, 0x6D, 0x6B, 0x51, 0x8C, 0x34, 0xA5, 0xD7, 0xBD,
    0x9A, 0xD6, 0x13, 0xAD, 0x31, 0x0B, 0xBF, 0x04, 0x9F, 0x04, 0x9F, 0x04,
    0x9F, 0x04, 0x9F, 0x04, 0xDF, 0x04, 0xFF, 0x04, 0xFF, 0x04, 0xDF, 0x04,
    0xBF, 0x04, 0x5D, 0x04, 0x2C, 0x6B, 0x14, 0xA5, 0x96, 0xB5, 0xF7, 0xC5,
    0xD7, 0xBD, 0xF3, 0x9C, 0x8E, 0x73, 0x6A, 0x4A, 0xC7, 0x31, 0x45, 0x29,
    0x45, 0x21, 0x45, 0x29, 0x65, 0x29, 0xA6, 0x31, 0x00, 0x00, 0xCF, 0x73,
    0x7E, 0xEF, 0x7A, 0xCE, 0x6A, 0x19, 0x86, 0x00, 0xC7, 0x00, 0x00, 0x00,
    0x00, 0x00, 0xE7, 0x00, 0x66, 0x00, 0x8D, 0x3A, 0x7E, 0xEF, 0x9A, 0xCE,
    0x4D, 0x6B, 0xFF, 0xFF, 0xD3, 0x9C, 0x24, 0x21, 0x45, 0x29, 0xC7, 0x31,
    0x08, 0x42, 0xE7, 0x39, 0xA6, 0x31, 0xE7, 0x39, 0x49, 0x4A, 0xEB, 0x5A,
    0xAE, 0x73, 0x51, 0x8C, 0x14, 0xA5, 0x2B, 0x73, 0xD8, 0x0B, 0x1F, 0x05,
    0x3E, 0x04, 0x1E, 0x04, 0xFE, 0x03, 0x1E, 0x04, 0x1E, 0x04, 0x1E, 0x04,
    0x3F, 0x04, 0x5F, 0x04, 0x7F, 0x04, 0x9A, 0x03, 0x88, 0x21, 0x30, 0x84,
    0x71, 0x8C, 0x71, 0x8C, 0x30, 0x8C, 0x8E, 0x73, 0xCB, 0x5A, 0x49, 0x4A,
    0xC7, 0x39, 0x86, 0x31, 0x65, 0x29, 0x45, 0x29, 0x45, 0x29, 0x65, 0x29,
    0xFF, 0xFF, 0xC8, 0x39, 0xBB, 0xD6, 0xFC, 0xDE, 0x0F, 0x4B, 0x46, 0x00,
    0xE7, 0x00, 0x00, 0x00, 0x00, 0x00, 0xC7, 0x00, 0x66, 0x00, 0xAE, 0x42,
    0x3C, 0xE7, 0x3D, 0xE7, 0x38, 0xC6, 0x00, 0x00, 0x00, 0x00, 0xC7, 0x39,
    0x65, 0x29, 0x65, 0x29, 0x45, 0x29, 0xA6, 0x31, 0x2C, 0x63, 0x71, 0x8C,
    0x34, 0xA5, 0xF7, 0xBD, 0x79, 0xCE, 0xFB, 0xDE, 0x7E, 0xEF, 0x97, 0xDE,
    0x15, 0x01, 0x7C, 0x03, 0x5F, 0x04, 0xFF, 0x14, 0xDF, 0x0C, 0x7F, 0x04,
    0x5E, 0x0C, 0x5E, 0x0C, 0xFD, 0x03, 0x5A, 0x03, 0x35, 0x02, 0xCC, 0x00,
    0xE0, 0x79, 0xDB, 0xDE, 0x9E, 0xF7, 0x5D, 0xEF, 0xFB, 0xDE, 0x59, 0xCE,
    0x14, 0xA5, 0xCF, 0x7B, 0x49, 0x4A, 0x82, 0x10, 0x20, 0x00, 0x25, 0x21,
    0x86, 0x31, 0x46, 0x29, 0x00, 0x00, 0xDB, 0xDE, 0x3D, 0xE7, 0x9A, 0xCE,
    0xEE, 0x4A, 0x46, 0x00, 0xE7, 0x00, 0x00, 0x00, 0x00, 0x00, 0xC7, 0x00,
    0x87, 0x00, 0x0B, 0x2A, 0xBA, 0xD6, 0x9A, 0xCE, 0x7D, 0xEF, 0xDB, 0xDE,
    0x00, 0x00, 0x00, 0x00, 0x20, 0x00, 0x51, 0x8C, 0xF3, 0x9C, 0x51, 0x84,
    0x10, 0x84, 0xCF, 0x73, 0x8E, 0x73, 0xEF, 0x7B, 0x71, 0x8C, 0x55, 0xAD,
    0x9A, 0xD6, 0x7A, 0xCE, 0xB0, 0x9C, 0x2F, 0x09, 0x97, 0x12, 0x7B, 0x0B,
    0x7B, 0x0B, 0x98, 0x02, 0x16, 0x02, 0xD3, 0x01, 0x30, 0x01, 0xCC, 0x00,
    0x49, 0x00, 0x00, 0x30, 0x76, 0xAD, 0x79, 0xCE, 0x59, 0xCE, 0xBA, 0xD6,
    0x9A, 0xD6, 0x18, 0xC6, 0xB6, 0xB5, 0x34, 0xAD, 0x14, 0xA5, 0xD3, 0x9C,
    0x51, 0x8C, 0x86, 0x31, 0x00, 0x00, 0xA2, 0x10, 0x5D, 0xE7, 0x7E, 0xEF,
    0x59, 0xC6, 0x9A, 0xCE, 0x2C, 0x32, 0x87, 0x00, 0xC7, 0x00, 0x00, 0x00,
    0x00, 0x00, 0xE8, 0x00, 0x87, 0x00, 0x0B, 0x2A, 0xBB, 0xD6, 0xB3, 0x8C,
    0x93, 0x8C, 0xBF, 0xF7, 0x7D, 0xEF, 0x1C, 0xE7, 0x14, 0xA5, 0xB3, 0x94,
    0x8A, 0x52, 0x04, 0x21, 0x86, 0x29, 0x08, 0x42, 0xEC, 0x5A, 0xF0, 0x7B,
    0x14, 0xA5, 0x59, 0xCE, 0xFB, 0xDE, 0x18, 0xC6, 0x8A, 0x4A, 0x00, 0x00,
    0xC2, 0xEC, 0x6A, 0x83, 0x29, 0x52, 0x04, 0x20, 0x03, 0x00, 0x00, 0x00,
    0xE0, 0xB9, 0x00, 0x00, 0x00, 0x00, 0xA8, 0x31, 0xF3, 0x9C, 0x59, 0xCE,
    0x1C, 0xE7, 0xFB, 0xDE, 0x59, 0xCE, 0x35, 0xA5, 0xCF, 0x7B, 0xAB, 0x52,
    0xE7, 0x39, 0xE7, 0x39, 0x4D, 0x63, 0xD3, 0x9C, 0xDB, 0xDE, 0x5D, 0xEF,
    0x9E, 0xEF, 0x72, 0x8C, 0x14, 0x9D, 0x9A, 0xD6, 0x0B, 0x2A, 0x87, 0x00,
    0xC7, 0x00, 0x00, 0x00, 0x00, 0x00, 0xE8, 0x00, 0x87, 0x00, 0x0B, 0x2A,
    0xDB, 0xD6, 0xF0, 0x7B, 0x25, 0x21, 0x2D, 0x63, 0x14, 0x9D, 0x1C, 0xDF,
    0x1C, 0xDF, 0xDB, 0xDE, 0xF4, 0x9C, 0x4D, 0x6B, 0xEC, 0x5A, 0x2D, 0x63,
    0xCF, 0x73, 0x72, 0x8C, 0x14, 0xA5, 0xF8, 0xBD, 0x51, 0x84, 0x62, 0x08,
    0x29, 0x3A, 0x00, 0x00, 0x00, 0x00, 0xC5, 0x10, 0xA7, 0x29, 0x00, 0x00,
    0xFF, 0xFF, 0xFF, 0xFF, 0x00, 0x00, 0xFF, 0x7F, 0xB5, 0x52, 0x4D, 0x4A,
    0xA3, 0x10, 0x45, 0x21, 0x59, 0xCE, 0xBA, 0xD6, 0x39, 0xC6, 0xB6, 0xB5,
    0xF3, 0x9C, 0x30, 0x84, 0xCF, 0x7B, 0x92, 0x8C, 0xBA, 0xD6, 0xFB, 0xDE,
    0xFC, 0xDE, 0x14, 0x9D, 0xAB, 0x52, 0xC7, 0x31, 0x51, 0x84, 0x9A, 0xCE,
    0x0B, 0x2A, 0x87, 0x00, 0xE8, 0x00, 0x00, 0x00, 0x00, 0x00, 0xE8, 0x00,
    0x87, 0x00, 0xEB, 0x29, 0xBB, 0xD6, 0x31, 0x7C, 0xA7, 0x29, 0x00, 0x00,
    0x00, 0x00, 0xCC, 0x52, 0x72, 0x84, 0x18, 0xBE, 0x3D, 0xE7, 0x5D, 0xEF,
    0xDB, 0xDE, 0x38, 0xC6, 0xB7, 0xB5, 0x75, 0xAD, 0xB6, 0xB5, 0xD7, 0xB5,
    0x10, 0x7C, 0x8B, 0x52, 0x49, 0x4A, 0x00, 0x00, 0x01, 0x00, 0x4A, 0x42,
    0x42, 0x00, 0x00, 0x00, 0x00, 0x00, 0x00, 0x00, 0x00, 0x00, 0x00, 0x00,
    0x00, 0x00, 0x00, 0x00, 0x29, 0x42, 0x4D, 0x63, 0xF3, 0x9C, 0xF8, 0xBD,
    0x18, 0xC6, 0x18, 0xC6, 0x39, 0xC6, 0x9A, 0xD6, 0xFB, 0xDE, 0xDB, 0xD6,
    0x96, 0xAD, 0xCF, 0x73, 0x08, 0x3A, 0x00, 0x00, 0x00, 0x00, 0xC7, 0x31,
    0x72, 0x8C, 0x9A, 0xD6, 0xEB, 0x29, 0xA7, 0x00, 0xE8, 0x00, 0x00, 0x00,
    0x00, 0x00, 0xE8, 0x00, 0xA7, 0x00, 0xEB, 0x21, 0x9A, 0xD6, 0x52, 0x84,
    0x86, 0x29, 0x86, 0x31, 0x00, 0x00, 0x00, 0x00, 0x62, 0x08, 0x29, 0x42,
    0xCF, 0x73, 0xD7, 0xB5, 0x3C, 0xE7, 0xBE, 0xF7, 0xBE, 0xF7, 0x7D, 0xEF,
    0x3C, 0xE7, 0xFC, 0xDE, 0xFB, 0xDE, 0xFB, 0xDE, 0x1C, 0xDF, 0x1C, 0xDF,
    0xFB, 0xDE, 0xBA, 0xD6, 0xDB, 0xDE, 0x7E, 0xEF, 0x9E, 0xF7, 0x7E, 0xF7,
    0x1C, 0xDF, 0xFC, 0xDE, 0x3C, 0xE7, 0x1C, 0xE7, 0x3C, 0xE7, 0x1C, 0xDF,
    0xDB, 0xDE, 0xFB, 0xDE, 0xFC, 0xDE, 0x3D, 0xE7, 0x7D, 0xEF, 0xFB, 0xDE,
    0x96, 0xB5, 0x8E, 0x6B, 0xE8, 0x39, 0x61, 0x08, 0x00, 0x00, 0x00, 0x00,
    0x86, 0x29, 0xC7, 0x31, 0x92, 0x8C, 0x7A, 0xCE, 0xCB, 0x21, 0xA8, 0x00,
    0xE8, 0x00, 0x00, 0x00, 0x00, 0x00, 0xE8, 0x00, 0xA7, 0x00, 0xCB, 0x21,
    0x7A, 0xCE, 0x72, 0x8C, 0xA7, 0x31, 0xC3, 0x18, 0x8C, 0x31, 0x46, 0x21,
    0x66, 0x29, 0x86, 0x29, 0x08, 0x3A, 0x8E, 0x6B, 0x76, 0xAD, 0xFB, 0xDE,
    0xBE, 0xF7, 0xFF, 0xFF, 0xFF, 0xFF, 0xDF, 0xFF, 0x9E, 0xF7, 0x5D, 0xEF,
    0xFB, 0xDE, 0x9A, 0xCE, 0x18, 0xBE, 0xB7, 0xB5, 0xB7, 0xB5, 0xB7, 0xB5,
    0x96, 0xAD, 0x96, 0xAD, 0x96, 0xAD, 0x35, 0xA5, 0xB3, 0x94, 0x31, 0x84,
    0x71, 0x8C, 0x14, 0xA5, 0x38, 0xC6, 0x1C, 0xE7, 0x9E, 0xF7, 0x9E, 0xF7,
    0xDB, 0xDE, 0x75, 0xAD, 0xAF, 0x73, 0x6A, 0x4A, 0xC7, 0x31, 0x66, 0x29,
    0xC7, 0x21, 0x00, 0x00, 0x66, 0x29, 0x08, 0x3A, 0xF4, 0x9C, 0x9A, 0xCE,
    0xCB, 0x21, 0xA8, 0x00, 0xE8, 0x00, 0x00, 0x00, 0x00, 0x00, 0xE8, 0x00,
    0xA7, 0x00, 0xAA, 0x19, 0x9A, 0xCE, 0x9A, 0xCE, 0x6A, 0x4A, 0x25, 0x21,
    0x00, 0x00, 0x05, 0x21, 0x66, 0x21, 0xE8, 0x39, 0xCB, 0x52, 0x10, 0x7C,
    0x96, 0xB5, 0xFB, 0xDE, 0xBE, 0xF7, 0xDF, 0xFF, 0xBE, 0xFF, 0x7D, 0xEF,
    0xDB, 0xDE, 0xF7, 0xBD, 0xD3, 0x94, 0x8E, 0x6B, 0x8A, 0x4A, 0xE8, 0x31,
    0x25, 0x21, 0x42, 0x00, 0x00, 0x00, 0x00, 0x00, 0x00, 0x00, 0x00, 0x00,
    0x00, 0x00, 0x25, 0x21, 0x08, 0x42, 0x4D, 0x63, 0xF4, 0x9C, 0x7A, 0xCE,
    0x5D, 0xEF, 0x7D, 0xEF, 0xFB, 0xDE, 0x96, 0xB5, 0x10, 0x7C, 0xAB, 0x52,
    0xC7, 0x31, 0x25, 0x21, 0x24, 0x21, 0x00, 0x00, 0xC7, 0x31, 0x28, 0x42,
    0x14, 0xA5, 0x9A, 0xD6, 0xAB, 0x19, 0xA8, 0x00, 0x08, 0x01, 0x00, 0x00,
    0x00, 0x00, 0xE8, 0x00, 0xA7, 0x00, 0xAA, 0x19, 0x9A, 0xD6, 0xD7, 0xBD,
    0x8A, 0x4A, 0x65, 0x29, 0x00, 0x00, 0x24, 0x21, 0x25, 0x21, 0xA7, 0x31,
    0x8A, 0x4A, 0xCF, 0x73, 0x76, 0xAD, 0xFB, 0xDE, 0xBE, 0xF7, 0xDF, 0xFF,
    0xFF, 0xFF, 0xFF, 0xFF, 0x3C, 0xE7, 0xF8, 0xBD, 0xF4, 0x9C, 0xAF, 0x73,
    0xCB, 0x52, 0x29, 0x3A, 0xA7, 0x31, 0x66, 0x29, 0xA6, 0x31, 0xF7, 0xBD,
    0xEF, 0x7B, 0xC7, 0x31, 0x86, 0x29, 0xC7, 0x31, 0x6A, 0x4A, 0xAF, 0x73,
    0x35, 0xA5, 0xBA, 0xD6, 0x7D, 0xEF, 0x9E, 0xF7, 0xFB, 0xDE, 0x76, 0xAD,
    0xCF, 0x73, 0x6A, 0x4A, 0xA7, 0x31, 0x25, 0x21, 0x00, 0x00, 0x00, 0x00,
    0xC7, 0x31, 0xE8, 0x39, 0x35, 0xA5, 0x9A, 0xCE, 0xAA, 0x19, 0xC8, 0x00,
    0x08, 0x01, 0x00, 0x00, 0x00, 0x00, 0xE8, 0x00, 0xC8, 0x00, 0x29, 0x09,
    0x59, 0xC6, 0xF4, 0x9C, 0x29, 0x42, 0xA2, 0x10, 0xFF, 0xFF, 0x45, 0x19,
    0x45, 0x21, 0xA6, 0x31, 0x49, 0x42, 0xAE, 0x6B, 0x55, 0xAD, 0xDB, 0xDE,
    0x9E, 0xF7, 0xFF, 0xFF, 0x9E, 0xF7, 0x79, 0xCE, 0x59, 0xCE, 0x39, 0xC6,
    0xD3, 0x9C, 0xCF, 0x73, 0xEC, 0x5A, 0x29, 0x42, 0xC7, 0x31, 0x45, 0x21,
    0x24, 0x21, 0xE3, 0x18, 0xC6, 0x18, 0x24, 0x19, 0x45, 0x21, 0xC7, 0x31,
    0xAB, 0x52, 0xAF, 0x73, 0x14, 0x9D, 0x9A, 0xD6, 0x7D, 0xEF, 0x7D, 0xEF,
    0xDB, 0xDE, 0x75, 0xAD, 0xAF, 0x73, 0x6A, 0x4A, 0xC7, 0x31, 0x45, 0x21,
    0x00, 0x00, 0x00, 0x00, 0xC4, 0x18, 0xEB, 0x52, 0x34, 0xA5, 0xF8, 0xBD,
    0x29, 0x09, 0xC8, 0x00, 0xE8, 0x00, 0x00, 0x00, 0x00, 0x00, 0xE8, 0x00,
    0xC8, 0x00, 0x49, 0x09, 0x39, 0xC6, 0x72, 0x84, 0x86, 0x29, 0x00, 0x00,
    0xFF, 0xFF, 0x24, 0x21, 0x45, 0x21, 0xA7, 0x31, 0x6A, 0x4A, 0xCF, 0x73,
    0x55, 0xAD, 0xDB, 0xDE, 0x9E, 0xF7, 0xFF, 0xFF, 0xF8, 0xBD, 0x00, 0x00,
    0x4E, 0x73, 0x96, 0xB5, 0xF3, 0x9C, 0xAF, 0x73, 0xEC, 0x52, 0x49, 0x42,
    0xC7, 0x31, 0x45, 0x21, 0x04, 0x21, 0xE7, 0x39, 0x65, 0x29, 0x83, 0x10,
    0xA6, 0x29, 0x08, 0x42, 0x29, 0x42, 0x4D, 0x63, 0x14, 0x9D, 0x7A, 0xCE,
    0x5D, 0xEF, 0x7D, 0xEF, 0xBB, 0xDE, 0x55, 0xAD, 0xAF, 0x73, 0x6A, 0x4A,
    0xC7, 0x31, 0x25, 0x21, 0x00, 0x00, 0x00, 0x00, 0x24, 0x21, 0xA6, 0x29,
    0x71, 0x84, 0x18, 0xC6, 0x4A, 0x09, 0xC8, 0x00, 0xE8, 0x00, 0x00, 0x00,
    0x00, 0x00, 0xC8, 0x00, 0xC8, 0x00, 0x29, 0x09, 0x39, 0xC6, 0x92, 0x94,
    0x49, 0x42, 0x24, 0x21, 0x00, 0x00, 0x86, 0x31, 0x45, 0x21, 0x86, 0x29,
    0x29, 0x42, 0x8E, 0x6B, 0x55, 0xA5, 0xDB, 0xDE, 0x9E, 0xF7, 0xFF, 0xFF,
    0x55, 0xAD, 0x00, 0x00, 0x00, 0x00, 0x14, 0xA5, 0x14, 0x9D, 0xAF, 0x73,
    0xCB, 0x52, 0x29, 0x42, 0xA7, 0x31, 0x45, 0x21, 0x24, 0x19, 0xA5, 0x10,
    0x45, 0x29, 0xE3, 0x10, 0xCB, 0x52, 0x00, 0x00, 0x00, 0x00, 0x10, 0x84,
    0x14, 0x9D, 0x7A, 0xCE, 0x5D, 0xEF, 0x7D, 0xEF, 0xBA, 0xD6, 0x34, 0xA5,
    0x8E, 0x6B, 0x49, 0x42, 0xA7, 0x31, 0x04, 0x21, 0x00, 0x00, 0x00, 0x00,
    0xA3, 0x10, 0x08, 0x42, 0xB3, 0x94, 0xF8, 0xBD, 0x49, 0x09, 0xC8, 0x00,
    0xE8, 0x00, 0x00, 0x00, 0x00, 0x00, 0xC7, 0x00, 0xC8, 0x00, 0xA7, 0x00,
    0x5A, 0xC6, 0x18, 0xC6, 0x6D, 0x6B, 0x49, 0x42, 0x65, 0x29, 0x05, 0x21,
    0x46, 0x21, 0xA6, 0x31, 0x69, 0x4A, 0xAF, 0x73, 0x55, 0xAD, 0xBB, 0xD6,
    0x9E, 0xF7, 0xFF, 0xFF, 0xFC, 0xDE, 0xB7, 0xB5, 0x59, 0xCE, 0xD7, 0xBD,
    0xB2, 0x94, 0xCF, 0x73, 0xEC, 0x5A, 0x29, 0x3A, 0x86, 0x29, 0x45, 0x21,
    0xE4, 0x18, 0x45, 0x29, 0x86, 0x21, 0xA2, 0x10, 0xEF, 0x7B, 0x92, 0x94,
    0xD7, 0xBD, 0xB2, 0x94, 0xD3, 0x9C, 0x9A, 0xD6, 0x5D, 0xEF, 0x5D, 0xEF,
    0x9A, 0xD6, 0x14, 0x9D, 0x6D, 0x6B, 0x49, 0x42, 0x86, 0x29, 0x25, 0x21,
    0xEF, 0x7B, 0x69, 0x4A, 0x29, 0x3A, 0x8E, 0x6B, 0x59, 0xC6, 0xD7, 0xB5,
    0xE8, 0x00, 0xE8, 0x00, 0xE8, 0x00, 0x00, 0x00, 0x00, 0x00, 0xC7, 0x00,
    0xC7, 0x00, 0xC7, 0x00, 0x9A, 0xCE, 0x55, 0xA5, 0xAB, 0x52, 0x6E, 0x6B,
    0xEB, 0x52, 0x66, 0x29, 0x62, 0x08, 0x65, 0x29, 0x29, 0x42, 0x8E, 0x6B,
    0x35, 0xA5, 0x9A, 0xD6, 0x7D, 0xEF, 0xBE, 0xF7, 0xBE, 0xF7, 0xBF, 0xF7,
    0x3C, 0xE7, 0xD7, 0xB5, 0xB2, 0x94, 0xAF, 0x73, 0xCB, 0x52, 0x28, 0x3A,
    0x86, 0x29, 0x25, 0x21, 0x45, 0x19, 0x45, 0x29, 0x45, 0x29, 0xE3, 0x10,
    0x29, 0x42, 0x31, 0x84, 0xCF, 0x73, 0x6D, 0x6B, 0x14, 0x9D, 0x79, 0xCE,
    0x3C, 0xE7, 0x3C, 0xE7, 0x7A, 0xCE, 0x34, 0xA5, 0xAE, 0x73, 0x6A, 0x4A,
    0x86, 0x29, 0x83, 0x08, 0x65, 0x21, 0x49, 0x4A, 0xCB, 0x52, 0xCB, 0x52,
    0xB7, 0xB5, 0x18, 0xBE, 0xE8, 0x00, 0xE8, 0x00, 0xC8, 0x00, 0x00, 0x00,
    0x00, 0x00, 0xC7, 0x00, 0xC7, 0x00, 0xA6, 0x00, 0x59, 0xC6, 0x55, 0xA5,
    0xC7, 0x31, 0xAA, 0x52, 0xEF, 0x73, 0xEF, 0x73, 0xCF, 0x7B, 0x0C, 0x5B,
    0x8A, 0x4A, 0x2D, 0x63, 0xB3, 0x94, 0x59, 0xCE, 0x9E, 0xF7, 0xFF, 0xFF,
    0xFF, 0xFF, 0x7D, 0xEF, 0xBA, 0xD6, 0xD7, 0xBD, 0xB3, 0x94, 0x8E, 0x6B,
    0xCB, 0x52, 0x29, 0x42, 0xA7, 0x31, 0x45, 0x21, 0x24, 0x21, 0x86, 0x31,
    0xC3, 0x18, 0x45, 0x21, 0x45, 0x21, 0x86, 0x29, 0x49, 0x42, 0x8E, 0x6B,
    0x55, 0xA5, 0xDB, 0xDE, 0x9E, 0xF7, 0x9E, 0xF7, 0x9A, 0xD6, 0xF4, 0x9C,
    0x6E, 0x6B, 0x8A, 0x4A, 0xAB, 0x52, 0x0C, 0x5B, 0xCB, 0x52, 0xAB, 0x52,
    0xC7, 0x31, 0xC7, 0x31, 0x76, 0xAD, 0x39, 0xC6, 0xA7, 0x00, 0xE8, 0x00,
    0xE7, 0x00, 0x00, 0x00, 0x00, 0x00, 0xE7, 0x00, 0xA7, 0x00, 0x49, 0x11,
    0x7A, 0xCE, 0x96, 0xAD, 0x08, 0x3A, 0x00, 0x00, 0x00, 0x00, 0xEB, 0x4A,
    0xEF, 0x7B, 0x51, 0x84, 0xB3, 0x94, 0x76, 0xAD, 0xB6, 0xB5, 0xB6, 0xB5,
    0x96, 0xB5, 0xF7, 0xBD, 0x38, 0xC6, 0x38, 0xC6, 0xF7, 0xBD, 0x55, 0xA5,
    0x71, 0x8C, 0x6E, 0x6B, 0xAB, 0x52, 0x08, 0x3A, 0x66, 0x29, 0xE3, 0x10,
    0x00, 0x00, 0x00, 0x00, 0x00, 0x00, 0xE3, 0x10, 0x25, 0x21, 0xC7, 0x31,
    0x49, 0x42, 0x6D, 0x6B, 0xB3, 0x94, 0x96, 0xB5, 0xD7, 0xBD, 0x96, 0xB5,
    0x75, 0xAD, 0x34, 0xA5, 0x34, 0xA5, 0x92, 0x8C, 0xCF, 0x7B, 0x8E, 0x6B,
    0xEE, 0x5A, 0x00, 0x00, 0x00, 0x00, 0x08, 0x3A, 0x76, 0xAD, 0x39, 0xC6,
    0x6A, 0x19, 0xA7, 0x00, 0xE7, 0x00, 0x00, 0x00, 0x00, 0x00, 0xE7, 0x00,
    0x05, 0x00, 0xD1, 0x6B, 0x3D, 0xE7, 0x55, 0xA5, 0x08, 0x3A, 0xE3, 0x18,
    0xAA, 0x52, 0x00, 0x00, 0x20, 0x00, 0x04, 0x19, 0x29, 0x42, 0xCF, 0x73,
    0x96, 0xB5, 0xDB, 0xDE, 0x3C, 0xE7, 0x3C, 0xE7, 0xDB, 0xD6, 0x59, 0xCE,
    0xF8, 0xBD, 0x96, 0xB5, 0x14, 0xA5, 0x71, 0x8C, 0xCF, 0x73, 0x2C, 0x63,
    0xAA, 0x52, 0x49, 0x42, 0x29, 0x42, 0x49, 0x42, 0x29, 0x42, 0x29, 0x42,
    0x6A, 0x4A, 0xEC, 0x5A, 0xAF, 0x73, 0x92, 0x94, 0x96, 0xAD, 0x59, 0xCE,
    0xDB, 0xDE, 0x1C, 0xE7, 0x9A, 0xD6, 0x75, 0xAD, 0xEF, 0x7B, 0x29, 0x42,
    0xE4, 0x18, 0x00, 0x00, 0x00, 0x00, 0xAA, 0x52, 0xE4, 0x18, 0xE8, 0x39,
    0x55, 0xA5, 0x9A, 0xCE, 0xD1, 0x6B, 0x25, 0x00, 0xE7, 0x00, 0x00, 0x00,
    0x00, 0x00, 0xE7, 0x08, 0x04, 0x00, 0xD4, 0x94, 0x3D, 0xE7, 0x35, 0xA5,
    0x29, 0x42, 0x82, 0x10, 0x00, 0x00, 0xE7, 0x39, 0x45, 0x29, 0x86, 0x31,
    0x29, 0x42, 0x6D, 0x63, 0xF3, 0x9C, 0x59, 0xCE, 0x7D, 0xEF, 0xDF, 0xFF,
    0xDF, 0xFF, 0x9E, 0xF7, 0x1C, 0xE7, 0x59, 0xCE, 0x96, 0xAD, 0xD3, 0x9C,
    0x51, 0x84, 0x31, 0x84, 0x31, 0x84, 0x10, 0x7C, 0xAF, 0x73, 0x4D, 0x63,
    0x0C, 0x5B, 0x2D, 0x63, 0x6E, 0x6B, 0x4D, 0x63, 0x4D, 0x6B, 0x51, 0x84,
    0x76, 0xAD, 0xDB, 0xDE, 0x7D, 0xEF, 0x3D, 0xE7, 0x38, 0xC6, 0xB2, 0x94,
    0x0C, 0x5B, 0x08, 0x3A, 0x86, 0x29, 0x65, 0x29, 0x00, 0x00, 0x00, 0x00,
    0x05, 0x21, 0x29, 0x42, 0xF4, 0x9C, 0xBA, 0xD6, 0xB4, 0x8C, 0x05, 0x00,
    0xE7, 0x00, 0x00, 0x00, 0x00, 0x00, 0xE7, 0x08, 0x04, 0x00, 0xD4, 0x94,
    0x9E, 0xF7, 0x38, 0xC6, 0x4D, 0x63, 0x62, 0x08, 0x00, 0x00, 0x00, 0x00,
    0x26, 0x21, 0x86, 0x29, 0x08, 0x3A, 0x4D, 0x63, 0xF4, 0x9C, 0x79, 0xCE,
    0x7D, 0xEF, 0xBE, 0xF7, 0xBE, 0xF7, 0x5D, 0xEF, 0x9A, 0xD6, 0x96, 0xAD,
    0x71, 0x8C, 0x4D, 0x63, 0x6A, 0x4A, 0xC7, 0x31, 0x04, 0x21, 0x41, 0x00,
    0x00, 0x00, 0x00, 0x00, 0x00, 0x00, 0x00, 0x00, 0x00, 0x00, 0x45, 0x29,
    0x29, 0x42, 0x4D, 0x63, 0xF4, 0x9C, 0x9A, 0xCE, 0x5D, 0xEF, 0x3C, 0xE7,
    0x59, 0xCE, 0x92, 0x8C, 0xEB, 0x5A, 0xE7, 0x39, 0x45, 0x21, 0x49, 0x4A,
    0xF7, 0xBD, 0x00, 0x00, 0x82, 0x10, 0xEB, 0x5A, 0xF8, 0xBD, 0x5D, 0xEF,
    0xB4, 0x8C, 0x04, 0x00, 0xE7, 0x08, 0x00, 0x00, 0x00, 0x00, 0xE7, 0x00,
    0x24, 0x00, 0x70, 0x5B, 0xFC, 0xDE, 0xD3, 0x94, 0xD7, 0xB5, 0xF0, 0x7B,
    0x86, 0x29, 0x00, 0x00, 0x21, 0x00, 0x65, 0x29, 0x08, 0x3A, 0x0C, 0x5B,
    0xB3, 0x94, 0x59, 0xCE, 0x5D, 0xEF, 0xBE, 0xF7, 0xBE, 0xF7, 0x5D, 0xEF,
    0x9A, 0xD6, 0xB6, 0xB5, 0x92, 0x8C, 0x8E, 0x6B, 0xCB, 0x52, 0x08, 0x42,
    0xA6, 0x31, 0x65, 0x29, 0x65, 0x29, 0xE7, 0x39, 0x86, 0x31, 0xAA, 0x52,
    0x45, 0x29, 0x86, 0x29, 0x49, 0x42, 0x6E, 0x6B, 0x14, 0xA5, 0x9A, 0xCE,
    0x3C, 0xE7, 0x1C, 0xE7, 0x18, 0xC6, 0x51, 0x8C, 0xAB, 0x52, 0xC7, 0x31,
    0x45, 0x21, 0x00, 0x00, 0x00, 0x00, 0x66, 0x29, 0xCF, 0x73, 0xD7, 0xB5,
    0x55, 0xA5, 0xFB, 0xDE, 0x2F, 0x53, 0x25, 0x00, 0xC7, 0x00, 0x00, 0x00,
    0x00, 0x00, 0xA6, 0x00, 0xA6, 0x00, 0x86, 0x00, 0xD8, 0xBD, 0x8F, 0x6B,
    0x49, 0x42, 0x10, 0x7C, 0x31, 0x84, 0xF0, 0x7B, 0xAA, 0x52, 0xA7, 0x31,
    0x08, 0x3A, 0x0C, 0x5B, 0xB2, 0x94, 0x39, 0xC6, 0x3C, 0xE7, 0x9E, 0xF7,
    0x9E, 0xF7, 0x3C, 0xE7, 0x9A, 0xD6, 0x96, 0xB5, 0x71, 0x8C, 0x4D, 0x63,
    0x6A, 0x4A, 0xC7, 0x39, 0x66, 0x29, 0x24, 0x21, 0x45, 0x29, 0x00, 0x00,
    0x00, 0x00, 0x00, 0x00, 0xE5, 0x18, 0x66, 0x29, 0x29, 0x42, 0x6E, 0x6B,
    0x14, 0x9D, 0x79, 0xCE, 0x3C, 0xE7, 0xFB, 0xE6, 0x18, 0xC6, 0x92, 0x94,
    0x0C, 0x5B, 0xE8, 0x39, 0x65, 0x29, 0x0C, 0x63, 0x51, 0x8C, 0x31, 0x84,
    0x51, 0x84, 0xAB, 0x52, 0xCF, 0x7B, 0xB7, 0xB5, 0x86, 0x00, 0xA6, 0x00,
    0xA6, 0x00, 0x00, 0x00, 0x00, 0x00, 0xA6, 0x00, 0xA6, 0x00, 0x86, 0x00,
    0x96, 0xAD, 0xB3, 0x94, 0xE8, 0x39, 0x00, 0x00, 0x8A, 0x4A, 0xCF, 0x73,
    0x75, 0xAD, 0xF7, 0xBD, 0x14, 0xA5, 0x72, 0x8C, 0xF4, 0x9C, 0x18, 0xC6,
    0x1C, 0xE7, 0xBE, 0xF7, 0xBE, 0xF7, 0x5D, 0xEF, 0xBA, 0xD6, 0xB7, 0xB5,
    0x92, 0x8C, 0x6D, 0x6B, 0x6A, 0x4A, 0xE8, 0x39, 0x86, 0x29, 0x45, 0x29,
    0xE7, 0x39, 0xEF, 0x7B, 0xEF, 0x7B, 0x24, 0x21, 0x45, 0x21, 0x86, 0x29,
    0x29, 0x42, 0x8E, 0x6B, 0x35, 0xA5, 0xDB, 0xDE, 0x7D, 0xEF, 0x1C, 0xE7,
    0xD7, 0xBD, 0x71, 0x8C, 0xAF, 0x73, 0x10, 0x7C, 0x14, 0x9D, 0xD3, 0x94,
    0x6E, 0x6B, 0x8A, 0x4A, 0x00, 0x00, 0x08, 0x3A, 0xD3, 0x94, 0xF4, 0x9C,
    0xA6, 0x00, 0xA6, 0x00, 0xA6, 0x00, 0x00, 0x00, 0x00, 0x00, 0xA6, 0x00,
    0xA6, 0x00, 0x45, 0x00, 0x59, 0xC6, 0x76, 0xAD, 0x8A, 0x4A, 0x49, 0x42,
    0xE3, 0x10, 0xC3, 0x10, 0xEC, 0x5A, 0xB3, 0x94, 0x1C, 0xE7, 0xDF, 0xFF,
    0x7D, 0xEF, 0xBA, 0xD6, 0x79, 0xCE, 0x9A, 0xD6, 0x9A, 0xD6, 0x9A, 0xCE,
    0x38, 0xC6, 0x96, 0xB5, 0x92, 0x94, 0x6E, 0x6B, 0x8A, 0x4A, 0xC7, 0x31,
    0xE4, 0x18, 0x00, 0x00, 0x00, 0x00, 0x00, 0x00, 0x00, 0x00, 0x00, 0x00,
    0x04, 0x19, 0xA7, 0x31, 0x69, 0x4A, 0x6E, 0x6B, 0x72, 0x8C, 0xF4, 0x9C,
    0x34, 0xA5, 0x14, 0xA5, 0x55, 0xA5, 0x18, 0xC6, 0xBA, 0xD6, 0x59, 0xCE,
    0x51, 0x84, 0x69, 0x4A, 0x62, 0x08, 0xC3, 0x18, 0x29, 0x42, 0xAB, 0x52,
    0x96, 0xAD, 0xD7, 0xB5, 0x65, 0x00, 0xA6, 0x00, 0xA6, 0x00, 0x00, 0x00,
    0x00, 0x00, 0xA6, 0x00, 0xA6, 0x00, 0x45, 0x00, 0x39, 0xC6, 0xD7, 0xB5,
    0x49, 0x42, 0xA7, 0x31, 0xE8, 0x39, 0xC7, 0x31, 0x00, 0x00, 0xC3, 0x10,
    0x0C, 0x5B, 0x14, 0xA5, 0x7D, 0xEF, 0xFF, 0xFF, 0xFF, 0xFF, 0xFF, 0xFF,
    0xDF, 0xFF, 0x9E, 0xEF, 0x3C, 0xE7, 0xBB, 0xD6, 0x39, 0xC6, 0xD7, 0xBD,
    0x55, 0xA5, 0xF3, 0x9C, 0xB3, 0x94, 0x51, 0x84, 0x10, 0x7C, 0xAE, 0x73,
    0x8E, 0x6B, 0xCF, 0x73, 0x51, 0x84, 0xF4, 0x9C, 0x96, 0xB5, 0xF8, 0xBD,
    0x79, 0xCE, 0x1C, 0xE7, 0xBE, 0xF7, 0xFF, 0xFF, 0xFF, 0xFF, 0xBE, 0xF7,
    0xB7, 0xB5, 0x6E, 0x6B, 0xA6, 0x31, 0x00, 0x00, 0xA6, 0x29, 0xC7, 0x31,
    0xA6, 0x31, 0x49, 0x42, 0xF7, 0xBD, 0xD7, 0xB5, 0x45, 0x00, 0xA6, 0x00,
    0xA6, 0x00, 0x00, 0x00, 0x00, 0x00, 0xA6, 0x00, 0xA6, 0x00, 0x24, 0x00,
    0x39, 0xC6, 0x96, 0xAD, 0x08, 0x3A, 0xE3, 0x18, 0x00, 0x00, 0x65, 0x21,
    0x86, 0x31, 0x65, 0x21, 0x00, 0x00, 0x00, 0x00, 0xAA, 0x52, 0x51, 0x8C,
    0xD7, 0xBD, 0x1C, 0xE7, 0xBE, 0xF7, 0xDF, 0xFF, 0xFF, 0xFF, 0xFF, 0xFF,
    0xDF, 0xFF, 0x7E, 0xEF, 0x9A, 0xD6, 0xB6, 0xB5, 0x51, 0x84, 0x2D, 0x63,
    0xCB, 0x52, 0x8A, 0x4A, 0x8A, 0x4A, 0xAB, 0x52, 0xEC, 0x5A, 0x2D, 0x63,
    0xCF, 0x7B, 0x55, 0xAD, 0x59, 0xCE, 0x1C, 0xE7, 0xFB, 0xDE, 0x18, 0xC6,
    0xD3, 0x94, 0x0C, 0x63, 0x66, 0x29, 0x00, 0x00, 0xC3, 0x18, 0x65, 0x29,
    0x65, 0x29, 0x00, 0x00, 0xE4, 0x18, 0x28, 0x42, 0xD7, 0xB5, 0xF8, 0xBD,
    0x24, 0x00, 0xA6, 0x00, 0xA6, 0x00, 0x00, 0x00, 0x00, 0x00, 0xA6, 0x00,
    0xA6, 0x00, 0x04, 0x00, 0x18, 0xBE, 0xD7, 0xB5, 0x29, 0x3A, 0x83, 0x10,
    0xAA, 0x52, 0x24, 0x19, 0x45, 0x21, 0xA7, 0x31, 0x8A, 0x4A, 0x8E, 0x6B,
    0x6E, 0x6B, 0x8A, 0x4A, 0xE7, 0x31, 0x49, 0x4A, 0xCB, 0x52, 0x0C, 0x63,
    0x2D, 0x63, 0x2C, 0x63, 0x2D, 0x63, 0x0C, 0x5B, 0xAA, 0x52, 0x29, 0x42,
    0x45, 0x21, 0x01, 0x00, 0x00, 0x00, 0x00, 0x00, 0x00, 0x00, 0x00, 0x00,
    0x20, 0x00, 0x04, 0x19, 0x66, 0x29, 0xC7, 0x31, 0xC7, 0x39, 0x08, 0x3A,
    0x49, 0x4A, 0x49, 0x42, 0x49, 0x4A, 0x0C, 0x5B, 0x2D, 0x63, 0x49, 0x42,
    0x86, 0x29, 0x05, 0x21, 0x00, 0x00, 0xEF, 0x7B, 0xA2, 0x08, 0x49, 0x42,
    0x18, 0xC6, 0xB7, 0xB5, 0x04, 0x00, 0xA6, 0x00, 0xA6, 0x00, 0x00, 0x00,
    0x00, 0x00, 0x85, 0x00, 0xA6, 0x00, 0x03, 0x00, 0xF8, 0xBD, 0xB7, 0xB5,
    0x08, 0x3A, 0xE4, 0x18, 0xE7, 0x39, 0x24, 0x21, 0x24, 0x21, 0x86, 0x29,
    0x49, 0x4A, 0xCF, 0x73, 0x35, 0xA5, 0x79, 0xCE, 0xDB, 0xDE, 0xBA, 0xD6,
    0x18, 0xBE, 0xF4, 0x9C, 0xCF, 0x7B, 0xAB, 0x52, 0xA7, 0x31, 0xC3, 0x10,
    0x00, 0x00, 0x00, 0x00, 0x00, 0x00, 0xE7, 0x39, 0x65, 0x29, 0x86, 0x29,
    0x66, 0x29, 0x86, 0x29, 0xC7, 0x31, 0xA7, 0x31, 0xE8, 0x39, 0x8A, 0x4A,
    0xEF, 0x7B, 0x35, 0xA5, 0x39, 0xC6, 0xBA, 0xD6, 0x79, 0xCE, 0x55, 0xAD,
    0xAF, 0x73, 0x29, 0x42, 0x65, 0x29, 0xE3, 0x18, 0x00, 0x00, 0x00, 0x00,
    0xE4, 0x18, 0x49, 0x42, 0xF8, 0xBD, 0xB7, 0xB5, 0x03, 0x00, 0xA6, 0x00,
    0x86, 0x00, 0x00, 0x00, 0x00, 0x00, 0x85, 0x00, 0xA6, 0x00, 0x03, 0x00,
    0xF8, 0xBD, 0x96, 0xAD, 0x08, 0x3A, 0x24, 0x21, 0x24, 0x21, 0xE5, 0x18,
    0x45, 0x21, 0xA7, 0x31, 0x49, 0x42, 0x4D, 0x63, 0xF3, 0x9C, 0x59, 0xCE,
    0x5D, 0xEF, 0xDF, 0xFF, 0xFF, 0xFF, 0x7D, 0xEF, 0x9A, 0xD6, 0x96, 0xAD,
    0x31, 0x84, 0x0C, 0x5B, 0x49, 0x42, 0xC7, 0x31, 0x66, 0x29, 0x05, 0x21,
    0x24, 0x21, 0x00, 0x00, 0x00, 0x00, 0x00, 0x00, 0xE4, 0x18, 0xA7, 0x31,
    0x8A, 0x4A, 0xF0, 0x7B, 0x96, 0xB5, 0xFB, 0xDE, 0x9E, 0xF7, 0x3C, 0xE7,
    0x18, 0xC6, 0x92, 0x94, 0x2C, 0x63, 0x08, 0x3A, 0x65, 0x29, 0x45, 0x19,
    0x00, 0x00, 0x00, 0x00, 0xE4, 0x18, 0x29, 0x42, 0x18, 0xC6, 0xB6, 0xB5,
    0x03, 0x00, 0xA6, 0x00, 0x85, 0x00, 0x00, 0x00, 0x00, 0x00, 0x85, 0x00,
    0xA6, 0x00, 0x02, 0x00, 0x18, 0xBE, 0xB6, 0xB5, 0x08, 0x3A, 0xE3, 0x18,
    0xE7, 0x39, 0x24, 0x19, 0x65, 0x21, 0xC7, 0x31, 0x8A, 0x4A, 0x8E, 0x6B,
    0x14, 0x9D, 0x59, 0xCE, 0x3C, 0xE7, 0x5D, 0xEF, 0x3C, 0xE7, 0xDB, 0xDE,
    0x18, 0xC6, 0x34, 0xA5, 0x31, 0x84, 0x4D, 0x63, 0x49, 0x4A, 0xC7, 0x31,
    0x66, 0x29, 0x24, 0x19, 0x04, 0x21, 0x45, 0x29, 0x00, 0x00, 0x24, 0x21,
    0x65, 0x21, 0xC7, 0x31, 0x6A, 0x4A, 0xAE, 0x73, 0x14, 0xA5, 0x59, 0xCE,
    0xFC, 0xE6, 0xFB, 0xDE, 0x38, 0xC6, 0xD3, 0x94, 0x4D, 0x6B, 0x28, 0x42,
    0x65, 0x29, 0x45, 0x19, 0x00, 0x00, 0x00, 0x00, 0xE3, 0x18, 0x49, 0x42,
    0xF8, 0xBD, 0x96, 0xB5, 0x02, 0x00, 0xA6, 0x00, 0x85, 0x00, 0x00, 0x00,
    0x00, 0x00, 0x85, 0x00, 0xA5, 0x00, 0x02, 0x00, 0x18, 0xBE, 0xB6, 0xB5,
    0x08, 0x3A, 0xE3, 0x18, 0x86, 0x31, 0x24, 0x21, 0x65, 0x29, 0xE8, 0x39,
    0xCB, 0x52, 0xCF, 0x73, 0x55, 0xAD, 0x9A, 0xD6, 0x5D, 0xEF, 0x9E, 0xF7,
    0x7D, 0xEF, 0xFB, 0xDE, 0x59, 0xCE, 0x55, 0xAD, 0x31, 0x84, 0x4D, 0x63,
    0x6A, 0x4A, 0xE7, 0x39, 0x45, 0x29, 0x05, 0x21, 0xA5, 0x10, 0x00, 0x00,
    0x00, 0x00, 0x04, 0x21, 0x45, 0x21, 0xC7, 0x31, 0x8A, 0x4A, 0xAE, 0x73,
    0x35, 0xA5, 0x9A, 0xD6, 0x3C, 0xE7, 0x1C, 0xE7, 0x79, 0xCE, 0xD3, 0x9C,
    0x4D, 0x63, 0x29, 0x42, 0x66, 0x29, 0xC3, 0x18, 0x00, 0x00, 0x00, 0x00,
    0xA3, 0x10, 0x29, 0x42, 0x18, 0xC6, 0xB7, 0xB5, 0x02, 0x00, 0xA5, 0x00,
    0x85, 0x00, 0x00, 0x00, 0x00, 0x00, 0x85, 0x00, 0xA6, 0x00, 0x02, 0x00,
    0x18, 0xBE, 0x96, 0xB5, 0x08, 0x3A, 0xE3, 0x18, 0x00, 0x00, 0xE3, 0x18,
    0x45, 0x21, 0xC7, 0x31, 0x6A, 0x4A, 0xAF, 0x73, 0x55, 0xAD, 0xBA, 0xD6,
    0x7D, 0xEF, 0xBE, 0xF7, 0x9E, 0xF7, 0x1C, 0xE7, 0x79, 0xCE, 0x76, 0xAD,
    0x71, 0x8C, 0x4D, 0x6B, 0x8A, 0x4A, 0x08, 0x3A, 0x66, 0x29, 0x24, 0x21,
    0xE3, 0x18, 0xE3, 0x18, 0x86, 0x31, 0x04, 0x21, 0x45, 0x29, 0xE8, 0x39,
    0x8A, 0x52, 0xAF, 0x73, 0x35, 0xA5, 0x9A, 0xD6, 0x3C, 0xE7, 0x1C, 0xE7,
    0x39, 0xC6, 0xD3, 0x94, 0x4D, 0x63, 0x08, 0x42, 0x45, 0x29, 0xA2, 0x10,
    0x00, 0x00, 0x00, 0x00, 0xA3, 0x10, 0x49, 0x42, 0x38, 0xC6, 0xB7, 0xB5,
    0x01, 0x00, 0xA5, 0x00, 0x85, 0x00, 0x00, 0x00, 0x00, 0x00, 0x85, 0x00,
    0xA6, 0x00, 0x01, 0x00, 0xD7, 0xB5, 0x96, 0xB5, 0x08, 0x3A, 0xE3, 0x18,
    0x0F, 0x00, 0x24, 0x21, 0x45, 0x21, 0xA6, 0x31, 0x49, 0x42, 0x6E, 0x6B,
    0xF4, 0x9C, 0x7A, 0xCE, 0x5D, 0xEF, 0x9E, 0xF7, 0x9E, 0xF7, 0x3C, 0xE7,
    0x9A, 0xD6, 0xB6, 0xB5, 0x92, 0x8C, 0x6E, 0x6B, 0xAB, 0x52, 0xE7, 0x39,
    0x45, 0x29, 0x24, 0x19, 0xA2, 0x10, 0xE3, 0x18, 0x07, 0x00, 0x04, 0x21,
    0x65, 0x29, 0xC7, 0x39, 0x8A, 0x4A, 0xAE, 0x73, 0x14, 0xA5, 0x79, 0xCE,
    0x1C, 0xE7, 0xFB, 0xDE, 0x18, 0xC6, 0xB2, 0x94, 0x2D, 0x63, 0x08, 0x3A,
    0x45, 0x29, 0x24, 0x21, 0x00, 0x00, 0x00, 0x00, 0x04, 0x19, 0x49, 0x4A,
    0x18, 0xC6, 0x76, 0xAD, 0x01, 0x00, 0xA5, 0x00, 0x85, 0x00, 0x00, 0x00,
    0x00, 0x00, 0x85, 0x00, 0x64, 0x00, 0xA5, 0x08, 0x18, 0xC6, 0x76, 0xAD,
    0x08, 0x3A, 0xE4, 0x18, 0x0F, 0x78, 0x24, 0x21, 0x45, 0x21, 0xA7, 0x31,
    0x69, 0x4A, 0x8E, 0x6B, 0xF4, 0x9C, 0x79, 0xCE, 0x5D, 0xEF, 0x9E, 0xF7,
    0x7D, 0xEF, 0xFB, 0xDE, 0x59, 0xCE, 0x96, 0xAD, 0x51, 0x84, 0x6D, 0x6B,
    0x8A, 0x4A, 0xC7, 0x31, 0x65, 0x29, 0x05, 0x21, 0xA2, 0x10, 0x00, 0x00,
    0x0A, 0x00, 0x04, 0x21, 0x45, 0x21, 0xC7, 0x31, 0x8A, 0x4A, 0x8E, 0x6B,
    0x14, 0xA5, 0x59, 0xCE, 0x1C, 0xE7, 0xFB, 0xDE, 0x38, 0xC6, 0xD3, 0x94,
    0x4D, 0x6B, 0x28, 0x42, 0x66, 0x29, 0x24, 0x21, 0x00, 0x00, 0x00, 0x00,
    0x04, 0x19, 0x49, 0x4A, 0xF7, 0xBD, 0x96, 0xAD, 0xA5, 0x08, 0x64, 0x00,
    0x65, 0x00, 0x00, 0x00, 0x00, 0x00, 0xC5, 0x08, 0x01, 0x00, 0xB0, 0x6B,
    0xDB, 0xD6, 0x55, 0xA5, 0x29, 0x42, 0xC3, 0x18, 0x86, 0x31, 0x24, 0x21,
    0x25, 0x21, 0x86, 0x29, 0x28, 0x42, 0x4D, 0x63, 0xD3, 0x9C, 0x79, 0xCE,
    0x5D, 0xEF, 0xBE, 0xF7, 0x9E, 0xF7, 0x1C, 0xE7, 0x79, 0xCE, 0x76, 0xAD,
    0x51, 0x84, 0x4D, 0x63, 0x49, 0x4A, 0xC7, 0x31, 0x65, 0x29, 0x24, 0x19,
    0xC3, 0x18, 0x00, 0x00, 0x24, 0x21, 0x04, 0x21, 0x45, 0x29, 0xE7, 0x39,
    0x8A, 0x4A, 0xAF, 0x73, 0x34, 0xA5, 0x79, 0xCE, 0x1C, 0xE7, 0x1C, 0xE7,
    0x18, 0xC6, 0xB2, 0x94, 0x2D, 0x63, 0x08, 0x42, 0x65, 0x29, 0x84, 0x20,
    0x00, 0x00, 0x00, 0x00, 0x04, 0x19, 0x49, 0x42, 0xB6, 0xB5, 0xF8, 0xBD,
    0x2E, 0x5B, 0x02, 0x00, 0xA5, 0x00, 0x00, 0x00, 0x00, 0x00, 0xC5, 0x08,
    0x00, 0x00, 0x52, 0x84, 0xFC, 0xDE, 0x92, 0x94, 0x29, 0x42, 0x24, 0x21,
    0x00, 0x00, 0x24, 0x21, 0x45, 0x21, 0xA7, 0x31, 0x49, 0x42, 0x2D, 0x63,
    0xB3, 0x94, 0x39, 0xC6, 0x3C, 0xE7, 0x9E, 0xF7, 0x9E, 0xF7, 0x3C, 0xE7,
    0x7A, 0xCE, 0x96, 0xB5, 0x72, 0x8C, 0x6E, 0x6B, 0x8A, 0x4A, 0xE8, 0x39,
    0x66, 0x29, 0x05, 0x21, 0x86, 0x31, 0x00, 0x00, 0x07, 0x00, 0x04, 0x21,
    0x45, 0x21, 0xC7, 0x31, 0x8A, 0x4A, 0x8E, 0x73, 0x14, 0x9D, 0x59, 0xCE,
    0xFB, 0xDE, 0xFB, 0xDE, 0xF8, 0xBD, 0x92, 0x94, 0x4D, 0x63, 0x08, 0x42,
    0x45, 0x29, 0xC3, 0x18, 0x00, 0x00, 0x00, 0x00, 0xC4, 0x18, 0x49, 0x4A,
    0xF4, 0x9C, 0x59, 0xCE, 0x11, 0x7C, 0x00, 0x00, 0xA5, 0x08, 0x00, 0x00,
    0x00, 0x00, 0xC5, 0x08, 0x00, 0x00, 0x11, 0x7C, 0x5D, 0xE7, 0xB6, 0xB5,
    0x8A, 0x4A, 0x61, 0x08, 0x49, 0x4A, 0xAA, 0x52, 0x24, 0x21, 0x86, 0x29,
    0x29, 0x42, 0x2D, 0x63, 0xB3, 0x94, 0x18, 0xC6, 0x3C, 0xE7, 0x9E, 0xF7,
    0x7D, 0xEF, 0x1C, 0xE7, 0x79, 0xCE, 0x96, 0xAD, 0x71, 0x8C, 0x4D, 0x63,
    0x6A, 0x4A, 0xE8, 0x39, 0x66, 0x29, 0x05, 0x21, 0x45, 0x29, 0x00, 0x00,
    0x00, 0x00, 0xE3, 0x18, 0x24, 0x21, 0xA7, 0x31, 0x69, 0x4A, 0x6E, 0x6B,
    0xD3, 0x9C, 0x38, 0xC6, 0xFB, 0xDE, 0xDB, 0xDE, 0xF7, 0xBD, 0x72, 0x8C,
    0x0C, 0x63, 0xE8, 0x39, 0x25, 0x21, 0xE3, 0x18, 0xAA, 0x52, 0x2C, 0x63,
    0x82, 0x08, 0x29, 0x42, 0x55, 0xAD, 0x1C, 0xE7, 0xB0, 0x73, 0x00, 0x00,
    0xA5, 0x08, 0x00, 0x00, 0x00, 0x00, 0x85, 0x00, 0x02, 0x00, 0x4B, 0x3A,
    0x9A, 0xCE, 0x35, 0xA5, 0x75, 0xAD, 0xCF, 0x7B, 0x61, 0x08, 0x00, 0x00,
    0x24, 0x19, 0x86, 0x29, 0x08, 0x3A, 0x0C, 0x5B, 0x72, 0x8C, 0x18, 0xC6,
    0x3C, 0xE7, 0x9E, 0xF7, 0x7D, 0xEF, 0x1C, 0xE7, 0x59, 0xCE, 0x55, 0xAD,
    0x31, 0x84, 0x2D, 0x63, 0x6A, 0x4A, 0xC7, 0x31, 0x66, 0x29, 0x24, 0x19,
    0xA2, 0x10, 0x00, 0x00, 0x00, 0x00, 0xE3, 0x18, 0x45, 0x21, 0x86, 0x31,
    0x49, 0x42, 0x4D, 0x6B, 0xD3, 0x9C, 0x38, 0xC6, 0xDB, 0xDE, 0xBA, 0xD6,
    0xD7, 0xBD, 0x51, 0x8C, 0xCB, 0x5A, 0xE8, 0x39, 0x66, 0x29, 0x24, 0x21,
    0x00, 0x00, 0x00, 0x00, 0x0C, 0x63, 0x55, 0xAD, 0xD7, 0xBD, 0x9A, 0xD6,
    0x2A, 0x3A, 0x02, 0x00, 0x85, 0x00, 0x00, 0x00, 0x00, 0x00, 0x64, 0x00,
    0xA5, 0x00, 0x00, 0x00, 0x55, 0xA5, 0xEF, 0x7B, 0xCB, 0x52, 0x51, 0x84,
    0x10, 0x7C, 0xCF, 0x73, 0xE7, 0x39, 0x25, 0x21, 0x08, 0x3A, 0x4D, 0x63,
    0xB3, 0x94, 0x18, 0xC6, 0x1C, 0xE7, 0x7D, 0xEF, 0x5D, 0xEF, 0xFB, 0xDE,
    0x39, 0xC6, 0x75, 0xAD, 0x51, 0x84, 0x2D, 0x63, 0x49, 0x42, 0xC7, 0x31,
    0x65, 0x29, 0x05, 0x21, 0x45, 0x29, 0x00, 0x00, 0x00, 0x00, 0x00, 0x00,
    0x24, 0x19, 0x86, 0x29, 0x29, 0x42, 0x4D, 0x63, 0xB3, 0x94, 0x18, 0xC6,
    0xDB, 0xDE, 0x9A, 0xD6, 0xB6, 0xB5, 0x71, 0x8C, 0x2C, 0x63, 0x08, 0x42,
    0x04, 0x19, 0x04, 0x21, 0xAF, 0x73, 0xCF, 0x73, 0x71, 0x8C, 0x2C, 0x63,
    0x71, 0x8C, 0x55, 0xAD, 0x00, 0x00, 0xA5, 0x00, 0x64, 0x00, 0x00, 0x00,
    0x00, 0x00, 0x64, 0x00, 0xA5, 0x00, 0x01, 0x00, 0xD4, 0x9C, 0x92, 0x8C,
    0xA7, 0x31, 0xE3, 0x18, 0xCB, 0x52, 0xF0, 0x7B, 0xF4, 0x9C, 0x75, 0xAD,
    0xF0, 0x7B, 0x8E, 0x73, 0xD3, 0x9C, 0x59, 0xCE, 0x5D, 0xEF, 0xBE, 0xF7,
    0x9E, 0xF7, 0x3C, 0xE7, 0x79, 0xCE, 0x75, 0xAD, 0x31, 0x84, 0x2D, 0x63,
    0x49, 0x42, 0xC7, 0x31, 0x66, 0x29, 0xA6, 0x31, 0xEF, 0x7B, 0x2C, 0x63,
    0xEF, 0x7B, 0x28, 0x42, 0x86, 0x29, 0xA6, 0x31, 0x49, 0x42, 0x4D, 0x6B,
    0xF4, 0x9C, 0x79, 0xCE, 0x5D, 0xEF, 0x3C, 0xE7, 0x59, 0xCE, 0xB2, 0x94,
    0x4D, 0x63, 0x0C, 0x63, 0x51, 0x84, 0x51, 0x8C, 0x8E, 0x73, 0xCB, 0x5A,
    0x66, 0x29, 0x29, 0x42, 0x72, 0x8C, 0xF0, 0x7B, 0x22, 0x00, 0x85, 0x00,
    0x64, 0x00, 0x00, 0x00, 0x00, 0x00, 0x84, 0x00, 0xA5, 0x08, 0x00, 0x00,
    0xB7, 0xB5, 0x34, 0xA5, 0x29, 0x42, 0x49, 0x42, 0x61, 0x00, 0x66, 0x29,
    0x2D, 0x63, 0x55, 0xAD, 0x1C, 0xE7, 0x7D, 0xEF, 0xDB, 0xDE, 0x59, 0xCE,
    0x9A, 0xD6, 0xDB, 0xDE, 0xFC, 0xDE, 0xDB, 0xDE, 0x79, 0xCE, 0x96, 0xAD,
    0x51, 0x84, 0x4D, 0x63, 0x69, 0x4A, 0x86, 0x29, 0xC3, 0x18, 0x00, 0x00,
    0x00, 0x00, 0x00, 0x00, 0x00, 0x00, 0x00, 0x00, 0x00, 0x00, 0x04, 0x19,
    0x08, 0x42, 0x4D, 0x63, 0xD3, 0x94, 0xD7, 0xBD, 0xF8, 0xBD, 0xB6, 0xB5,
    0x14, 0xA5, 0x14, 0xA5, 0xB6, 0xB5, 0xD7, 0xBD, 0xF4, 0x9C, 0xCB, 0x5A,
    0x86, 0x29, 0x00, 0x00, 0x29, 0x42, 0x8A, 0x4A, 0x34, 0xA5, 0x35, 0xA5,
    0x00, 0x00, 0xA5, 0x00, 0x64, 0x00, 0x00, 0x00, 0x00, 0x00, 0x64, 0x00,
    0xA5, 0x00, 0x00, 0x00, 0x76, 0xAD, 0x96, 0xB5, 0x08, 0x3A, 0xA6, 0x31,
    0xE8, 0x39, 0x66, 0x29, 0x00, 0x00, 0x86, 0x29, 0x4D, 0x6B, 0x76, 0xAD,
    0x9E, 0xF7, 0xFF, 0xFF, 0xFF, 0xFF, 0xDF, 0xFF, 0x9E, 0xF7, 0x3C, 0xE7,
    0xDB, 0xD6, 0x59, 0xCE, 0xB7, 0xB5, 0x14, 0xA5, 0x72, 0x8C, 0x10, 0x7C,
    0xCF, 0x73, 0xCF, 0x73, 0xAF, 0x73, 0xCF, 0x73, 0xEF, 0x7B, 0x31, 0x84,
    0x72, 0x8C, 0xB2, 0x94, 0xB3, 0x94, 0x35, 0xA5, 0xD7, 0xBD, 0x79, 0xCE,
    0xDB, 0xDE, 0x7D, 0xEF, 0xFF, 0xFF, 0xDF, 0xFF, 0x59, 0xCE, 0xEF, 0x7B,
    0x49, 0x42, 0xA2, 0x10, 0x24, 0x21, 0xE7, 0x39, 0xA7, 0x31, 0x29, 0x42,
    0xF7, 0xBD, 0x35, 0xA5, 0x00, 0x00, 0xA5, 0x00, 0x84, 0x00, 0x00, 0x00,
    0x00, 0x00, 0x64, 0x00, 0xA5, 0x08, 0x00, 0x00, 0x55, 0xA5, 0xB6, 0xB5,
    0xE8, 0x39, 0x00, 0x00, 0x00, 0x00, 0x67, 0x29, 0x66, 0x29, 0xC3, 0x18,
    0x00, 0x00, 0x00, 0x00, 0xAB, 0x52, 0xB2, 0x94, 0x79, 0xCE, 0x9E, 0xF7,
    0xFF, 0xFF, 0xFF, 0xFF, 0xFF, 0xFF, 0xFF, 0xFF, 0xBF, 0xF7, 0x3D, 0xE7,
    0x9A, 0xCE, 0x76, 0xAD, 0x51, 0x84, 0x8E, 0x6B, 0xEC, 0x5A, 0xCB, 0x52,
    0xCB, 0x5A, 0x0C, 0x63, 0xAF, 0x73, 0x72, 0x8C, 0x96, 0xAD, 0x9A, 0xD6,
    0x7D, 0xEF, 0xFF, 0xFF, 0xFF, 0xFF, 0x3D, 0xE7, 0xB6, 0xB5, 0xF0, 0x7B,
    0x49, 0x42, 0xA3, 0x10, 0x00, 0x00, 0x45, 0x29, 0x45, 0x29, 0x00, 0x00,
    0x61, 0x08, 0x49, 0x4A, 0x18, 0xC6, 0xD3, 0x94, 0x00, 0x00, 0xC5, 0x08,
    0x64, 0x00, 0x00, 0x00, 0x00, 0x00, 0x84, 0x00, 0xA5, 0x08, 0x00, 0x00,
    0x55, 0xA5, 0x96, 0xAD, 0xE8, 0x39, 0xC3, 0x08, 0xEF, 0x03, 0x00, 0x00,
    0x84, 0x10, 0x66, 0x29, 0x09, 0x42, 0x2D, 0x63, 0x8E, 0x6B, 0xE7, 0x39,
    0xC7, 0x31, 0xAA, 0x52, 0x4D, 0x6B, 0xAE, 0x73, 0xCF, 0x7B, 0xAF, 0x73,
    0x8E, 0x73, 0x4D, 0x6B, 0xEC, 0x5A, 0x69, 0x4A, 0xC8, 0x39, 0x45, 0x29,
    0x41, 0x08, 0x00, 0x00, 0x00, 0x00, 0x20, 0x00, 0x24, 0x21, 0xC7, 0x31,
    0x49, 0x4A, 0xCB, 0x52, 0x0C, 0x5B, 0x2C, 0x63, 0xEC, 0x5A, 0x6A, 0x4A,
    0xC7, 0x31, 0xE7, 0x39, 0x69, 0x4A, 0xC7, 0x39, 0x45, 0x29, 0x00, 0x00,
    0x00, 0x00, 0x00, 0x00, 0xE3, 0x10, 0x69, 0x4A, 0x18, 0xC6, 0xB3, 0x94,
    0x00, 0x00, 0xA5, 0x08, 0x64, 0x00, 0x00, 0x00, 0x00, 0x00, 0x64, 0x00,
    0x64, 0x00, 0x43, 0x00, 0x76, 0xAD, 0x35, 0xA5, 0x08, 0x3A, 0xA2, 0x10,
    0x00, 0x00, 0xE3, 0x18, 0x24, 0x19, 0x25, 0x21, 0xE7, 0x39, 0x0C, 0x5B,
    0x92, 0x94, 0xB7, 0xB5, 0x79, 0xCE, 0x38, 0xC6, 0x55, 0xAD, 0x51, 0x84,
    0x4D, 0x63, 0x29, 0x42, 0xE4, 0x18, 0x00, 0x00, 0x00, 0x00, 0x00, 0x00,
    0x00, 0x00, 0x00, 0x00, 0x45, 0x29, 0x46, 0x29, 0x66, 0x29, 0x66, 0x29,
    0x65, 0x21, 0xE3, 0x18, 0x45, 0x21, 0x08, 0x42, 0x2C, 0x63, 0x51, 0x8C,
    0x55, 0xAD, 0xB7, 0xBD, 0x96, 0xB5, 0x31, 0x84, 0xAB, 0x52, 0xA6, 0x31,
    0x05, 0x21, 0xE7, 0x39, 0x00, 0x00, 0x00, 0x00, 0xC3, 0x10, 0x69, 0x4A,
    0xF7, 0xBD, 0x14, 0x9D, 0x63, 0x00, 0x63, 0x00, 0x64, 0x00, 0x00, 0x00,
    0x00, 0x00, 0x64, 0x00, 0x84, 0x00, 0x42, 0x00, 0x55, 0xAD, 0x92, 0x8C,
    0x49, 0x4A, 0x82, 0x10, 0x00, 0x00, 0x45, 0x29, 0xE4, 0x18, 0x66, 0x29,
    0x08, 0x3A, 0xEB, 0x5A, 0x31, 0x84, 0xD7, 0xBD, 0x3C, 0xE7, 0xDF, 0xFF,
    0xDF, 0xFF, 0x7D, 0xEF, 0x9A, 0xD6, 0x55, 0xA5, 0xF0, 0x7B, 0x2C, 0x63,
    0x49, 0x4A, 0xA7, 0x31, 0x45, 0x21, 0x65, 0x19, 0xAA, 0x52, 0x00, 0x00,
    0x00, 0x00, 0x45, 0x29, 0x45, 0x21, 0xC7, 0x39, 0xAA, 0x52, 0xCF, 0x7B,
    0x76, 0xAD, 0xDB, 0xDE, 0x7D, 0xEF, 0x1C, 0xE7, 0xD7, 0xBD, 0xF0, 0x7B,
    0x8A, 0x4A, 0xC7, 0x31, 0x25, 0x21, 0x07, 0x00, 0x00, 0x00, 0x00, 0x00,
    0xA2, 0x10, 0xAB, 0x52, 0xF4, 0x9C, 0xD3, 0x9C, 0x43, 0x00, 0x64, 0x00,
    0x63, 0x00, 0x00, 0x00, 0x00, 0x00, 0x64, 0x00, 0x84, 0x00, 0x00, 0x00,
    0x55, 0xA5, 0x18, 0xC6, 0xEB, 0x5A, 0x65, 0x29, 0x86, 0x19, 0xAA, 0x52,
    0x24, 0x21, 0x25, 0x21, 0xE8, 0x39, 0xEC, 0x5A, 0x51, 0x84, 0xF7, 0xBD,
    0xFB, 0xDE, 0x7D, 0xEF, 0x5D, 0xEF, 0xFB, 0xDE, 0x18, 0xC6, 0x14, 0x9D,
    0xF0, 0x7B, 0x0C, 0x5B, 0x28, 0x42, 0x86, 0x29, 0x25, 0x21, 0x04, 0x21,
    0x00, 0x00, 0x00, 0x00, 0x00, 0x00, 0x24, 0x21, 0x45, 0x21, 0xA7, 0x31,
    0x69, 0x4A, 0x6D, 0x6B, 0xD3, 0x9C, 0x38, 0xC6, 0xFB, 0xDE, 0xDB, 0xDE,
    0x96, 0xB5, 0x10, 0x7C, 0x8A, 0x4A, 0xA7, 0x31, 0x24, 0x21, 0x00, 0x00,
    0xEF, 0x3B, 0x86, 0x31, 0x45, 0x29, 0xEC, 0x5A, 0x18, 0xC6, 0xF4, 0x9C,
    0x00, 0x00, 0x84, 0x00, 0x64, 0x00, 0x00, 0x00, 0x00, 0x00, 0x63, 0x00,
    0x84, 0x08, 0x00, 0x00, 0x35, 0xA5, 0x55, 0xA5, 0x6E, 0x6B, 0x2D, 0x63,
    0xE7, 0x39, 0x20, 0x00, 0x04, 0x19, 0x86, 0x29, 0xE7, 0x39, 0xAB, 0x52,
    0x31, 0x84, 0xD7, 0xBD, 0xFC, 0xE6, 0x7D, 0xEF, 0x7D, 0xEF, 0x1C, 0xE7,
    0x39, 0xC6, 0x14, 0xA5, 0xF0, 0x7B, 0xEC, 0x5A, 0x29, 0x42, 0xA7, 0x31,
    0x25, 0x21, 0xE5, 0x18, 0x00, 0x00, 0x00, 0x00, 0x00, 0x00, 0x04, 0x21,
    0x45, 0x21, 0xC7, 0x31, 0x69, 0x4A, 0x6E, 0x6B, 0xF3, 0x9C, 0x59, 0xCE,
    0x1C, 0xE7, 0xDB, 0xDE, 0x96, 0xB5, 0xCF, 0x7B, 0x49, 0x4A, 0xA6, 0x31,
    0x45, 0x29, 0xC3, 0x18, 0x00, 0x00, 0x86, 0x31, 0xAB, 0x52, 0xCF, 0x7B,
    0x18, 0xC6, 0xB3, 0x94, 0x00, 0x00, 0xA4, 0x00, 0x63, 0x00, 0x00, 0x00,
    0x00, 0x00, 0x84, 0x00, 0xA4, 0x08, 0x00, 0x00, 0x35, 0xA5, 0x14, 0x9D,
    0xE8, 0x39, 0xAB, 0x52, 0x6E, 0x6B, 0x2D, 0x63, 0x8A, 0x4A, 0x86, 0x31,
    0x08, 0x3A, 0xEC, 0x5A, 0x72, 0x8C, 0x18, 0xC6, 0x1C, 0xE7, 0x7D, 0xEF,
    0x5D, 0xEF, 0xDB, 0xDE, 0x18, 0xC6, 0x14, 0x9D, 0xCF, 0x73, 0xEB, 0x5A,
    0x29, 0x42, 0xA6, 0x31, 0x25, 0x21, 0xC5, 0x18, 0x00, 0x00, 0x00, 0x00,
    0x00, 0x00, 0xE3, 0x18, 0x45, 0x29, 0xA7, 0x31, 0x69, 0x4A, 0x6E, 0x6B,
    0xF3, 0x9C, 0x18, 0xC6, 0xFB, 0xDE, 0xDB, 0xDE, 0xD7, 0xBD, 0x10, 0x84,
    0xCB, 0x52, 0xC7, 0x39, 0x24, 0x21, 0xA7, 0x31, 0xEC, 0x5A, 0x0C, 0x5B,
    0x8A, 0x52, 0x49, 0x4A, 0xB6, 0xB5, 0xB3, 0x94, 0x00, 0x00, 0xA4, 0x00,
    0x43, 0x00, 0x00, 0x00, 0x00, 0x00, 0x43, 0x00, 0xA4, 0x08, 0x00, 0x00,
    0x14, 0x9D, 0x35, 0xA5, 0x08, 0x3A, 0x20, 0x00, 0x65, 0x29, 0x2D, 0x63,
    0x8E, 0x73, 0x10, 0x7C, 0x10, 0x84, 0xAE, 0x73, 0xF0, 0x7B, 0x34, 0xA5,
    0x9A, 0xD6, 0x5D, 0xEF, 0x9E, 0xF7, 0x5D, 0xEF, 0x9A, 0xD6, 0x55, 0xAD,
    0x10, 0x84, 0xEC, 0x5A, 0x29, 0x42, 0xA7, 0x31, 0x45, 0x21, 0x86, 0x31,
    0xEF, 0x7B, 0xEF, 0x7B, 0xFF, 0xFF, 0x65, 0x29, 0x45, 0x21, 0xC7, 0x31,
    0x8A, 0x4A, 0xAF, 0x73, 0x35, 0xA5, 0xBA, 0xD6, 0x5D, 0xEF, 0xDB, 0xDE,
    0x96, 0xB5, 0xF0, 0x7B, 0x0C, 0x63, 0x4D, 0x6B, 0x8E, 0x73, 0x4D, 0x6B,
    0x0D, 0x63, 0x6D, 0x5B, 0x00, 0x00, 0x29, 0x42, 0xD7, 0xB5, 0x92, 0x8C,
    0x00, 0x00, 0xA4, 0x08, 0x43, 0x00, 0x00, 0x00, 0x00, 0x00, 0x63, 0x00,
    0xC4, 0x10, 0x00, 0x00, 0xF4, 0x9C, 0x14, 0xA5, 0xE8, 0x39, 0x24, 0x21,
    0x24, 0x21, 0x00, 0x00, 0xC3, 0x18, 0x29, 0x42, 0x6E, 0x6B, 0xF4, 0x9C,
    0xD7, 0xBD, 0xD7, 0xBD, 0xB6, 0xB5, 0xD7, 0xBD, 0xD7, 0xBD, 0xB6, 0xB5,
    0x75, 0xAD, 0xD3, 0x9C, 0xEF, 0x7B, 0x0C, 0x5B, 0x29, 0x42, 0x86, 0x29,
    0xC3, 0x18, 0x00, 0x00, 0x00, 0x00, 0x00, 0x00, 0x00, 0x00, 0x00, 0x00,
    0x25, 0x21, 0xC7, 0x31, 0x8A, 0x4A, 0x6D, 0x6B, 0x51, 0x8C, 0xD3, 0x9C,
    0x14, 0xA5, 0xF3, 0x9C, 0x92, 0x94, 0xD3, 0x9C, 0x72, 0x8C, 0x6E, 0x6B,
    0x6A, 0x4A, 0x05, 0x21, 0x00, 0x00, 0x00, 0x00, 0xE4, 0x18, 0x29, 0x42,
    0x96, 0xB5, 0x72, 0x8C, 0x00, 0x00, 0xC4, 0x08, 0x63, 0x00, 0x00, 0x00,
    0x00, 0x00, 0x63, 0x00, 0xA3, 0x08, 0x00, 0x00, 0xB3, 0x94, 0xB3, 0x94,
    0x08, 0x3A, 0xE3, 0x10, 0x06, 0x21, 0x45, 0x29, 0x86, 0x29, 0x86, 0x29,
    0x08, 0x3A, 0x2D, 0x63, 0xF4, 0x9C, 0xBB, 0xD6, 0xBE, 0xF7, 0xBE, 0xF7,
    0x9E, 0xF7, 0x1C, 0xE7, 0x9A, 0xD6, 0xF8, 0xBD, 0x96, 0xB5, 0x14, 0xA5,
    0xB2, 0x94, 0x10, 0x84, 0x8E, 0x73, 0x8E, 0x6B, 0x8E, 0x6B, 0x6E, 0x6B,
    0x4D, 0x63, 0x4D, 0x63, 0x6D, 0x6B, 0xCF, 0x7B, 0x31, 0x84, 0x92, 0x94,
    0x55, 0xA5, 0x38, 0xC6, 0xFB, 0xDE, 0x3C, 0xE7, 0xDB, 0xDE, 0x35, 0xA5,
    0x4D, 0x63, 0xE8, 0x39, 0x25, 0x21, 0xE4, 0x18, 0xAA, 0x52, 0x00, 0x00,
    0xE4, 0x18, 0x6A, 0x4A, 0x35, 0xA5, 0x31, 0x84, 0x00, 0x00, 0xC4, 0x10,
    0x23, 0x00, 0x00, 0x00, 0x00, 0x00, 0x42, 0x00, 0x61, 0x00, 0xC3, 0x18,
    0x00, 0x00, 0x4D, 0x6B, 0x6A, 0x4A, 0x61, 0x00, 0x0F, 0x78, 0x24, 0x19,
    0x45, 0x21, 0xC7, 0x31, 0x6A, 0x4A, 0x6E, 0x6B, 0xD3, 0x9C, 0x38, 0xC6,
    0x3C, 0xE7, 0x9E, 0xF7, 0x9E, 0xF7, 0x7D, 0xEF, 0xDB, 0xDE, 0x18, 0xBE,
    0x35, 0xA5, 0x72, 0x8C, 0xCF, 0x73, 0x2D, 0x63, 0x4D, 0x63, 0x6D, 0x6B,
    0xAF, 0x73, 0xAF, 0x73, 0x6E, 0x6B, 0xEC, 0x5A, 0x8A, 0x4A, 0xAA, 0x52,
    0x8E, 0x6B, 0x92, 0x94, 0xF7, 0xBD, 0xFC, 0xE6, 0x9D, 0xF7, 0x3D, 0xEF,
    0x38, 0xC6, 0xD3, 0x9C, 0x4D, 0x63, 0x29, 0x42, 0x86, 0x29, 0xE3, 0x18,
    0x00, 0x00, 0x00, 0x00, 0xE4, 0x18, 0xEB, 0x5A, 0xEF, 0x7B, 0x00, 0x00,
    0xA5, 0x10, 0x01, 0x00, 0x43, 0x00, 0x00, 0x00, 0x00, 0x00, 0x42, 0x00,
    0x02, 0x00, 0x03, 0x00, 0x45, 0x29, 0x00, 0x00, 0x28, 0x3A, 0xA7, 0x31,
    0xE3, 0x18, 0x24, 0x19, 0x45, 0x29, 0xA7, 0x31, 0x49, 0x42, 0x4D, 0x63,
    0x92, 0x94, 0x59, 0xCE, 0x5D, 0xEF, 0xBE, 0xF7, 0x9E, 0xF7, 0x3D, 0xEF,
    0x9A, 0xD6, 0x76, 0xAD, 0x71, 0x8C, 0x6D, 0x6B, 0x69, 0x4A, 0xA7, 0x31,
    0xE4, 0x18, 0x00, 0x00, 0x00, 0x00, 0x00, 0x00, 0x00, 0x00, 0x00, 0x00,
    0xC3, 0x18, 0xA7, 0x31, 0xAB, 0x52, 0xF0, 0x7B, 0x96, 0xB5, 0xDB, 0xDE,
    0x7D, 0xEF, 0x5D, 0xEF, 0x59, 0xCE, 0xB3, 0x94, 0x2D, 0x63, 0x08, 0x3A,
    0x66, 0x29, 0xE5, 0x18, 0x00, 0x00, 0x00, 0x00, 0xA7, 0x31, 0x49, 0x42,
    0x00, 0x00, 0x45, 0x29, 0x03, 0x00, 0x01, 0x00, 0x42, 0x00, 0x00, 0x00,
    0x00, 0x00, 0x63, 0x00, 0x02, 0x00, 0x03, 0x00, 0xA2, 0x00, 0xAA, 0x52,
    0x00, 0x00, 0xA7, 0x31, 0x66, 0x29, 0x25, 0x21, 0x45, 0x21, 0xA7, 0x31,
    0x49, 0x42, 0x2D, 0x63, 0x92, 0x8C, 0x38, 0xC6, 0x3C, 0xE7, 0x9E, 0xF7,
    0x9E, 0xF7, 0x3C, 0xE7, 0x7A, 0xCE, 0x96, 0xB5, 0x72, 0x8C, 0x6E, 0x6B,
    0xAB, 0x52, 0x08, 0x3A, 0xA6, 0x31, 0x65, 0x29, 0x86, 0x31, 0xAA, 0x52,
    0xE7, 0x39, 0x24, 0x21, 0x66, 0x29, 0x08, 0x3A, 0xCB, 0x52, 0x10, 0x7C,
    0x96, 0xB5, 0xBB, 0xDE, 0x7D, 0xEF, 0x3C, 0xEF, 0x38, 0xC6, 0x92, 0x8C,
    0x2C, 0x63, 0x28, 0x42, 0x66, 0x29, 0x04, 0x21, 0x24, 0x21, 0x46, 0x29,
    0xA7, 0x31, 0x00, 0x00, 0x00, 0x00, 0xA2, 0x00, 0x02, 0x00, 0x02, 0x00,
    0x63, 0x00, 0x00, 0x00, 0x00, 0x00, 0x63, 0x00, 0x82, 0x00, 0x82, 0x00,
    0x84, 0x10, 0xE3, 0x18, 0xEF, 0x7B, 0x00, 0x00, 0x00, 0x00, 0x86, 0x21,
    0x25, 0x21, 0x66, 0x29, 0x29, 0x42, 0x2D, 0x63, 0xD3, 0x9C, 0x79, 0xCE,
    0x5D, 0xEF, 0xBE, 0xF7, 0x7D, 0xEF, 0x1C, 0xE7, 0x59, 0xCE, 0x76, 0xAD,
    0x72, 0x8C, 0x6E, 0x6B, 0x8A, 0x52, 0xE8, 0x39, 0x66, 0x29, 0x25, 0x21,
    0xE3, 0x18, 0x24, 0x21, 0x04, 0x21, 0x05, 0x21, 0x66, 0x29, 0xE8, 0x39,
    0xCB, 0x52, 0x10, 0x84, 0x76, 0xAD, 0xBA, 0xD6, 0x5D, 0xEF, 0x5D, 0xEF,
    0x7A, 0xCE, 0xF4, 0x9C, 0x6E, 0x6B, 0x29, 0x42, 0x45, 0x29, 0x04, 0x21,
    0x45, 0x29, 0xE7, 0x39, 0x00, 0x00, 0xEF, 0x7B, 0xE3, 0x18, 0x84, 0x00,
    0x02, 0x00, 0x01, 0x00, 0x42, 0x00, 0x00, 0x00, 0x00, 0x00, 0x42, 0x00,
    0x63, 0x00, 0x63, 0x00, 0x63, 0x08, 0x84, 0x10, 0x00, 0x00, 0x00, 0x00,
    0x00, 0x00, 0x00, 0x00, 0x00, 0x00, 0x00, 0x00, 0x61, 0x08, 0x08, 0x3A,
    0x2D, 0x63, 0xB3, 0x94, 0x79, 0xCE, 0x7D, 0xEF, 0xBE, 0xFF, 0x7D, 0xEF,
    0xDB, 0xDE, 0xD7, 0xBD, 0xB2, 0x94, 0x8E, 0x6B, 0xAB, 0x52, 0x08, 0x3A,
    0x86, 0x31, 0x25, 0x21, 0xE3, 0x18, 0xE3, 0x18, 0x04, 0x21, 0x25, 0x21,
    0x86, 0x29, 0x28, 0x42, 0x2D, 0x63, 0x51, 0x8C, 0xD7, 0xBD, 0x1C, 0xE7,
    0x7D, 0xEF, 0xDB, 0xDE, 0x55, 0xA5, 0xAF, 0x73, 0x69, 0x4A, 0x24, 0x21,
    0x00, 0x00, 0x00, 0x00, 0x00, 0x00, 0x00, 0x00, 0x00, 0x00, 0x00, 0x00,
    0x84, 0x10, 0x63, 0x08, 0x61, 0x00, 0x63, 0x00, 0x42, 0x00, 0x00, 0x00,
    0x00, 0x00, 0x42, 0x00, 0x42, 0x00, 0x63, 0x00, 0x63, 0x08, 0x63, 0x08,
    0x00, 0x00, 0x00, 0x00, 0x00, 0x00, 0x00, 0x00, 0x00, 0x00, 0x00, 0x00,
    0x00, 0x00, 0x00, 0x00, 0x00, 0x00, 0x00, 0x00, 0x49, 0x4A, 0xAE, 0x73,
    0x72, 0x8C, 0xB3, 0x94, 0xB3, 0x94, 0x51, 0x8C, 0xAF, 0x73, 0x0C, 0x5B,
    0x8A, 0x4A, 0xE8, 0x39, 0x86, 0x29, 0x45, 0x21, 0x24, 0x21, 0xE3, 0x18,
    0x45, 0x19, 0x25, 0x21, 0x86, 0x31, 0x08, 0x42, 0xAA, 0x52, 0x4D, 0x6B,
    0xF0, 0x7B, 0x51, 0x8C, 0x31, 0x84, 0x4D, 0x63, 0x45, 0x29, 0x00, 0x00,
    0x00, 0x00, 0x00, 0x00, 0x00, 0x00, 0x00, 0x00, 0x00, 0x00, 0x00, 0x00,
    0x00, 0x00, 0x00, 0x00, 0x63, 0x08, 0x63, 0x08, 0x63, 0x00, 0x63, 0x00,
    0x42, 0x00, 0x00, 0x00, 0x00, 0x00, 0x42, 0x00, 0x42, 0x00, 0x42, 0x00,
    0x44, 0x08, 0x63, 0x08, 0x02, 0x00, 0x00, 0x00, 0x00, 0x00, 0x00, 0x00,
    0x00, 0x00, 0x00, 0x00, 0x00, 0x00, 0xAA, 0x52, 0xFF, 0xFF, 0x00, 0x00,
    0x00, 0x00, 0x00, 0x00, 0x00, 0x00, 0x00, 0x00, 0x00, 0x00, 0x00, 0x00,
    0xC4, 0x18, 0x66, 0x29, 0x45, 0x21, 0x04, 0x21, 0x24, 0x21, 0xC3, 0x18,
    0x45, 0x29, 0x65, 0x29, 0x45, 0x29, 0x26, 0x21, 0x45, 0x29, 0x24, 0x21,
    0xA2, 0x10, 0x00, 0x00, 0x00, 0x00, 0x00, 0x00, 0x00, 0x00, 0x00, 0x00,
    0x00, 0x00, 0x00, 0x00, 0xAA, 0x52, 0x00, 0x00, 0x00, 0x00, 0x00, 0x00,
    0x00, 0x00, 0x00, 0x00, 0x00, 0x00, 0xC3, 0x00, 0x63, 0x08, 0x43, 0x08,
    0x42, 0x00, 0x42, 0x00, 0x42, 0x00, 0x00, 0x00, 0x00, 0x00, 0x43, 0x00,
    0x43, 0x00, 0x43, 0x00, 0x83, 0x08, 0xA3, 0x08, 0x63, 0x00, 0x03, 0x00,
    0x00, 0x00, 0x00, 0x00, 0x00, 0x00, 0x00, 0x00, 0x00, 0x00, 0x00, 0x00,
    0x00, 0x00, 0x06, 0x00, 0xC7, 0x39, 0x2B, 0x42, 0x72, 0x6B, 0xFF, 0xFF,
    0x00, 0x00, 0x00, 0x00, 0x00, 0x00, 0x00, 0x00, 0x00, 0x00, 0x00, 0x00,
    0x00, 0x00, 0x00, 0x00, 0x00, 0x00, 0x00, 0x00, 0x00, 0x00, 0x00, 0x00,
    0x00, 0x00, 0x00, 0x00, 0x00, 0x00, 0x00, 0x00, 0xFF, 0xFF, 0xD3, 0x9C,
    0xEB, 0x5A, 0xCA, 0x39, 0x45, 0x29, 0x00, 0x00, 0x00, 0x00, 0x00, 0x00,
    0x00, 0x00, 0x00, 0x00, 0x00, 0x00, 0x00, 0x00, 0x03, 0x00, 0x82, 0x00,
    0xA4, 0x08, 0x83, 0x08, 0x42, 0x00, 0x42, 0x00, 0x43, 0x00, 0x00, 0x00,
    0x00, 0x00, 0x22, 0x00, 0x22, 0x00, 0x62, 0x00, 0x84, 0x08, 0xA3, 0x08,
    0x63, 0x08, 0x82, 0x00, 0x02, 0x00, 0x03, 0x00, 0x00, 0x00, 0x00, 0x00,
    0x00, 0x00, 0x00, 0x00, 0xE3, 0x00, 0xE3, 0x18, 0x04, 0x11, 0x06, 0x19,
    0x05, 0x19, 0x05, 0x19, 0x45, 0x11, 0xC3, 0x18, 0xE3, 0x18, 0x24, 0x01,
    0x00, 0x00, 0x00, 0x00, 0x00, 0x00, 0x00, 0x00, 0x00, 0x00, 0x00, 0x00,
    0x00, 0x00, 0x00, 0x00, 0x00, 0x00, 0x00, 0x00, 0x06, 0x00, 0x04, 0x00,
    0xE3, 0x18, 0xA5, 0x10, 0xC5, 0x18, 0xE5, 0x18, 0xA2, 0x10, 0x04, 0x00,
    0x00, 0x00, 0x00, 0x00, 0x00, 0x00, 0x00, 0x00, 0x00, 0x00, 0x03, 0x00,
    0x82, 0x00, 0x63, 0x00, 0x83, 0x08, 0x83, 0x08, 0x43, 0x00, 0x43, 0x00,
    0x22, 0x00, 0x00, 0x00, 0x00, 0x00, 0x00, 0x00, 0x00, 0x00, 0x00, 0x00,
    0x00, 0x00, 0x00, 0x00, 0x00, 0x00, 0x00, 0x00, 0x00, 0x00, 0x00, 0x00,
    0x00, 0x00, 0x00, 0x00, 0x00, 0x00, 0x00, 0x00, 0x00, 0x00, 0x00, 0x00,
    0x00, 0x00, 0x00, 0x00, 0x00, 0x00, 0x00, 0x00, 0x00, 0x00, 0x00, 0x00,
    0x00, 0x00, 0x00, 0x00, 0x00, 0x00, 0x00, 0x00, 0x00, 0x00, 0x00, 0x00,
    0x00, 0x00, 0x00, 0x00, 0x00, 0x00, 0x00, 0x00, 0x00, 0x00, 0x00, 0x00,
    0x00, 0x00, 0x00, 0x00, 0x00, 0x00, 0x00, 0x00, 0x00, 0x00, 0x00, 0x00,
    0x00, 0x00, 0x00, 0x00, 0x00, 0x00, 0x00, 0x00, 0x00, 0x00, 0x00, 0x00,
    0x00, 0x00, 0x00, 0x00, 0x00, 0x00, 0x00, 0x00, 0x00, 0x00, 0x00, 0x00,
    0x00, 0x00, 0x00, 0x00, 0x00, 0x00, 0x00, 0x00, 0x00, 0x00, 0x00, 0x00,
    0x00, 0x00, 0x00, 0x00, 0x00, 0x00, 0x00, 0x00, 0x00, 0x00, 0x00, 0x00,
    0x00, 0x00, 0x00, 0x00, 0x00, 0x00, 0x00, 0x00, 0x00, 0x00, 0x00, 0x00,
    0x00, 0x00, 0x00, 0x00, 0x00, 0x00, 0x00, 0x00, 0x00, 0x00, 0x00, 0x00,
    0x00, 0x00, 0x00, 0x00, 0x00, 0x00, 0x00, 0x00, 0x00, 0x00, 0x00, 0x00,
    0x00, 0x00, 0x00, 0x00, 0x00, 0x00, 0x00, 0x00, 0x00, 0x00, 0x00, 0x00,
    0x00, 0x00, 0x00, 0x00, 0x00, 0x00, 0x00, 0x00, 0x00, 0x00, 0x00, 0x00,
    0x00, 0x00, 0x00, 0x00, 0x00, 0x00, 0x00, 0x00, 0x00, 0x00, 0x00, 0x00,
    0x00, 0x00, 0x00, 0x00, 0x00, 0x00, 0x00, 0x00, 0x00, 0x00, 0x00, 0x00,
    0x00, 0x00, 0x00, 0x00, 0x00, 0x00, 0x00, 0x00, 0x00, 0x00, 0x00, 0x00,
    0x00, 0x00, 0x00, 0x00, 0x00, 0x00, 0x00, 0x00, 0x00, 0x00, 0x00, 0x00,
    0x00, 0x00, 0x00, 0x00, 0x00, 0x00, 0x00, 0x00, 0x00, 0x00, 0x00, 0x00,
    0x00, 0x00, 0x00, 0x00, 0x00, 0x00, 0x00, 0x00, 0x00, 0x00, 0x00, 0x00,
    0x00, 0x00, 0x00, 0x00, 0x00, 0x00, 0x00, 0x00, 0x00, 0x00, 0x00, 0x00,
    0x00, 0x00, 0x00, 0x00, 0x00, 0x00, 0x00, 0x00, 0x00, 0x00, 0x00, 0x00,
    0x00, 0x00, 0x00, 0x00, 0x00, 0x00, 0x00, 0x00, 0x00, 0x00, 0x00, 0x00,
    0x00, 0x00, 0x00, 0x00, 0x00, 0x00, 0x00, 0x00, 0x00, 0x00, 0x00, 0x00,
    0x00, 0x00, 0x00, 0x00, 0x00, 0x00, 0x00, 0x00, 0x00, 0x00, 0x00, 0x00,
    0x00, 0x00, 0x00, 0x00, 0x00, 0x00, 0x00, 0x00, 0x00, 0x00, 0x00, 0x00,
    0x00, 0x00, 0x00, 0x00, 0x00, 0x00, 0x00, 0x00, 0x00, 0x00, 0x00, 0x00,
    0x00, 0x00, 0x00, 0x00, 0x00, 0x00, 0x00, 0x00, 0x00, 0x00, 0x00, 0x00,
    0x00, 0x00, 0x00, 0x00, 0x00, 0x00, 0x00, 0x00, 0x00, 0x00, 0x00, 0x00,
    0x00, 0x00, 0x00, 0x00, 0x00, 0x00, 0x00, 0x00, 0x00, 0x00, 0x00, 0x00,
    0x00, 0x00, 0x00, 0x00, 0x00, 0x00, 0x00, 0x00, 0x00, 0x00, 0x00, 0x00,
    0x00, 0x00, 0x00, 0x00, 0x00, 0x00, 0x00, 0x00, 0x00, 0x00, 0x00, 0x00,
    0x00, 0x00, 0x00, 0x00, 0x00, 0x00, 0x00, 0x00, 0x00, 0x00, 0x00, 0x00,
    0x00, 0x00, 0x00, 0x00, 0x00, 0x00, 0x00, 0x00, 0x00, 0x00, 0x00, 0x00,
    0x00, 0x00, 0x00, 0x00, 0x00, 0x00, 0x00, 0x00, 0x00, 0x00, 0x00, 0x00,
    0x00, 0x00, 0x00, 0x00, 0x00, 0x00, 0x00, 0x00, 0x00, 0x00, 0x00, 0x00,
    0x00, 0x00, 0x00, 0x00, 0x00, 0x00, 0x00, 0x00, 0x00, 0x00, 0x00, 0x00,
    0x00, 0x00, 0x00, 0x00, 0x00, 0x00, 0x00, 0x00, 0x00, 0x00, 0x00, 0x00,
    0x00, 0x00, 0x00, 0x00, 0x00, 0x00, 0x00, 0x00, 0x00, 0x00, 0x00, 0x00,
    0x00, 0x00, 0x00, 0x00, 0x00, 0x00, 0x00, 0x00, 0x00, 0x00, 0x00, 0x00,
    0x00, 0x00, 0x00, 0x00, 0x00, 0x5C, 0x60, 0x67, 0x69, 0x73, 0x7C, 0x86,
    0x89, 0x91, 0x9A, 0xA1, 0xAE, 0xB8, 0xBE, 0xC7, 0xC9, 0xCB, 0xD2, 0xD7,
    0xDD, 0xE2, 0xE9, 0xEF, 0xF7, 0xF9, 0xFB, 0xFD, 0xFE, 0xFD, 0xFA, 0xF7,
    0xED, 0xE6, 0xE0, 0xDB, 0xD4, 0xCA, 0xC3, 0xC0, 0xB8, 0xB0, 0xA6, 0xA2,
    0x9C, 0x94, 0x8D, 0x89, 0x82, 0x7A, 0x75, 0x6C, 0x67, 0x63, 0x5E, 0x00,
    0x00, 0x5F, 0x65, 0x6D, 0x71, 0x7C, 0x87, 0x8F, 0x94, 0x9A, 0xA4, 0xAE,
    0xB8, 0xC2, 0xCC, 0xD3, 0xD2, 0xD5, 0xDB, 0xDF, 0xE2, 0xE9, 0xEE, 0xF6,
    0xFC, 0xFB, 0xF8, 0xF8, 0xF8, 0xF7, 0xF5, 0xF6, 0xF6, 0xEE, 0xE2, 0xE1,
    0xD9, 0xD0, 0xC9, 0xC6, 0xC2, 0xBC, 0xB8, 0xAF, 0xA6, 0xA0, 0x9A, 0x93,
    0x8B, 0x81, 0x7B, 0x73, 0x6A, 0x67, 0x64, 0x00, 0x00, 0x62, 0x6A, 0x73,
    0x79, 0x85, 0x8C, 0x95, 0x9D, 0xA5, 0xB2, 0xBC, 0xC2, 0xC9, 0xCE, 0xD1,
    0xD7, 0xD9, 0xDF, 0xE8, 0xEF, 0xF4, 0xF5, 0xF8, 0xFB, 0xFF, 0xFF, 0xFF,
    0xFF, 0xFF, 0xFF, 0xFE, 0xFA, 0xF6, 0xF1, 0xED, 0xEA, 0xE2, 0xD8, 0xCC,
    0xC7, 0xC5, 0xBB, 0xB8, 0xB0, 0xA9, 0xA1, 0x98, 0x91, 0x8A, 0x83, 0x7A,
    0x6F, 0x6B, 0x69, 0x00, 0x00, 0x66, 0x6F, 0x78, 0x80, 0x8C, 0x93, 0xA0,
    0xAA, 0xB1, 0xBE, 0xC4, 0xCE, 0xDC, 0xE8, 0xF3, 0xFB, 0xFF, 0xFF, 0xFF,
    0xFF, 0xFF, 0xFF, 0xFF, 0xFF, 0xEC, 0xD3, 0xC8, 0xC4, 0xD5, 0xE2, 0xF6,
    0xFF, 0xFF, 0xFF, 0xFF, 0xFF, 0xFF, 0xFF, 0xFF, 0xF7, 0xEE, 0xDE, 0xCE,
    0xBB, 0xAC, 0xA5, 0xA0, 0x9C, 0x94, 0x89, 0x7F, 0x76, 0x6D, 0x68, 0x00,
    0x00, 0x6C, 0x77, 0x80, 0x87, 0x94, 0xA0, 0xA9, 0xB4, 0xC8, 0xDE, 0xF2,
    0xFF, 0xFF, 0xFF, 0xFE, 0xF5, 0xEF, 0xE8, 0xE8, 0xEC, 0xE8, 0xD4, 0xBD,
    0xA6, 0x69, 0x29, 0x05, 0x00, 0x0B, 0x1D, 0x3B, 0x66, 0x8C, 0xA7, 0xCE,
    0xE7, 0xF1, 0xF7, 0xFB, 0xFF, 0xFF, 0xFF, 0xFF, 0xFF, 0xE7, 0xCB, 0xAF,
    0xA0, 0x9B, 0x93, 0x86, 0x7C, 0x70, 0x69, 0x00, 0x00, 0x73, 0x7B, 0x85,
    0x93, 0x98, 0xA5, 0xC9, 0xEC, 0xFF, 0xFF, 0xFF, 0xDD, 0x9F, 0x7F, 0x77,
    0x8F, 0xAF, 0xC8, 0xDF, 0xED, 0xF1, 0xEE, 0xF1, 0xFC, 0xFF, 0xB1, 0x4A,
    0x3D, 0x72, 0xB1, 0xC8, 0xD8, 0xE3, 0xE3, 0xE6, 0xE8, 0xE7, 0xE7, 0xD2,
    0xC3, 0xB3, 0x98, 0x9F, 0xE2, 0xFF, 0xFF, 0xF7, 0xD3, 0xA9, 0x98, 0x8F,
    0x84, 0x78, 0x6C, 0x00, 0x00, 0x79, 0x7F, 0x8C, 0x94, 0xAC, 0xE7, 0xFF,
    0xFF, 0xDF, 0xA2, 0x78, 0x66, 0x76, 0xB5, 0xEE, 0xFF, 0xFF, 0xFF, 0xFF,
    0xFF, 0xFF, 0xFF, 0xFF, 0xDF, 0xBC, 0x74, 0x47, 0x4C, 0x97, 0xC6, 0xDA,
    0xF9, 0xFF, 0xFF, 0xFF, 0xFF, 0xFF, 0xFF, 0xFF, 0xF9, 0xE3, 0xA6, 0x50,
    0x3E, 0x6A, 0xB8, 0xFF, 0xFF, 0xF5, 0xBB, 0x92, 0x8D, 0x7E, 0x75, 0x00,
    0x00, 0x7A, 0x84, 0x8D, 0xA5, 0xF8, 0xFF, 0xBE, 0x5C, 0x28, 0x3E, 0x8B,
    0xAE, 0xA2, 0xC6, 0xFF, 0xFE, 0xFC, 0xFC, 0xFD, 0xFD, 0xFE, 0xBD, 0x79,
    0x97, 0xB2, 0xCF, 0xE3, 0xE5, 0xE8, 0xD5, 0xBA, 0x92, 0x86, 0xEA, 0xFF,
    0xFD, 0xFE, 0xFE, 0xFE, 0xFF, 0xFF, 0xB3, 0x6E, 0x4B, 0x37, 0x2E, 0x54,
    0xBC, 0xFF, 0xFF, 0xB6, 0x8B, 0x85, 0x7A, 0x00, 0x00, 0x7E, 0x8A, 0x8E,
    0xE2, 0xFF, 0x95, 0x02, 0x00, 0x17, 0x54, 0x7F, 0x96, 0x97, 0xBD, 0xFE,
    0xFF, 0xFF, 0xFF, 0xFE, 0xFF, 0xC8, 0x8C, 0xEA, 0xFF, 0xFF, 0xFF, 0xFF,
    0xFF, 0xFF, 0xFF, 0xFF, 0xFF, 0xA6, 0x50, 0xF7, 0xFF, 0xFF, 0xFF, 0xFF,
    0xFF, 0xF9, 0xA6, 0x55, 0x3E, 0x3F, 0x4F, 0x20, 0x00, 0x78, 0xFF, 0xF0,
    0x95, 0x89, 0x7F, 0x00, 0x00, 0x84, 0x8D, 0xA2, 0xFE, 0xFC, 0x18, 0x02,
    0x05, 0x14, 0x4C, 0x9C, 0xDA, 0xC3, 0xB2, 0xD1, 0xDB, 0xDA, 0xEC, 0xF9,
    0xFE, 0x82, 0xCC, 0xFF, 0xF7, 0xF9, 0xFB, 0xFC, 0xFC, 0xFC, 0xFB, 0xF7,
    0xFD, 0xFB, 0x35, 0xC1, 0xF7, 0xFA, 0xF8, 0xF3, 0xF3, 0xF8, 0xC8, 0x7A,
    0x52, 0x46, 0x3F, 0x22, 0x03, 0x12, 0xF9, 0xFF, 0xAA, 0x8E, 0x86, 0x00,
    0x00, 0x89, 0x8F, 0xA6, 0xFC, 0xFE, 0x65, 0x00, 0x00, 0x24, 0x65, 0x9E,
    0x82, 0x58, 0x60, 0x8B, 0xBB, 0xD9, 0xF3, 0xF9, 0xFD, 0x4F, 0x42, 0xF5,
    0xFF, 0xFF, 0xFF, 0xFF, 0xFF, 0xFF, 0xFF, 0xFF, 0xFF, 0x82, 0x04, 0xDD,
    0xFD, 0xFC, 0xF8, 0xE9, 0xD4, 0x9E, 0x69, 0x3D, 0x36, 0x53, 0x57, 0x23,
    0x00, 0x5A, 0xFD, 0xFF, 0xAE, 0x8D, 0x87, 0x00, 0x00, 0x89, 0x8E, 0xA6,
    0xFD, 0xFE, 0xFC, 0x73, 0x07, 0x00, 0x20, 0x67, 0x9B, 0xB6, 0xCB, 0xEB,
    0xFF, 0xFF, 0xFF, 0xFE, 0xFF, 0xF8, 0x41, 0x36, 0x97, 0xBC, 0xD1, 0xDE,
    0xE0, 0xD6, 0xC0, 0x93, 0x46, 0x05, 0xB3, 0xFF, 0xFD, 0xFF, 0xFF, 0xFF,
    0xFF, 0xFF, 0xDE, 0xAC, 0x6B, 0x2F, 0x29, 0x25, 0x70, 0xF9, 0xFE, 0xFF,
    0xAF, 0x8E, 0x89, 0x00, 0x00, 0x8B, 0x8F, 0xA2, 0xFD, 0xFF, 0xFF, 0xFF,
    0xDA, 0x74, 0xAA, 0xA1, 0x77, 0x73, 0xAE, 0xEB, 0xFC, 0xFD, 0xFD, 0xFF,
    0xD6, 0x63, 0x41, 0x00, 0x0F, 0x2F, 0x38, 0x0E, 0x08, 0x01, 0x04, 0x00,
    0x00, 0x17, 0x3E, 0xB3, 0xFF, 0xFD, 0xFF, 0xFE, 0xFD, 0xFF, 0xDF, 0x9E,
    0xA7, 0xCD, 0x8F, 0xE0, 0xFF, 0xFF, 0xFF, 0xFF, 0xA8, 0x91, 0x8B, 0x00,
    0x00, 0x8D, 0x92, 0xA4, 0xFB, 0xFF, 0xA0, 0x96, 0xFB, 0xFF, 0xFF, 0xB2,
    0xA1, 0xDB, 0xFF, 0xFF, 0xFF, 0xFF, 0xFD, 0xFD, 0x44, 0x51, 0x38, 0x00,
    0x00, 0x1C, 0x2B, 0x00, 0x02, 0x02, 0x00, 0x02, 0x03, 0x07, 0x4B, 0x25,
    0xED, 0xFF, 0xFE, 0xFF, 0xFF, 0xFE, 0xFB, 0xD1, 0xC0, 0xFF, 0xFF, 0xEE,
    0x99, 0xD9, 0xFF, 0xFE, 0xAE, 0x96, 0x91, 0x00, 0x00, 0x90, 0x94, 0xA2,
    0xFA, 0xFD, 0x96, 0x00, 0x1E, 0x77, 0xD8, 0xFF, 0xFF, 0xFF, 0xFA, 0xFD,
    0xFF, 0xFE, 0xFF, 0xF7, 0x8B, 0xE2, 0x41, 0x01, 0x1B, 0x36, 0x1D, 0x00,
    0x00, 0x00, 0x05, 0x03, 0x00, 0x07, 0x7F, 0x68, 0xE6, 0xFF, 0xFE, 0xFF,
    0xFF, 0xFF, 0xFE, 0xFF, 0xFF, 0xCC, 0x65, 0x11, 0x1C, 0xC7, 0xFD, 0xFE,
    0xB3, 0x98, 0x96, 0x00, 0x00, 0x90, 0x95, 0xA1, 0xF9, 0xFF, 0xA2, 0x0F,
    0x00, 0x06, 0x38, 0x95, 0xF6, 0xFE, 0xFF, 0xFF, 0xFF, 0xFF, 0xFF, 0xFF,
    0xF9, 0xEB, 0xE0, 0xD7, 0xDB, 0xEF, 0xD8, 0xBC, 0xBB, 0xBE, 0xD2, 0xDD,
    0xDC, 0xE6, 0xE7, 0xF5, 0xFF, 0xFF, 0xFF, 0xFF, 0xFF, 0xFF, 0xFE, 0xFC,
    0xAD, 0x3D, 0x00, 0x00, 0x2D, 0xCD, 0xFF, 0xFE, 0xB8, 0xA0, 0x9C, 0x00,
    0x00, 0x92, 0x97, 0xA2, 0xFE, 0xA5, 0x76, 0x13, 0x05, 0x29, 0x51, 0x9C,
    0xF8, 0xFF, 0xFE, 0xFF, 0xFF, 0xFF, 0xFF, 0xFF, 0xFF, 0xFF, 0xFF, 0xFF,
    0xFF, 0xFE, 0xFF, 0xFF, 0xFE, 0xF2, 0xE3, 0xDC, 0xDE, 0xEC, 0xFF, 0xFF,
    0xFF, 0xFF, 0xFF, 0xFF, 0xFF, 0xFF, 0xFE, 0xFF, 0xBA, 0x47, 0x0D, 0x01,
    0x3E, 0x9C, 0xB2, 0xFF, 0xB7, 0xA2, 0x9E, 0x00, 0x00, 0x92, 0x99, 0xA0,
    0xFF, 0x41, 0x4C, 0x1B, 0x01, 0x1D, 0x5A, 0xB8, 0xFE, 0xFF, 0xFF, 0xFF,
    0xFF, 0xFF, 0xFF, 0xFC, 0xFD, 0xFE, 0xFD, 0xFC, 0xFC, 0xD2, 0x87, 0x4F,
    0x20, 0x08, 0x01, 0x0B, 0x34, 0x8F, 0xF1, 0xFE, 0xFE, 0xFF, 0xFF, 0xFF,
    0xFF, 0xFF, 0xFE, 0xFF, 0xB1, 0x41, 0x07, 0x00, 0x53, 0x59, 0x75, 0xFF,
    0xAA, 0xA3, 0x9F, 0x00, 0x00, 0x93, 0x98, 0x9C, 0xFF, 0x86, 0x42, 0x1B,
    0x00, 0x0E, 0x3B, 0x99, 0xFA, 0xFF, 0xFF, 0xFF, 0xFF, 0xFF, 0xFF, 0xFF,
    0xFF, 0xFE, 0xFF, 0xFE, 0xFF, 0xE2, 0x87, 0x3F, 0x18, 0x04, 0x08, 0x1F,
    0x51, 0x9E, 0xF8, 0xFE, 0xFF, 0xFF, 0xFF, 0xFF, 0xFF, 0xFE, 0xFF, 0xF7,
    0x9B, 0x34, 0x02, 0x00, 0x49, 0x40, 0xA8, 0xFF, 0xA8, 0xA1, 0x9D, 0x00,
    0x00, 0x94, 0x98, 0x9E, 0xF3, 0xF9, 0x8A, 0x0B, 0x01, 0x13, 0x3F, 0x93,
    0xF3, 0xFF, 0xFE, 0xFF, 0xFE, 0xFF, 0xF9, 0xA8, 0xD8, 0xFF, 0xFE, 0xFE,
    0xFF, 0xEC, 0x96, 0x45, 0x1C, 0x08, 0x0A, 0x20, 0x51, 0xBB, 0xFF, 0xFF,
    0xFF, 0xFF, 0xFF, 0xFF, 0xFF, 0xFF, 0xFF, 0xFA, 0xA3, 0x33, 0x02, 0x00,
    0x2E, 0x95, 0xEF, 0xF8, 0xA9, 0x9E, 0x99, 0x00, 0x00, 0x94, 0x98, 0x9B,
    0xE6, 0xFF, 0xA5, 0x05, 0x01, 0x07, 0x32, 0x95, 0xF6, 0xFF, 0xFE, 0xFF,
    0xFC, 0xFF, 0xA6, 0x00, 0x1D, 0xEA, 0xFE, 0xFD, 0xFF, 0xF7, 0xA7, 0x45,
    0x17, 0x04, 0x0B, 0x1B, 0x62, 0x73, 0x4A, 0xD0, 0xFF, 0xFE, 0xFF, 0xFF,
    0xFF, 0xFF, 0xFF, 0xFC, 0xB2, 0x3A, 0x02, 0x01, 0x22, 0xBA, 0xFF, 0xE2,
    0xA5, 0x9C, 0x98, 0x00, 0x00, 0x92, 0x96, 0x93, 0xE3, 0xEE, 0xAA, 0x07,
    0x00, 0x05, 0x2C, 0x7C, 0xE2, 0xFF, 0xFE, 0xFF, 0xFD, 0xFF, 0xB4, 0x00,
    0x00, 0xCC, 0xFF, 0xFC, 0xFF, 0xEE, 0x90, 0x49, 0x20, 0x0C, 0x0C, 0x22,
    0x65, 0x00, 0x00, 0xB7, 0xFF, 0xFE, 0xFF, 0xFF, 0xFF, 0xFE, 0xFF, 0xF5,
    0x88, 0x27, 0x02, 0x00, 0x23, 0xAE, 0xE4, 0xE6, 0x9E, 0x9E, 0x98, 0x00,
    0x00, 0x8C, 0x91, 0x8D, 0xEB, 0xF0, 0x9B, 0x4B, 0x17, 0x17, 0x35, 0x86,
    0xF0, 0xFC, 0xFE, 0xFF, 0xFE, 0xFF, 0xF9, 0x7D, 0x7F, 0xFB, 0xFE, 0xFD,
    0xFF, 0xE4, 0x7C, 0x3E, 0x1A, 0x06, 0x0F, 0x2B, 0x76, 0x21, 0x3F, 0xDF,
    0xFF, 0xFE, 0xFF, 0xFF, 0xFF, 0xFD, 0xFD, 0xEF, 0x7B, 0x21, 0x02, 0x0A,
    0x40, 0x92, 0xE7, 0xF8, 0xA2, 0x9D, 0x96, 0x00, 0x00, 0x8B, 0x8E, 0x8A,
    0xE7, 0xFF, 0xCC, 0x7C, 0x5D, 0x33, 0x36, 0x85, 0xED, 0xFF, 0xFF, 0xFF,
    0xFE, 0xFE, 0xFF, 0xFF, 0xFF, 0xFF, 0xFF, 0xFE, 0xFF, 0xE4, 0x83, 0x37,
    0x13, 0x06, 0x0C, 0x2B, 0x72, 0xD5, 0xF1, 0xFE, 0xFE, 0xFE, 0xFE, 0xFE,
    0xFF, 0xFF, 0xFF, 0xFF, 0x93, 0x34, 0x22, 0x4A, 0x7C, 0xDD, 0xFF, 0xEF,
    0xA1, 0x9A, 0x92, 0x00, 0x00, 0x89, 0x8D, 0x8A, 0xE7, 0xFE, 0xBF, 0x23,
    0x50, 0x7B, 0x77, 0x77, 0x93, 0xB7, 0xE6, 0xFC, 0xFF, 0xFF, 0xFF, 0xFE,
    0xFE, 0xFF, 0xFF, 0xFE, 0xFF, 0xE5, 0x8E, 0x3C, 0x14, 0x0A, 0x0A, 0x30,
    0x66, 0xAD, 0xFF, 0xFF, 0xFF, 0xFF, 0xFF, 0xFF, 0xFF, 0xF0, 0xCA, 0xA0,
    0x77, 0x67, 0x74, 0x4C, 0x46, 0xD4, 0xFE, 0xE8, 0x97, 0x97, 0x90, 0x00,
    0x00, 0x86, 0x8A, 0x92, 0xF1, 0xFF, 0xC1, 0x05, 0x00, 0x10, 0x4A, 0x8B,
    0xB4, 0xB4, 0xAA, 0xB5, 0xD9, 0xE5, 0xEE, 0xF4, 0xF6, 0xF6, 0xF9, 0xFD,
    0xFF, 0xE7, 0x83, 0x36, 0x08, 0x00, 0x0B, 0x2D, 0x5A, 0xB1, 0xF1, 0xEB,
    0xE9, 0xE8, 0xE4, 0xD9, 0xB7, 0xAE, 0xAF, 0xB4, 0x88, 0x41, 0x0B, 0x00,
    0x15, 0xC9, 0xFF, 0xF2, 0x9B, 0x90, 0x8C, 0x00, 0x00, 0x85, 0x82, 0xA9,
    0xFF, 0xFF, 0xC6, 0x12, 0x03, 0x08, 0x2A, 0x6F, 0xDD, 0xFF, 0xFF, 0xFE,
    0xF4, 0xEB, 0xE6, 0xE0, 0xD7, 0xC5, 0xB7, 0xAD, 0xA3, 0x98, 0x80, 0x69,
    0x4A, 0x3C, 0x42, 0x4D, 0x6A, 0x89, 0x99, 0xB1, 0xCA, 0xDC, 0xE7, 0xEF,
    0xFA, 0xFF, 0xFF, 0xDE, 0x5C, 0x06, 0x00, 0x03, 0x20, 0xCB, 0xFF, 0xFF,
    0xB3, 0x83, 0x86, 0x00, 0x00, 0x7F, 0x7A, 0xC0, 0xFF, 0xFF, 0xCF, 0x0E,
    0x00, 0x04, 0x23, 0x7B, 0xEA, 0xFC, 0xFC, 0xFF, 0xFF, 0xFF, 0xFF, 0xFF,
    0xFF, 0xFF, 0xFF, 0xFD, 0xF3, 0xC3, 0xA0, 0x85, 0x74, 0x6A, 0x5F, 0x64,
    0x75, 0xA4, 0xF0, 0xFF, 0xFF, 0xFF, 0xFF, 0xFF, 0xFF, 0xFC, 0xFC, 0xD5,
    0x5A, 0x10, 0x01, 0x00, 0x26, 0xD3, 0xFF, 0xFF, 0xC3, 0x79, 0x80, 0x00,
    0x00, 0x7F, 0x77, 0xBB, 0xFF, 0xFD, 0xF1, 0x4A, 0x00, 0x00, 0x1A, 0x6E,
    0xDB, 0xFF, 0xFE, 0xFF, 0xFF, 0xFE, 0xFE, 0xFE, 0xFE, 0xFE, 0xFE, 0xFF,
    0xFE, 0xD3, 0x6E, 0x2D, 0x06, 0x00, 0x00, 0x00, 0x21, 0x8E, 0xF7, 0xFD,
    0xFD, 0xFE, 0xFE, 0xFE, 0xFF, 0xFE, 0xFF, 0xB8, 0x3E, 0x07, 0x04, 0x00,
    0x5B, 0xED, 0xFD, 0xFF, 0xC1, 0x79, 0x7D, 0x00, 0x00, 0x7D, 0x78, 0x97,
    0xFF, 0xFE, 0xFF, 0xCB, 0x49, 0x1B, 0x23, 0x56, 0xC9, 0xFF, 0xFE, 0xFF,
    0xFF, 0xFF, 0xFF, 0xFF, 0xFF, 0xFF, 0xFF, 0xFE, 0xFF, 0xD3, 0x7F, 0x41,
    0x17, 0x08, 0x05, 0x06, 0x26, 0x77, 0xED, 0xFF, 0xFE, 0xFF, 0xFF, 0xFF,
    0xFF, 0xFE, 0xFF, 0xA7, 0x37, 0x08, 0x00, 0x2B, 0xC1, 0xFF, 0xFD, 0xFF,
    0x9E, 0x79, 0x7B, 0x00, 0x00, 0x77, 0x79, 0x7B, 0xE6, 0xF9, 0xBD, 0xFC,
    0xFB, 0xAF, 0x8B, 0x97, 0xD1, 0xFD, 0xFE, 0xFF, 0xFF, 0xFF, 0xFF, 0xFF,
    0xFF, 0xFF, 0xFF, 0xFF, 0xFB, 0xB6, 0x62, 0x23, 0x06, 0x00, 0x01, 0x00,
    0x18, 0x70, 0xEA, 0xFF, 0xFE, 0xFF, 0xFF, 0xFF, 0xFF, 0xFF, 0xFE, 0xCC,
    0x78, 0x59, 0x96, 0xF4, 0xF8, 0xC4, 0xFC, 0xE8, 0x7D, 0x7A, 0x77, 0x00,
    0x00, 0x74, 0x79, 0x72, 0xDD, 0xFB, 0x8A, 0x27, 0x92, 0xFF, 0xFF, 0xE9,
    0xE0, 0xEF, 0xFE, 0xFF, 0xFF, 0xFF, 0xFF, 0xFF, 0xFF, 0xFF, 0xFF, 0xFF,
    0xFE, 0xC0, 0x5D, 0x25, 0x08, 0x02, 0x02, 0x07, 0x33, 0x82, 0xF0, 0xFF,
    0xFE, 0xFF, 0xFF, 0xFF, 0xFE, 0xFA, 0xEC, 0xDE, 0xE1, 0xFF, 0xFF, 0x89,
    0x1B, 0x83, 0xFC, 0xE0, 0x7A, 0x77, 0x76, 0x00, 0x00, 0x71, 0x77, 0x71,
    0xE1, 0xFB, 0xCD, 0x7D, 0x20, 0x33, 0xA4, 0xFF, 0xFF, 0xFF, 0xFC, 0xFD,
    0xFF, 0xFF, 0xFF, 0xFF, 0xFF, 0xFF, 0xFD, 0xF7, 0xF1, 0xB6, 0x5C, 0x1A,
    0x00, 0x00, 0x00, 0x08, 0x2D, 0x75, 0xD7, 0xF3, 0xFE, 0xFF, 0xFF, 0xFF,
    0xFE, 0xFC, 0xFB, 0xFF, 0xFF, 0xBA, 0x31, 0x15, 0x6E, 0xD2, 0xF9, 0xEB,
    0x73, 0x74, 0x73, 0x00, 0x00, 0x6D, 0x6F, 0x6B, 0xDE, 0xFF, 0xD8, 0x5C,
    0x5B, 0x3B, 0x10, 0x41, 0xBD, 0xFF, 0xFF, 0xFF, 0xFF, 0xFD, 0xFD, 0xFD,
    0xFD, 0xFD, 0xFB, 0xF5, 0xED, 0xD9, 0xCF, 0xC7, 0xCB, 0xD4, 0xDD, 0xE8,
    0xEE, 0xF2, 0xF6, 0xFA, 0xFD, 0xFD, 0xFE, 0xFF, 0xFF, 0xFF, 0xFF, 0xE7,
    0x74, 0x13, 0x2B, 0x4F, 0x61, 0xDB, 0xFF, 0xE2, 0x70, 0x70, 0x6D, 0x00,
    0x00, 0x6A, 0x6B, 0x69, 0xDE, 0xFF, 0xD5, 0x30, 0x05, 0x22, 0x34, 0x1B,
    0x00, 0x25, 0x84, 0xCD, 0xFA, 0xFF, 0xFF, 0xFF, 0xFF, 0xFF, 0xFF, 0xFF,
    0xFF, 0xFF, 0xFF, 0xFB, 0xD3, 0xAB, 0x98, 0x93, 0xAF, 0xDD, 0xFF, 0xFF,
    0xFF, 0xFF, 0xFF, 0xFF, 0xE9, 0xBC, 0x68, 0x12, 0x15, 0x20, 0x0B, 0x00,
    0x33, 0xDC, 0xFF, 0xDE, 0x6E, 0x6E, 0x68, 0x00, 0x00, 0x64, 0x67, 0x63,
    0xDD, 0xFF, 0xD0, 0x1C, 0x03, 0x14, 0x49, 0x94, 0xBD, 0x8E, 0x5F, 0x4C,
    0x6A, 0x91, 0xB1, 0xC9, 0xCC, 0xC2, 0xAF, 0x98, 0x8E, 0x7B, 0x47, 0x1C,
    0x03, 0x00, 0x00, 0x09, 0x21, 0x5E, 0x96, 0xA9, 0xAB, 0xB2, 0xC4, 0xB0,
    0x7F, 0x7B, 0x8E, 0xA5, 0x74, 0x1E, 0x00, 0x02, 0x21, 0xD0, 0xFF, 0xDF,
    0x66, 0x68, 0x64, 0x00, 0x00, 0x61, 0x63, 0x62, 0xDE, 0xFF, 0xD6, 0x32,
    0x04, 0x0E, 0x2E, 0x81, 0xFA, 0xFF, 0xFF, 0xFF, 0xF1, 0xDA, 0xCB, 0xBB,
    0xA5, 0x83, 0x4F, 0x1F, 0x05, 0x00, 0x00, 0x04, 0x16, 0x28, 0x32, 0x40,
    0x47, 0x58, 0x7B, 0x9E, 0xBA, 0xD3, 0xEB, 0xF7, 0xFF, 0xFF, 0xFF, 0xF0,
    0x67, 0x11, 0x01, 0x00, 0x2D, 0xDB, 0xFF, 0xDC, 0x5F, 0x62, 0x5F, 0x00,
    0x00, 0x5D, 0x60, 0x5B, 0xD8, 0xFF, 0xD5, 0x37, 0x07, 0x18, 0x44, 0x95,
    0xF1, 0xFB, 0xFB, 0xFE, 0xFF, 0xFF, 0xFF, 0xFF, 0xFF, 0xFF, 0xFF, 0xFF,
    0xE8, 0x9B, 0x4F, 0x1E, 0x07, 0x00, 0x00, 0x00, 0x23, 0x98, 0xFF, 0xFF,
    0xFF, 0xFF, 0xFF, 0xFF, 0xFE, 0xFB, 0xFB, 0xD7, 0x65, 0x19, 0x00, 0x00,
    0x33, 0xDB, 0xFF, 0xDD, 0x5D, 0x5F, 0x5B, 0x00, 0x00, 0x5A, 0x5F, 0x56,
    0xCF, 0xFF, 0xD1, 0x2C, 0x04, 0x21, 0x5B, 0xAF, 0xFE, 0xFF, 0xFF, 0xFF,
    0xFE, 0xFE, 0xFD, 0xFD, 0xFC, 0xFC, 0xFD, 0xFF, 0xFD, 0xB6, 0x69, 0x28,
    0x0F, 0x06, 0x03, 0x1C, 0x5A, 0xB3, 0xFD, 0xFC, 0xFD, 0xFD, 0xFE, 0xFF,
    0xFF, 0xFE, 0xFF, 0xE0, 0x66, 0x13, 0x00, 0x00, 0x32, 0xDC, 0xFF, 0xD8,
    0x57, 0x5E, 0x5B, 0x00, 0x00, 0x58, 0x5C, 0x52, 0xCE, 0xFF, 0xD3, 0x2B,
    0x05, 0x29, 0x66, 0xBE, 0xFF, 0xFE, 0xFF, 0xFF, 0xFF, 0xFF, 0xFF, 0xFF,
    0xFF, 0xFF, 0xFF, 0xFE, 0xFD, 0xBA, 0x57, 0x26, 0x0C, 0x00, 0x01, 0x16,
    0x4E, 0xB3, 0xFF, 0xFF, 0xFF, 0xFF, 0xFF, 0xFF, 0xFF, 0xFE, 0xFF, 0xE8,
    0x63, 0x0A, 0x01, 0x00, 0x24, 0xD5, 0xFF, 0xCF, 0x51, 0x5B, 0x59, 0x00,
    0x00, 0x54, 0x5A, 0x4F, 0xCD, 0xFF, 0xD3, 0x29, 0x00, 0x10, 0x3E, 0xA1,
    0xFA, 0xFF, 0xFF, 0xFF, 0xFF, 0xFF, 0xFF, 0xFF, 0xFF, 0xFF, 0xFF, 0xFE,
    0xFF, 0xD4, 0x66, 0x34, 0x18, 0x08, 0x05, 0x17, 0x57, 0xC3, 0xFE, 0xFE,
    0xFF, 0xFF, 0xFF, 0xFF, 0xFF, 0xFE, 0xFF, 0xDB, 0x55, 0x0C, 0x00, 0x00,
    0x2B, 0xD5, 0xFF, 0xCD, 0x50, 0x5C, 0x56, 0x00, 0x00, 0x51, 0x57, 0x50,
    0xCB, 0xFF, 0xD0, 0x29, 0x02, 0x1C, 0x46, 0x92, 0xF1, 0xFF, 0xFE, 0xFF,
    0xFF, 0xFF, 0xFF, 0xFF, 0xFF, 0xFF, 0xFF, 0xFE, 0xFE, 0xBC, 0x5D, 0x29,
    0x0C, 0x08, 0x04, 0x1D, 0x5B, 0xB9, 0xFD, 0xFE, 0xFF, 0xFF, 0xFF, 0xFF,
    0xFF, 0xFE, 0xFF, 0xD3, 0x58, 0x15, 0x00, 0x00, 0x40, 0xE1, 0xFF, 0xCC,
    0x4E, 0x5B, 0x54, 0x00, 0x00, 0x4E, 0x53, 0x51, 0xDD, 0xFF, 0xD4, 0x2B,
    0x02, 0x15, 0x3E, 0x90, 0xF7, 0xFF, 0xFE, 0xFF, 0xFF, 0xFF, 0xFF, 0xFF,
    0xFF, 0xFF, 0xFF, 0xFF, 0xFC, 0xB2, 0x5C, 0x26, 0x0B, 0x01, 0x03, 0x16,
    0x49, 0xAC, 0xFD, 0xFF, 0xFF, 0xFF, 0xFF, 0xFF, 0xFF, 0xFE, 0xFF, 0xE7,
    0x69, 0x15, 0x00, 0x00, 0x3A, 0xE3, 0xFF, 0xE2, 0x57, 0x53, 0x50, 0x00,
    0x00, 0x50, 0x4A, 0x76, 0xFF, 0xFF, 0xD4, 0x25, 0x05, 0x14, 0x36, 0x73,
    0xE0, 0xFF, 0xFE, 0xFF, 0xFF, 0xFF, 0xFF, 0xFF, 0xFF, 0xFF, 0xFF, 0xFF,
    0xF9, 0xAD, 0x56, 0x22, 0x0A, 0x02, 0x07, 0x17, 0x57, 0xBE, 0xFE, 0xFE,
    0xFF, 0xFF, 0xFF, 0xFF, 0xFF, 0xFE, 0xFF, 0xDF, 0x5B, 0x0D, 0x00, 0x00,
    0x2E, 0xDC, 0xFF, 0xFF, 0x79, 0x4A, 0x50, 0x00, 0x00, 0x4D, 0x41, 0x91,
    0xFE, 0xFE, 0xDF, 0x27, 0x00, 0x07, 0x39, 0xA0, 0xF3, 0xFF, 0xFE, 0xFF,
    0xFF, 0xFF, 0xFF, 0xFF, 0xFF, 0xFF, 0xFF, 0xFF, 0xFE, 0xC3, 0x6C, 0x2B,
    0x05, 0x01, 0x04, 0x16, 0x4B, 0xAA, 0xFE, 0xFF, 0xFF, 0xFF, 0xFF, 0xFF,
    0xFF, 0xFE, 0xFF, 0xDB, 0x59, 0x0A, 0x00, 0x00, 0x26, 0xD6, 0xFF, 0xFE,
    0x96, 0x42, 0x4E, 0x00, 0x00, 0x49, 0x3F, 0x86, 0xFF, 0xF8, 0xDD, 0x48,
    0x07, 0x06, 0x1C, 0x7C, 0xE6, 0xFF, 0xFE, 0xFF, 0xFF, 0xFF, 0xFF, 0xFF,
    0xFF, 0xFF, 0xFF, 0xFF, 0xFE, 0xC9, 0x70, 0x2C, 0x06, 0x00, 0x01, 0x09,
    0x3A, 0x9A, 0xF8, 0xFF, 0xFF, 0xFF, 0xFF, 0xFF, 0xFF, 0xFD, 0xFF, 0xCA,
    0x4D, 0x09, 0x03, 0x05, 0x3E, 0xD2, 0xFD, 0xFF, 0x8F, 0x40, 0x4D, 0x00,
    0x00, 0x46, 0x41, 0x58, 0xF7, 0xFF, 0xF4, 0x8A, 0x22, 0x16, 0x38, 0x62,
    0xC6, 0xFF, 0xFE, 0xFF, 0xFF, 0xFF, 0xFF, 0xFF, 0xFF, 0xFF, 0xFF, 0xFF,
    0xFC, 0xB4, 0x66, 0x29, 0x0B, 0x02, 0x00, 0x08, 0x37, 0x8A, 0xF2, 0xFF,
    0xFE, 0xFF, 0xFF, 0xFF, 0xFF, 0xFE, 0xFF, 0xC5, 0x51, 0x14, 0x00, 0x00,
    0x6A, 0xE3, 0xFE, 0xFA, 0x65, 0x43, 0x49, 0x00, 0x00, 0x43, 0x46, 0x38,
    0xBD, 0xFF, 0xD9, 0xFF, 0xE0, 0x77, 0x54, 0x93, 0xE9, 0xFF, 0xFF, 0xFF,
    0xFF, 0xFF, 0xFF, 0xFF, 0xFF, 0xFF, 0xFE, 0xFF, 0xF6, 0xA7, 0x5B, 0x1F,
    0x06, 0x01, 0x00, 0x03, 0x28, 0x81, 0xEC, 0xFF, 0xFE, 0xFF, 0xFF, 0xFF,
    0xFF, 0xFE, 0xFF, 0xE3, 0x73, 0x27, 0x4B, 0xBC, 0xFF, 0xEA, 0xFF, 0xCD,
    0x3E, 0x48, 0x46, 0x00, 0x00, 0x41, 0x45, 0x38, 0xB3, 0xFB, 0x89, 0x41,
    0xC2, 0xFF, 0xF9, 0xC7, 0xCF, 0xEE, 0xFD, 0xFF, 0xFF, 0xFF, 0xFF, 0xFF,
    0xFF, 0xFF, 0xFF, 0xFF, 0xF9, 0xA2, 0x48, 0x18, 0x04, 0x05, 0x04, 0x0B,
    0x2F, 0x81, 0xED, 0xFF, 0xFE, 0xFF, 0xFF, 0xFF, 0xFF, 0xFD, 0xF2, 0xD6,
    0xB2, 0xE1, 0xFF, 0xC5, 0x4A, 0xA9, 0xFF, 0xBD, 0x3F, 0x45, 0x42, 0x00,
    0x00, 0x3F, 0x43, 0x34, 0xC3, 0xF3, 0xB7, 0x73, 0x20, 0x52, 0xCE, 0xFF,
    0xFF, 0xFB, 0xFB, 0xFE, 0xFF, 0xFF, 0xFF, 0xFF, 0xFF, 0xFF, 0xFF, 0xFC,
    0xF5, 0xB4, 0x5D, 0x18, 0x00, 0x00, 0x00, 0x00, 0x1D, 0x7B, 0xED, 0xFE,
    0xFE, 0xFF, 0xFF, 0xFF, 0xFF, 0xFD, 0xF7, 0xFE, 0xFF, 0xEF, 0x5D, 0x0D,
    0x61, 0xC6, 0xFC, 0xC2, 0x35, 0x45, 0x41, 0x00, 0x00, 0x40, 0x43, 0x38,
    0xBF, 0xFF, 0xCA, 0x46, 0x4F, 0x2D, 0x18, 0x65, 0xCF, 0xFF, 0xFF, 0xFF,
    0xFE, 0xFD, 0xFD, 0xFD, 0xFE, 0xFD, 0xFD, 0xF6, 0xE1, 0xCA, 0xAE, 0x8F,
    0x88, 0x8C, 0x93, 0x9B, 0xAD, 0xCC, 0xEB, 0xFC, 0xFD, 0xFD, 0xFD, 0xFD,
    0xFF, 0xFF, 0xFF, 0xFF, 0xA8, 0x2C, 0x1A, 0x50, 0x65, 0xD0, 0xFF, 0xC0,
    0x37, 0x41, 0x3F, 0x00, 0x00, 0x41, 0x44, 0x38, 0xC0, 0xFF, 0xC4, 0x0E,
    0x00, 0x11, 0x20, 0x0A, 0x00, 0x2D, 0x8E, 0xE0, 0xFF, 0xFF, 0xFF, 0xFF,
    0xFF, 0xFF, 0xFF, 0xFF, 0xFF, 0xFF, 0xFF, 0xFF, 0xFF, 0xEB, 0xE7, 0xFD,
    0xFF, 0xFF, 0xFF, 0xFF, 0xFF, 0xFF, 0xFF, 0xFF, 0xFF, 0xDA, 0x88, 0x2F,
    0x00, 0x0C, 0x12, 0x00, 0x26, 0xDC, 0xFF, 0xC1, 0x35, 0x3F, 0x3D, 0x00,
    0x00, 0x3D, 0x40, 0x35, 0xBF, 0xFF, 0xC3, 0x14, 0x02, 0x00, 0x0D, 0x56,
    0x9A, 0x75, 0x48, 0x4C, 0x78, 0xA4, 0xC0, 0xCE, 0xD5, 0xD3, 0xC8, 0xC3,
    0xB2, 0x9A, 0x67, 0x37, 0x18, 0x04, 0x08, 0x25, 0x5A, 0x96, 0xA8, 0xB8,
    0xBE, 0xCC, 0xD3, 0xBF, 0x8F, 0x66, 0x57, 0x56, 0x2B, 0x03, 0x00, 0x01,
    0x2D, 0xD9, 0xFF, 0xC8, 0x35, 0x3C, 0x3B, 0x00, 0x00, 0x3A, 0x3B, 0x38,
    0xC6, 0xFF, 0xC6, 0x18, 0x00, 0x08, 0x1A, 0x47, 0xC2, 0xFF, 0xFF, 0xFE,
    0xE3, 0xD4, 0xBE, 0xA8, 0x88, 0x5D, 0x30, 0x0D, 0x00, 0x00, 0x00, 0x02,
    0x13, 0x23, 0x30, 0x30, 0x27, 0x29, 0x3D, 0x62, 0x8E, 0xBF, 0xDC, 0xE9,
    0xF0, 0xFF, 0xFF, 0xA0, 0x2C, 0x04, 0x02, 0x00, 0x2F, 0xD9, 0xFF, 0xC4,
    0x3A, 0x3A, 0x39, 0x00, 0x00, 0x38, 0x38, 0x38, 0xD0, 0xEE, 0xD5, 0x1B,
    0x00, 0x06, 0x20, 0x5F, 0xD1, 0xFB, 0xFB, 0xFF, 0xFF, 0xFF, 0xFF, 0xFF,
    0xFF, 0xFF, 0xFB, 0xE9, 0xC6, 0x70, 0x36, 0x10, 0x03, 0x03, 0x02, 0x0C,
    0x3B, 0xA3, 0xF7, 0xFF, 0xFF, 0xFF, 0xFF, 0xFF, 0xFF, 0xFE, 0xFA, 0xA1,
    0x35, 0x04, 0x02, 0x00, 0x2F, 0xEA, 0xED, 0xCA, 0x3A, 0x3A, 0x38, 0x00,
    0x00, 0x36, 0x37, 0x33, 0xDE, 0xEC, 0xA6, 0x56, 0x0A, 0x06, 0x15, 0x48,
    0xC0, 0xFF, 0xFE, 0xFF, 0xFE, 0xFD, 0xFD, 0xFC, 0xFD, 0xFE, 0xFF, 0xFF,
    0xEB, 0x7E, 0x3C, 0x0F, 0x00, 0x01, 0x03, 0x1C, 0x50, 0xA0, 0xFD, 0xFD,
    0xFC, 0xFD, 0xFE, 0xFE, 0xFE, 0xFE, 0xFC, 0xA1, 0x2F, 0x00, 0x04, 0x05,
    0x52, 0xB7, 0xE8, 0xDE, 0x33, 0x37, 0x36, 0x00, 0x00, 0x33, 0x37, 0x30,
    0xD1, 0xFF, 0xD7, 0x87, 0x3B, 0x22, 0x3C, 0x5A, 0xBA, 0xFF, 0xFD, 0xFF,
    0xFF, 0xFF, 0xFF, 0xFF, 0xFF, 0xFF, 0xFE, 0xFE, 0xED, 0x92, 0x42, 0x12,
    0x02, 0x01, 0x03, 0x1D, 0x53, 0xA6, 0xFB, 0xFF, 0xFF, 0xFF, 0xFF, 0xFF,
    0xFE, 0xFE, 0xF5, 0x93, 0x33, 0x0A, 0x00, 0x14, 0x73, 0xCC, 0xFF, 0xD7,
    0x32, 0x33, 0x33, 0x00, 0x00, 0x2F, 0x30, 0x2A, 0xCA, 0xFE, 0xD5, 0x68,
    0x82, 0x7B, 0x60, 0x7D, 0xC8, 0xFF, 0xFF, 0xFF, 0xFF, 0xFF, 0xFE, 0xFE,
    0xFE, 0xFE, 0xFE, 0xFE, 0xEE, 0x92, 0x40, 0x13, 0x02, 0x01, 0x01, 0x12,
    0x45, 0xA2, 0xF9, 0xFE, 0xFD, 0xFE, 0xFE, 0xFF, 0xFF, 0xFF, 0xFF, 0xB8,
    0x55, 0x29, 0x4B, 0x73, 0x7D, 0xE1, 0xFF, 0xD8, 0x30, 0x31, 0x30, 0x00,
    0x00, 0x2D, 0x2D, 0x22, 0xC8, 0xFF, 0xD2, 0x29, 0x0B, 0x54, 0x9F, 0xB8,
    0xA7, 0xAF, 0xD6, 0xF3, 0xFC, 0xFF, 0xFF, 0xFF, 0xFF, 0xFF, 0xFF, 0xFF,
    0xF4, 0x8F, 0x3A, 0x0F, 0x02, 0x02, 0x01, 0x11, 0x3C, 0x9E, 0xFF, 0xFF,
    0xFF, 0xFF, 0xFF, 0xFF, 0xF7, 0xE4, 0xAE, 0x89, 0x8D, 0x8B, 0x57, 0x10,
    0x21, 0xD1, 0xFF, 0xD2, 0x27, 0x2D, 0x2E, 0x00, 0x00, 0x29, 0x2A, 0x0F,
    0xAD, 0xFD, 0xCA, 0x35, 0x0E, 0x1A, 0x4A, 0xAB, 0xFF, 0xF7, 0xE7, 0xE5,
    0xE5, 0xE6, 0xE8, 0xEB, 0xED, 0xEE, 0xEB, 0xEA, 0xD9, 0xA2, 0x5D, 0x1D,
    0x00, 0x00, 0x00, 0x23, 0x67, 0xB4, 0xD4, 0xD8, 0xE1, 0xE5, 0xE3, 0xDE,
    0xDA, 0xDD, 0xE7, 0xEB, 0x91, 0x1F, 0x00, 0x00, 0x30, 0xD2, 0xFD, 0xB8,
    0x10, 0x2A, 0x2A, 0x00, 0x00, 0x26, 0x20, 0x02, 0x46, 0xFF, 0xCB, 0x2C,
    0x0F, 0x2B, 0x5A, 0x9C, 0xEF, 0xFF, 0xFF, 0xFF, 0xFF, 0xFD, 0xF7, 0xF2,
    0xEC, 0xE3, 0xD8, 0xCC, 0xB2, 0xA7, 0x94, 0x74, 0x60, 0x5B, 0x62, 0x6F,
    0x7F, 0x90, 0xA8, 0xCD, 0xE7, 0xF1, 0xF8, 0xFE, 0xFF, 0xFF, 0xFF, 0xE1,
    0x69, 0x1A, 0x03, 0x01, 0x3D, 0xE0, 0xFF, 0x57, 0x04, 0x1F, 0x24, 0x00,
    0x00, 0x1B, 0x12, 0x0A, 0x00, 0x9A, 0xEE, 0x24, 0x02, 0x1C, 0x49, 0x9F,
    0xF5, 0xFF, 0xFD, 0xFE, 0xFF, 0xFF, 0xFF, 0xFF, 0xFF, 0xFF, 0xFF, 0xFF,
    0xFF, 0xEF, 0xA9, 0x79, 0x5B, 0x4C, 0x49, 0x5E, 0x94, 0xE8, 0xFF, 0xFF,
    0xFF, 0xFF, 0xFF, 0xFF, 0xFE, 0xFD, 0xFE, 0xEB, 0x69, 0x12, 0x01, 0x00,
    0x48, 0xFF, 0xAA, 0x00, 0x0B, 0x13, 0x1F, 0x00, 0x00, 0x17, 0x0E, 0x08,
    0x06, 0x00, 0x74, 0x6D, 0x10, 0x1C, 0x46, 0x8D, 0xEC, 0xFF, 0xFE, 0xFF,
    0xFF, 0xFF, 0xFF, 0xFF, 0xFE, 0xFE, 0xFE, 0xFD, 0xFC, 0xCF, 0x69, 0x1B,
    0x00, 0x00, 0x00, 0x0F, 0x52, 0xBE, 0xFC, 0xFC, 0xFE, 0xFF, 0xFF, 0xFF,
    0xFF, 0xFE, 0xFF, 0xDC, 0x67, 0x19, 0x00, 0x03, 0x7F, 0x95, 0x04, 0x06,
    0x0A, 0x10, 0x17, 0x00, 0x00, 0x13, 0x0E, 0x0A, 0x0C, 0x03, 0x00, 0x27,
    0x3E, 0x30, 0x4D, 0x9E, 0xF3, 0xFD, 0xFB, 0xFE, 0xFF, 0xFF, 0xFF, 0xFF,
    0xFF, 0xFF, 0xFF, 0xFE, 0xFF, 0xD1, 0x75, 0x38, 0x14, 0x06, 0x08, 0x20,
    0x61, 0xCB, 0xFF, 0xFE, 0xFF, 0xFF, 0xFF, 0xFF, 0xFE, 0xFC, 0xFC, 0xE4,
    0x75, 0x17, 0x0D, 0x29, 0x2C, 0x00, 0x01, 0x0C, 0x0B, 0x0F, 0x14, 0x00,
    0x00, 0x14, 0x0F, 0x0D, 0x0F, 0x08, 0x02, 0x00, 0x00, 0x15, 0x23, 0x5B,
    0xD0, 0xFF, 0xFF, 0xFF, 0xFD, 0xFB, 0xFC, 0xFD, 0xFD, 0xFE, 0xFE, 0xFE,
    0xFE, 0xCA, 0x75, 0x3A, 0x10, 0x07, 0x0F, 0x24, 0x64, 0xCE, 0xFE, 0xFD,
    0xFD, 0xFC, 0xFB, 0xFC, 0xFF, 0xFF, 0xFF, 0xD3, 0x42, 0x0F, 0x12, 0x04,
    0x00, 0x02, 0x08, 0x0F, 0x0E, 0x11, 0x16, 0x00, 0x00, 0x17, 0x12, 0x12,
    0x12, 0x0E, 0x02, 0x01, 0x00, 0x00, 0x00, 0x00, 0x12, 0x57, 0xB1, 0xED,
    0xFF, 0xFF, 0xFF, 0xFF, 0xFF, 0xFF, 0xFF, 0xFF, 0xFF, 0xD8, 0x83, 0x3D,
    0x12, 0x09, 0x16, 0x37, 0x77, 0xE3, 0xFF, 0xFF, 0xFF, 0xFF, 0xFF, 0xFF,
    0xFD, 0xD0, 0x7F, 0x1B, 0x00, 0x01, 0x00, 0x00, 0x02, 0x02, 0x0E, 0x11,
    0x11, 0x12, 0x16, 0x00, 0x00, 0x1B, 0x18, 0x15, 0x14, 0x11, 0x07, 0x00,
    0x00, 0x01, 0x01, 0x01, 0x00, 0x00, 0x00, 0x18, 0x4E, 0x86, 0xAD, 0xCD,
    0xE2, 0xEE, 0xF5, 0xF7, 0xEF, 0xC5, 0x69, 0x26, 0x0D, 0x09, 0x12, 0x3A,
    0x87, 0xD8, 0xE8, 0xE4, 0xD4, 0xB7, 0x8D, 0x5E, 0x2B, 0x01, 0x00, 0x00,
    0x01, 0x00, 0x01, 0x00, 0x00, 0x07, 0x10, 0x15, 0x13, 0x14, 0x17, 0x00,
    0x00, 0x1B, 0x1A, 0x17, 0x17, 0x14, 0x0B, 0x04, 0x00, 0x00, 0x00, 0x00,
    0x01, 0x03, 0x02, 0x00, 0x00, 0x00, 0x00, 0x00, 0x0A, 0x16, 0x1E, 0x21,
    0x1D, 0x16, 0x0D, 0x0A, 0x0C, 0x10, 0x12, 0x15, 0x18, 0x1A, 0x16, 0x0C,
    0x00, 0x00, 0x00, 0x00, 0x00, 0x00, 0x03, 0x01, 0x00, 0x00, 0x00, 0x00,
    0x02, 0x0A, 0x13, 0x18, 0x16, 0x16, 0x1A, 0x00, 0x00, 0x1E, 0x1C, 0x1B,
    0x1C, 0x18, 0x10, 0x0A, 0x06, 0x03, 0x00, 0x00, 0x00, 0x00, 0x02, 0x05,
    0x09, 0x0B, 0x07, 0x01, 0x00, 0x00, 0x00, 0x00, 0x00, 0x00, 0x00, 0x00,
    0x00, 0x00, 0x00, 0x00, 0x00, 0x00, 0x00, 0x00, 0x01, 0x05, 0x08, 0x09,
    0x06, 0x02, 0x01, 0x00, 0x00, 0x00, 0x00, 0x03, 0x08, 0x0E, 0x17, 0x1B,
    0x19, 0x1B, 0x1E, 0x00, 0x00, 0x20, 0x20, 0x20, 0x1E, 0x19, 0x15, 0x0F,
    0x0D, 0x09, 0x06, 0x04, 0x03, 0x04, 0x08, 0x09, 0x0F, 0x25, 0x2C, 0x1E,
    0x0C, 0x0A, 0x08, 0x07, 0x04, 0x02, 0x01, 0x00, 0x00, 0x01, 0x01, 0x01,
    0x02, 0x02, 0x05, 0x07, 0x09, 0x0B, 0x13, 0x10, 0x0B, 0x07, 0x04, 0x03,
    0x04, 0x02, 0x04, 0x0A, 0x0D, 0x12, 0x1C, 0x1D, 0x1E, 0x1F, 0x22, 0x00,
    0x00, 0x00, 0x00, 0x00, 0x00, 0x00, 0x00, 0x00, 0x00, 0x00, 0x00, 0x00,
    0x00, 0x00, 0x00, 0x00, 0x00, 0x00, 0x00, 0x00, 0x00, 0x00, 0x00, 0x00,
    0x00, 0x00, 0x00, 0x00, 0x00, 0x00, 0x00, 0x00, 0x00, 0x00, 0x00, 0x00,
    0x00, 0x00, 0x00, 0x00, 0x00, 0x00, 0x00, 0x00, 0x00, 0x00, 0x00, 0x00,
    0x00, 0x00, 0x00, 0x00, 0x00, 0x00, 0x00, 0x00, 0x00, 0x00, 0x00, 0x00,
    0x00, 0x00, 0x00, 0x00, 0x00, 0x00, 0x00, 0x00, 0x00, 0x00, 0x00, 0x00,
    0x00, 0x00, 0x00, 0x00, 0x00, 0x00, 0x00, 0x00, 0x00, 0x00, 0x00, 0x00,
    0x00, 0x00, 0x00, 0x00, 0x00, 0x00, 0x00, 0x00, 0x00, 0x00, 0x00, 0x00,
    0x00, 0x00, 0x00, 0x00, 0x00, 0x00, 0x00, 0x00, 0x00, 0x00, 0x00, 0x00,
    0x00, 0x00, 0x00, 0x00, 0x00, 0x00, 0x00, 0x00, 0x00, 0x00, 0x00, 0x00,
    0x00, 0x00, 0x00, 0x00, 0x00, 0x00, 0x00, 0x00, 0x00, 0x00, 0x00, 0x00,
    0x00, 0x00, 0x00, 0x00, 0x00, 0x00, 0x00, 0x00, 0x00, 0x00, 0x00, 0x00,
    0x00, 0x00, 0x00, 0x00, 0x00, 0x00, 0x00, 0x00, 0x00, 0x00, 0x00, 0x00,
    0x00, 0x00, 0x00, 0x00, 0x00, 0x00, 0x00, 0x00, 0x00, 0x00, 0x00, 0x00,
};

const lv_image_dsc_t kKegLarge = {
    {LV_IMAGE_HEADER_MAGIC, LV_COLOR_FORMAT_RGB565A8, 0, 56, 76, 112, 0},
    sizeof(kKegLargeMap),
    kKegLargeMap,
    nullptr,
    nullptr,
};

alignas(4) const std::uint8_t kDetailsListMap[] = {
    0x00, 0x00, 0x00, 0x00, 0x00, 0x00, 0x00, 0x00, 0x00, 0x00, 0x00, 0x00,
    0x00, 0x00, 0x00, 0x00, 0x00, 0x00, 0x00, 0x00, 0x00, 0x00, 0x00, 0x00,
    0x00, 0x00, 0x00, 0x00, 0x00, 0x00, 0x00, 0x00, 0x00, 0x00, 0x00, 0x00,
    0x00, 0x00, 0x00, 0x00, 0x00, 0x00, 0x00, 0x00, 0x00, 0x00, 0x00, 0x00,
    0x00, 0x00, 0x00, 0x00, 0x00, 0x00, 0x00, 0x00, 0x00, 0x00, 0x00, 0x00,
    0x00, 0x00, 0x00, 0x00, 0x00, 0x00, 0x00, 0x00, 0x00, 0x00, 0x00, 0x00,
    0x00, 0x00, 0x00, 0x00, 0xBF, 0xEF, 0x00, 0x00, 0x00, 0x00, 0x00, 0x00,
    0x00, 0x00, 0xBF, 0xEF, 0xBF, 0xEF, 0xBF, 0xEF, 0xBF, 0xEF, 0xBF, 0xEF,
    0xBF, 0xEF, 0xBF, 0xEF, 0xBF, 0xEF, 0xBF, 0xEF, 0xBF, 0xEF, 0x00, 0x00,
    0x00, 0x00, 0xBF, 0xEF, 0xBF, 0xEF, 0xBF, 0xEF, 0x00, 0x00, 0x00, 0x00,
    0xBF, 0xEF, 0xBF, 0xEF, 0xBF, 0xEF, 0xBF, 0xEF, 0xBF, 0xEF, 0xBF, 0xEF,
    0xBF, 0xEF, 0xBF, 0xEF, 0xBF, 0xEF, 0xBF, 0xEF, 0xBF, 0xEF, 0xBF, 0xEF,
    0x00, 0x00, 0x00, 0x00, 0xBF, 0xEF, 0x00, 0x00, 0x00, 0x00, 0x00, 0x00,
    0x00, 0x00, 0xBF, 0xEF, 0xBF, 0xEF, 0xBF, 0xEF, 0xBF, 0xEF, 0xBF, 0xEF,
    0xBF, 0xEF, 0xBF, 0xEF, 0xBF, 0xEF, 0xBF, 0xEF, 0xBF, 0xEF, 0x00, 0x00,
    0x00, 0x00, 0x00, 0x00, 0x00, 0x00, 0x00, 0x00, 0x00, 0x00, 0x00, 0x00,
    0x00, 0x00, 0x00, 0x00, 0x00, 0x00, 0x00, 0x00, 0x00, 0x00, 0x00, 0x00,
    0x00, 0x00, 0x00, 0x00, 0x00, 0x00, 0x00, 0x00, 0x00, 0x00, 0x00, 0x00,
    0x00, 0x00, 0x00, 0x00, 0xBF, 0xEF, 0x00, 0x00, 0x00, 0x00, 0x00, 0x00,
    0x00, 0x00, 0xBF, 0xEF, 0xBF, 0xEF, 0xBF, 0xEF, 0xBF, 0xEF, 0xBF, 0xEF,
    0xBF, 0xEF, 0xBF, 0xEF, 0xBF, 0xEF, 0xBF, 0xEF, 0xBF, 0xEF, 0x00, 0x00,
    0x00, 0x00, 0xBF, 0xEF, 0xBF, 0xEF, 0xBF, 0xEF, 0x00, 0x00, 0x00, 0x00,
    0xBF, 0xEF, 0xBF, 0xEF, 0xBF, 0xEF, 0xBF, 0xEF, 0xBF, 0xEF, 0xBF, 0xEF,
    0xBF, 0xEF, 0xBF, 0xEF, 0xBF, 0xEF, 0xBF, 0xEF, 0xBF, 0xEF, 0xBF, 0xEF,
    0x00, 0x00, 0x00, 0x00, 0xBF, 0xEF, 0x00, 0x00, 0x00, 0x00, 0x00, 0x00,
    0x00, 0x00, 0xBF, 0xEF, 0xBF, 0xEF, 0xBF, 0xEF, 0xBF, 0xEF, 0xBF, 0xEF,
    0xBF, 0xEF, 0xBF, 0xEF, 0xBF, 0xEF, 0xBF, 0xEF, 0xBF, 0xEF, 0x00, 0x00,
    0x00, 0x00, 0x00, 0x00, 0x00, 0x00, 0x00, 0x00, 0x00, 0x00, 0x00, 0x00,
    0x00, 0x00, 0x00, 0x00, 0x00, 0x00, 0x00, 0x00, 0x00, 0x00, 0x00, 0x00,
    0x00, 0x00, 0x00, 0x00, 0x00, 0x00, 0x00, 0x00, 0x00, 0x00, 0x00, 0x00,
    0x00, 0x00, 0x00, 0x00, 0xBF, 0xEF, 0x00, 0x00, 0x00, 0x00, 0x00, 0x00,
    0x00, 0x00, 0xBF, 0xEF, 0xBF, 0xEF, 0xBF, 0xEF, 0xBF, 0xEF, 0xBF, 0xEF,
    0xBF, 0xEF, 0xBF, 0xEF, 0xBF, 0xEF, 0xBF, 0xEF, 0xBF, 0xEF, 0x00, 0x00,
    0x00, 0x00, 0xBF, 0xEF, 0xBF, 0xEF, 0xBF, 0xEF, 0x00, 0x00, 0x00, 0x00,
    0xBF, 0xEF, 0xBF, 0xEF, 0xBF, 0xEF, 0xBF, 0xEF, 0xBF, 0xEF, 0xBF, 0xEF,
    0xBF, 0xEF, 0xBF, 0xEF, 0xBF, 0xEF, 0xBF, 0xEF, 0xBF, 0xEF, 0xBF, 0xEF,
    0x00, 0x00, 0x00, 0x00, 0xBF, 0xEF, 0x00, 0x00, 0x00, 0x00, 0x00, 0x00,
    0x00, 0x00, 0xBF, 0xEF, 0xBF, 0xEF, 0xBF, 0xEF, 0xBF, 0xEF, 0xBF, 0xEF,
    0xBF, 0xEF, 0xBF, 0xEF, 0xBF, 0xEF, 0xBF, 0xEF, 0xBF, 0xEF, 0x00, 0x00,
    0x00, 0x00, 0x00, 0x00, 0x00, 0x00, 0x00, 0x00, 0x00, 0x00, 0x00, 0x00,
    0x00, 0x00, 0x00, 0x00, 0x00, 0x00, 0x00, 0x00, 0x00, 0x00, 0x00, 0x00,
    0x00, 0x00, 0x00, 0x00, 0x00, 0x00, 0x00, 0x00, 0x00, 0x00, 0x00, 0x00,
    0x00, 0x00, 0x00, 0x00, 0x00, 0x00, 0x00, 0x00, 0x00, 0x00, 0x00, 0x00,
    0x00, 0x00, 0x00, 0x00, 0x00, 0x00, 0x00, 0x00, 0x00, 0x00, 0x00, 0x00,
    0x00, 0x00, 0x00, 0x00, 0x00, 0x00, 0x00, 0x00, 0x00, 0x00, 0x00, 0x00,
    0x00, 0x00, 0xFF, 0x00, 0x00, 0x00, 0x00, 0xFF, 0xFF, 0xFF, 0xFF, 0xFF,
    0xFF, 0xFF, 0xFF, 0xFF, 0xFF, 0x00, 0x00, 0xFF, 0xFF, 0xFF, 0x00, 0x00,
    0xFF, 0xFF, 0xFF, 0xFF, 0xFF, 0xFF, 0xFF, 0xFF, 0xFF, 0xFF, 0xFF, 0xFF,
    0x00, 0x00, 0xFF, 0x00, 0x00, 0x00, 0x00, 0xFF, 0xFF, 0xFF, 0xFF, 0xFF,
    0xFF, 0xFF, 0xFF, 0xFF, 0xFF, 0x00, 0x00, 0x00, 0x00, 0x00, 0x00, 0x00,
    0x00, 0x00, 0x00, 0x00, 0x00, 0x00, 0x00, 0x00, 0x00, 0x00, 0x00, 0x00,
    0x00, 0x00, 0xFF, 0x00, 0x00, 0x00, 0x00, 0xFF, 0xFF, 0xFF, 0xFF, 0xFF,
    0xFF, 0xFF, 0xFF, 0xFF, 0xFF, 0x00, 0x00, 0xFF, 0xFF, 0xFF, 0x00, 0x00,
    0xFF, 0xFF, 0xFF, 0xFF, 0xFF, 0xFF, 0xFF, 0xFF, 0xFF, 0xFF, 0xFF, 0xFF,
    0x00, 0x00, 0xFF, 0x00, 0x00, 0x00, 0x00, 0xFF, 0xFF, 0xFF, 0xFF, 0xFF,
    0xFF, 0xFF, 0xFF, 0xFF, 0xFF, 0x00, 0x00, 0x00, 0x00, 0x00, 0x00, 0x00,
    0x00, 0x00, 0x00, 0x00, 0x00, 0x00, 0x00, 0x00, 0x00, 0x00, 0x00, 0x00,
    0x00, 0x00, 0xFF, 0x00, 0x00, 0x00, 0x00, 0xFF, 0xFF, 0xFF, 0xFF, 0xFF,
    0xFF, 0xFF, 0xFF, 0xFF, 0xFF, 0x00, 0x00, 0xFF, 0xFF, 0xFF, 0x00, 0x00,
    0xFF, 0xFF, 0xFF, 0xFF, 0xFF, 0xFF, 0xFF, 0xFF, 0xFF, 0xFF, 0xFF, 0xFF,
    0x00, 0x00, 0xFF, 0x00, 0x00, 0x00, 0x00, 0xFF, 0xFF, 0xFF, 0xFF, 0xFF,
    0xFF, 0xFF, 0xFF, 0xFF, 0xFF, 0x00, 0x00, 0x00, 0x00, 0x00, 0x00, 0x00,
    0x00, 0x00, 0x00, 0x00, 0x00, 0x00, 0x00, 0x00, 0x00, 0x00, 0x00, 0x00,
};

const lv_image_dsc_t kDetailsList = {
    {LV_IMAGE_HEADER_MAGIC, LV_COLOR_FORMAT_RGB565A8, 0, 18, 14, 36, 0},
    sizeof(kDetailsListMap),
    kDetailsListMap,
    nullptr,
    nullptr,
};

alignas(4) const std::uint8_t kFreezerNavMap[] = {
    0x00, 0x00, 0x00, 0x00, 0x00, 0x00, 0x00, 0x00, 0xBF, 0xEF, 0xBF, 0xEF,
    0xBF, 0xEF, 0xBF, 0xEF, 0xBF, 0xEF, 0xBF, 0xEF, 0xBF, 0xEF, 0xBF, 0xEF,
    0xBF, 0xEF, 0xBF, 0xEF, 0x00, 0x00, 0x00, 0x00, 0x00, 0x00, 0x00, 0x00,
    0x00, 0x00, 0x00, 0x00, 0x00, 0x00, 0xBF, 0xEF, 0xBF, 0xEF, 0xBF, 0xEF,
    0xBF, 0xEF, 0xBF, 0xEF, 0xBF, 0xEF, 0xBF, 0xEF, 0xBF, 0xEF, 0xBF, 0xEF,
    0xBF, 0xEF, 0xBF, 0xEF, 0xBF, 0xEF, 0x00, 0x00, 0x00, 0x00, 0x00, 0x00,
    0x00, 0x00, 0x00, 0x00, 0x00, 0x00, 0xBF, 0xEF, 0xBF, 0xEF, 0x00, 0x00,
    0x00, 0x00, 0x00, 0x00, 0x00, 0x00, 0x00, 0x00, 0x00, 0x00, 0x00, 0x00,
    0x00, 0x00, 0xBF, 0xEF, 0xBF, 0xEF, 0x00, 0x00, 0x00, 0x00, 0x00, 0x00,
    0x00, 0x00, 0x00, 0x00, 0x00, 0x00, 0xBF, 0xEF, 0xBF, 0xEF, 0x00, 0x00,
    0x00, 0x00, 0x00, 0x00, 0x00, 0x00, 0x00, 0x00, 0xBF, 0xEF, 0xBF, 0xEF,
    0x00, 0x00, 0xBF, 0xEF, 0xBF, 0xEF, 0x00, 0x00, 0x00, 0x00, 0x00, 0x00,
    0x00, 0x00, 0x00, 0x00, 0x00, 0x00, 0xBF, 0xEF, 0xBF, 0xEF, 0x00, 0x00,
    0x00, 0x00, 0x00, 0x00, 0x00, 0x00, 0x00, 0x00, 0xBF, 0xEF, 0xBF, 0xEF,
    0x00, 0x00, 0xBF, 0xEF, 0xBF, 0xEF, 0x00, 0x00, 0x00, 0x00, 0x00, 0x00,
    0x00, 0x00, 0x00, 0x00, 0x00, 0x00, 0xBF, 0xEF, 0xBF, 0xEF, 0x00, 0x00,
    0x00, 0x00, 0x00, 0x00, 0x00, 0x00, 0x00, 0x00, 0xBF, 0xEF, 0xBF, 0xEF,
    0x00, 0x00, 0xBF, 0xEF, 0xBF, 0xEF, 0x00, 0x00, 0x00, 0x00, 0x00, 0x00,
    0x00, 0x00, 0x00, 0x00, 0x00, 0x00, 0xBF, 0xEF, 0xBF, 0xEF, 0x00, 0x00,
    0x00, 0x00, 0x00, 0x00, 0x00, 0x00, 0x00, 0x00, 0xBF, 0xEF, 0xBF, 0xEF,
    0x00, 0x00, 0xBF, 0xEF, 0xBF, 0xEF, 0x00, 0x00, 0x00, 0x00, 0x00, 0x00,
    0x00, 0x00, 0x00, 0x00, 0x00, 0x00, 0xBF, 0xEF, 0xBF, 0xEF, 0x00, 0x00,
    0x00, 0x00, 0x00, 0x00, 0x00, 0x00, 0x00, 0x00, 0x00, 0x00, 0x00, 0x00,
    0x00, 0x00, 0xBF, 0xEF, 0xBF, 0xEF, 0x00, 0x00, 0x00, 0x00, 0x00, 0x00,
    0x00, 0x00, 0x00, 0x00, 0x00, 0x00, 0xBF, 0xEF, 0xBF, 0xEF, 0xBF, 0xEF,
    0xBF, 0xEF, 0xBF, 0xEF, 0xBF, 0xEF, 0xBF, 0xEF, 0xBF, 0xEF, 0xBF, 0xEF,
    0xBF, 0xEF, 0xBF, 0xEF, 0xBF, 0xEF, 0x00, 0x00, 0x00, 0x00, 0x00, 0x00,
    0x00, 0x00, 0x00, 0x00, 0x00, 0x00, 0xBF, 0xEF, 0xBF, 0xEF, 0xBF, 0xEF,
    0xBF, 0xEF, 0xBF, 0xEF, 0xBF, 0xEF, 0xBF, 0xEF, 0xBF, 0xEF, 0xBF, 0xEF,
    0xBF, 0xEF, 0xBF, 0xEF, 0xBF, 0xEF, 0x00, 0x00, 0x00, 0x00, 0x00, 0x00,
    0x00, 0x00, 0x00, 0x00, 0x00, 0x00, 0xBF, 0xEF, 0xBF, 0xEF, 0x00, 0x00,
    0x00, 0x00, 0x00, 0x00, 0x00, 0x00, 0x00, 0x00, 0xBF, 0xEF, 0xBF, 0xEF,
    0x00, 0x00, 0xBF, 0xEF, 0xBF, 0xEF, 0x00, 0x00, 0x00, 0x00, 0x00, 0x00,
    0x00, 0x00, 0x00, 0x00, 0x00, 0x00, 0xBF, 0xEF, 0xBF, 0xEF, 0x00, 0x00,
    0x00, 0x00, 0x00, 0x00, 0x00, 0x00, 0x00, 0x00, 0xBF, 0xEF, 0xBF, 0xEF,
    0x00, 0x00, 0xBF, 0xEF, 0xBF, 0xEF, 0x00, 0x00, 0x00, 0x00, 0x00, 0x00,
    0x00, 0x00, 0x00, 0x00, 0x00, 0x00, 0xBF, 0xEF, 0xBF, 0xEF, 0x00, 0x00,
    0x00, 0x00, 0x00, 0x00, 0x00, 0x00, 0x00, 0x00, 0xBF, 0xEF, 0xBF, 0xEF,
    0x00, 0x00, 0xBF, 0xEF, 0xBF, 0xEF, 0x00, 0x00, 0x00, 0x00, 0x00, 0x00,
    0x00, 0x00, 0x00, 0x00, 0x00, 0x00, 0xBF, 0xEF, 0xBF, 0xEF, 0x00, 0x00,
    0x00, 0x00, 0x00, 0x00, 0x00, 0x00, 0x00, 0x00, 0xBF, 0xEF, 0xBF, 0xEF,
    0x00, 0x00, 0xBF, 0xEF, 0xBF, 0xEF, 0x00, 0x00, 0x00, 0x00, 0x00, 0x00,
    0x00, 0x00, 0x00, 0x00, 0x00, 0x00, 0xBF, 0xEF, 0xBF, 0xEF, 0x00, 0x00,
    0x00, 0x00, 0x00, 0x00, 0x00, 0x00, 0x00, 0x00, 0x00, 0x00, 0x00, 0x00,
    0x00, 0x00, 0xBF, 0xEF, 0xBF, 0xEF, 0x00, 0x00, 0x00, 0x00, 0x00, 0x00,
    0x00, 0x00, 0x00, 0x00, 0x00, 0x00, 0xBF, 0xEF, 0xBF, 0xEF, 0x00, 0x00,
    0x00, 0x00, 0x00, 0x00, 0x00, 0x00, 0x00, 0x00, 0x00, 0x00, 0x00, 0x00,
    0x00, 0x00, 0xBF, 0xEF, 0xBF, 0xEF, 0x00, 0x00, 0x00, 0x00, 0x00, 0x00,
    0x00, 0x00, 0x00, 0x00, 0x00, 0x00, 0xBF, 0xEF, 0xBF, 0xEF, 0xBF, 0xEF,
    0xBF, 0xEF, 0xBF, 0xEF, 0xBF, 0xEF, 0xBF, 0xEF, 0xBF, 0xEF, 0xBF, 0xEF,
    0xBF, 0xEF, 0xBF, 0xEF, 0xBF, 0xEF, 0x00, 0x00, 0x00, 0x00, 0x00, 0x00,
    0x00, 0x00, 0x00, 0x00, 0x00, 0x00, 0x00, 0x00, 0xBF, 0xEF, 0xBF, 0xEF,
    0xBF, 0xEF, 0xBF, 0xEF, 0xBF, 0xEF, 0xBF, 0xEF, 0xBF, 0xEF, 0xBF, 0xEF,
    0xBF, 0xEF, 0xBF, 0xEF, 0x00, 0x00, 0x00, 0x00, 0x00, 0x00, 0x00, 0x00,
    0x00, 0x00, 0x00, 0x00, 0x00, 0x00, 0x00, 0x00, 0xBF, 0xEF, 0xBF, 0xEF,
    0xBF, 0xEF, 0x00, 0x00, 0x00, 0x00, 0x00, 0x00, 0x00, 0x00, 0xBF, 0xEF,
    0xBF, 0xEF, 0xBF, 0xEF, 0x00, 0x00, 0x00, 0x00, 0x00, 0x00, 0x00, 0x00,
    0x00, 0x00, 0x00, 0x00, 0xFF, 0xFF, 0xFF, 0xFF, 0xFF, 0xFF, 0xFF, 0xFF,
    0xFF, 0xFF, 0x00, 0x00, 0x00, 0x00, 0x00, 0x00, 0x00, 0xFF, 0xFF, 0xFF,
    0xFF, 0xFF, 0xFF, 0xFF, 0xFF, 0xFF, 0xFF, 0xFF, 0xFF, 0x00, 0x00, 0x00,
    0x00, 0x00, 0x00, 0xFF, 0xFF, 0x00, 0x00, 0x00, 0x00, 0x00, 0x00, 0x00,
    0x00, 0xFF, 0xFF, 0x00, 0x00, 0x00, 0x00, 0x00, 0x00, 0xFF, 0xFF, 0x00,
    0x00, 0x00, 0x00, 0x00, 0xFF, 0xFF, 0x00, 0xFF, 0xFF, 0x00, 0x00, 0x00,
    0x00, 0x00, 0x00, 0xFF, 0xFF, 0x00, 0x00, 0x00, 0x00, 0x00, 0xFF, 0xFF,
    0x00, 0xFF, 0xFF, 0x00, 0x00, 0x00, 0x00, 0x00, 0x00, 0xFF, 0xFF, 0x00,
    0x00, 0x00, 0x00, 0x00, 0xFF, 0xFF, 0x00, 0xFF, 0xFF, 0x00, 0x00, 0x00,
    0x00, 0x00, 0x00, 0xFF, 0xFF, 0x00, 0x00, 0x00, 0x00, 0x00, 0xFF, 0xFF,
    0x00, 0xFF, 0xFF, 0x00, 0x00, 0x00, 0x00, 0x00, 0x00, 0xFF, 0xFF, 0x00,
    0x00, 0x00, 0x00, 0x00, 0x00, 0x00, 0x00, 0xFF, 0xFF, 0x00, 0x00, 0x00,
    0x00, 0x00, 0x00, 0xFF, 0xFF, 0xFF, 0xFF, 0xFF, 0xFF, 0xFF, 0xFF, 0xFF,
    0xFF, 0xFF, 0xFF, 0x00, 0x00, 0x00, 0x00, 0x00, 0x00, 0xFF, 0xFF, 0xFF,
    0xFF, 0xFF, 0xFF, 0xFF, 0xFF, 0xFF, 0xFF, 0xFF, 0xFF, 0x00, 0x00, 0x00,
    0x00, 0x00, 0x00, 0xFF, 0xFF, 0x00, 0x00, 0x00, 0x00, 0x00, 0xFF, 0xFF,
    0x00, 0xFF, 0xFF, 0x00, 0x00, 0x00, 0x00, 0x00, 0x00, 0xFF, 0xFF, 0x00,
    0x00, 0x00, 0x00, 0x00, 0xFF, 0xFF, 0x00, 0xFF, 0xFF, 0x00, 0x00, 0x00,
    0x00, 0x00, 0x00, 0xFF, 0xFF, 0x00, 0x00, 0x00, 0x00, 0x00, 0xFF, 0xFF,
    0x00, 0xFF, 0xFF, 0x00, 0x00, 0x00, 0x00, 0x00, 0x00, 0xFF, 0xFF, 0x00,
    0x00, 0x00, 0x00, 0x00, 0xFF, 0xFF, 0x00, 0xFF, 0xFF, 0x00, 0x00, 0x00,
    0x00, 0x00, 0x00, 0xFF, 0xFF, 0x00, 0x00, 0x00, 0x00, 0x00, 0x00, 0x00,
    0x00, 0xFF, 0xFF, 0x00, 0x00, 0x00, 0x00, 0x00, 0x00, 0xFF, 0xFF, 0x00,
    0x00, 0x00, 0x00, 0x00, 0x00, 0x00, 0x00, 0xFF, 0xFF, 0x00, 0x00, 0x00,
    0x00, 0x00, 0x00, 0xFF, 0xFF, 0xFF, 0xFF, 0xFF, 0xFF, 0xFF, 0xFF, 0xFF,
    0xFF, 0xFF, 0xFF, 0x00, 0x00, 0x00, 0x00, 0x00, 0x00, 0x00, 0xFF, 0xFF,
    0xFF, 0xFF, 0xFF, 0xFF, 0xFF, 0xFF, 0xFF, 0xFF, 0x00, 0x00, 0x00, 0x00,
    0x00, 0x00, 0x00, 0x00, 0xFF, 0xFF, 0xFF, 0x00, 0x00, 0x00, 0x00, 0xFF,
    0xFF, 0xFF, 0x00, 0x00, 0x00, 0x00,
};

const lv_image_dsc_t kFreezerNav = {
    {LV_IMAGE_HEADER_MAGIC, LV_COLOR_FORMAT_RGB565A8, 0, 18, 19, 36, 0},
    sizeof(kFreezerNavMap),
    kFreezerNavMap,
    nullptr,
    nullptr,
};

alignas(4) const std::uint8_t kMeasurementTareMap[] = {
    0x00, 0x00, 0x00, 0x00, 0x00, 0x00, 0x00, 0x00, 0x00, 0x00, 0x00, 0x00,
    0x00, 0x00, 0x00, 0x00, 0x00, 0x00, 0x00, 0x00, 0x00, 0x00, 0x00, 0x00,
    0x00, 0x00, 0x00, 0x00, 0x00, 0x00, 0x00, 0x00, 0x00, 0x00, 0x00, 0x00,
    0x00, 0x00, 0x00, 0x00, 0x00, 0x00, 0x00, 0x00, 0x00, 0x00, 0x00, 0x00,
    0x00, 0x00, 0x00, 0x00, 0x00, 0x00, 0x00, 0x00, 0x00, 0x00, 0x00, 0x00,
    0x00, 0x00, 0x00, 0x00, 0x00, 0x00, 0x00, 0x00, 0xEF, 0x7B, 0x00, 0x00,
    0xA3, 0x10, 0xB0, 0x73, 0x72, 0x84, 0x52, 0x84, 0x52, 0x84, 0x32, 0x84,
    0x32, 0x84, 0x32, 0x7C, 0x52, 0x84, 0x72, 0x84, 0x6E, 0x6B, 0x00, 0x00,
    0x00, 0x00, 0x00, 0x00, 0x00, 0x00, 0x00, 0x00, 0x00, 0x00, 0x00, 0x00,
    0x00, 0x00, 0x00, 0x00, 0x00, 0x00, 0x00, 0x00, 0x00, 0x00, 0x00, 0x00,
    0x00, 0x00, 0xEF, 0x7B, 0x00, 0x00, 0xA7, 0x31, 0x93, 0x8C, 0xB8, 0xAD,
    0x93, 0x84, 0x93, 0x84, 0x93, 0x84, 0x93, 0x84, 0x93, 0x84, 0x73, 0x7C,
    0x52, 0x7C, 0x93, 0x84, 0xB8, 0xAD, 0x11, 0x7C, 0x00, 0x00, 0xEF, 0x7B,
    0x00, 0x00, 0x00, 0x00, 0x00, 0x00, 0x00, 0x00, 0x00, 0x00, 0x00, 0x00,
    0x00, 0x00, 0x00, 0x00, 0x00, 0x00, 0x00, 0x00, 0x00, 0x00, 0xEF, 0x7B,
    0x00, 0x00, 0x31, 0x84, 0x39, 0xBE, 0x0D, 0x53, 0x00, 0x00, 0x00, 0x00,
    0x00, 0x00, 0x00, 0x00, 0x00, 0x00, 0x00, 0x00, 0x00, 0x00, 0x00, 0x00,
    0x90, 0x63, 0x19, 0xB6, 0x8F, 0x63, 0x00, 0x00, 0xEF, 0x7B, 0x00, 0x00,
    0x00, 0x00, 0x00, 0x00, 0x00, 0x00, 0x00, 0x00, 0x00, 0x00, 0x00, 0x00,
    0x00, 0x00, 0x00, 0x00, 0xEF, 0x7B, 0x00, 0x00, 0x86, 0x31, 0x56, 0xA5,
    0x52, 0x7C, 0x00, 0x00, 0x00, 0x00, 0x00, 0x00, 0x00, 0x00, 0x00, 0x00,
    0x00, 0x00, 0x00, 0x00, 0x00, 0x00, 0x00, 0x00, 0x00, 0x00, 0x73, 0x84,
    0x92, 0x84, 0x00, 0x00, 0xFF, 0xFF, 0x00, 0x00, 0x00, 0x00, 0x00, 0x00,
    0x00, 0x00, 0x00, 0x00, 0x00, 0x00, 0x00, 0x00, 0x00, 0x00, 0x00, 0x00,
    0xEF, 0x7B, 0x00, 0x00, 0x29, 0x42, 0x77, 0xA5, 0xF0, 0x6B, 0x00, 0x00,
    0xD3, 0x9C, 0x00, 0x00, 0x00, 0x00, 0x00, 0x00, 0x00, 0x00, 0x00, 0x00,
    0x00, 0x00, 0xF5, 0x53, 0xFF, 0xFF, 0x31, 0x7C, 0x93, 0x8C, 0xA2, 0x08,
    0x00, 0x00, 0xEF, 0x03, 0x00, 0x00, 0x00, 0x00, 0x00, 0x00, 0x00, 0x00,
    0x00, 0x00, 0x00, 0x00, 0x00, 0x00, 0x00, 0x00, 0xEF, 0x7B, 0x00, 0x00,
    0xE5, 0x18, 0x36, 0x9D, 0x93, 0x84, 0x00, 0x00, 0x55, 0xAD, 0x00, 0x00,
    0x00, 0x00, 0x00, 0x00, 0x00, 0x00, 0x00, 0x00, 0x00, 0x00, 0x55, 0xAD,
    0x00, 0x00, 0x73, 0x84, 0x93, 0x8C, 0x00, 0x00, 0x00, 0x00, 0x00, 0x00,
    0x00, 0x00, 0x00, 0x00, 0x00, 0x00, 0x00, 0x00, 0x00, 0x00, 0x00, 0x00,
    0x00, 0x00, 0x00, 0x00, 0x00, 0x00, 0xEF, 0x7B, 0x8C, 0x31, 0xD0, 0x73,
    0x18, 0xBE, 0x4D, 0x63, 0x00, 0x00, 0x92, 0x94, 0xEF, 0x7B, 0xEF, 0x39,
    0xEF, 0x39, 0xEF, 0x7B, 0x79, 0xCE, 0x00, 0x00, 0x2D, 0x5B, 0x3A, 0xBE,
    0xF0, 0x73, 0x55, 0xAD, 0x92, 0x94, 0x00, 0x00, 0x00, 0x00, 0x00, 0x00,
    0x00, 0x00, 0x00, 0x00, 0x00, 0x00, 0x00, 0x00, 0x00, 0x00, 0x00, 0x00,
    0xFF, 0xFF, 0x00, 0x00, 0x00, 0x00, 0x00, 0x00, 0x31, 0x84, 0xF3, 0x94,
    0x24, 0x19, 0x00, 0x00, 0x00, 0x00, 0x00, 0x00, 0x00, 0x00, 0x00, 0x00,
    0x00, 0x00, 0xA3, 0x08, 0xF4, 0x94, 0xD3, 0x94, 0x00, 0x00, 0x00, 0x00,
    0x00, 0x00, 0x00, 0x00, 0x00, 0x00, 0x00, 0x00, 0x00, 0x00, 0x00, 0x00,
    0x00, 0x00, 0x00, 0x00, 0x00, 0x00, 0xFF, 0xFF, 0x00, 0x00, 0x6A, 0x4A,
    0xAF, 0x6B, 0xB0, 0x73, 0xAF, 0x73, 0x35, 0xA5, 0x52, 0x84, 0xF1, 0x73,
    0xB0, 0x6B, 0x8C, 0x4A, 0xCC, 0x4A, 0x90, 0x63, 0xD1, 0x6B, 0x53, 0x7C,
    0x15, 0x9D, 0x8F, 0x6B, 0x11, 0x74, 0xF0, 0x73, 0xAB, 0x4A, 0x00, 0x00,
    0xFF, 0xFF, 0x00, 0x00, 0x00, 0x00, 0x00, 0x00, 0x00, 0x00, 0x00, 0x00,
    0xEF, 0x7B, 0x00, 0x00, 0x8F, 0x6B, 0xD8, 0xAD, 0x57, 0x9D, 0x36, 0x95,
    0x56, 0x9D, 0x15, 0x95, 0x36, 0x9D, 0xD9, 0xAD, 0x56, 0x95, 0xAC, 0x4A,
    0x6F, 0x5B, 0x98, 0x9D, 0x77, 0x9D, 0x56, 0x9D, 0x15, 0x95, 0x77, 0xA5,
    0x97, 0xA5, 0x19, 0xB6, 0x3A, 0xBE, 0x8F, 0x6B, 0x00, 0x00, 0xEF, 0x7B,
    0x00, 0x00, 0x00, 0x00, 0x00, 0x00, 0xEF, 0x7B, 0x00, 0x00, 0xED, 0x52,
    0x1A, 0xBE, 0x93, 0x8C, 0x8C, 0x42, 0x6B, 0x3A, 0x6B, 0x3A, 0xAB, 0x42,
    0x29, 0x32, 0x8B, 0x42, 0x6A, 0x3A, 0x00, 0x00, 0xC8, 0x29, 0xAC, 0x42,
    0x4A, 0x3A, 0x09, 0x32, 0x8B, 0x3A, 0x6B, 0x3A, 0x2A, 0x3A, 0xAB, 0x4A,
    0xF5, 0x94, 0xD9, 0xAD, 0x6A, 0x42, 0x00, 0x00, 0xAA, 0x52, 0x00, 0x00,
    0x00, 0x00, 0xFF, 0xFF, 0x00, 0x00, 0x73, 0x84, 0x76, 0xA5, 0x00, 0x00,
    0x00, 0x00, 0x00, 0x00, 0x00, 0x00, 0x00, 0x00, 0x00, 0x00, 0x00, 0x00,
    0x00, 0x00, 0x00, 0x00, 0x00, 0x00, 0x00, 0x00, 0x00, 0x00, 0x00, 0x00,
    0x00, 0x00, 0x00, 0x00, 0x00, 0x00, 0x00, 0x00, 0xE9, 0x29, 0xD8, 0xAD,
    0xAF, 0x6B, 0x00, 0x00, 0xF7, 0x7B, 0x00, 0x00, 0x00, 0x00, 0x00, 0x00,
    0x00, 0x00, 0x73, 0x84, 0x93, 0x8C, 0xEF, 0x7B, 0xF7, 0x7B, 0xE7, 0x39,
    0xAA, 0x52, 0xAA, 0x52, 0xEF, 0x39, 0x00, 0x00, 0x87, 0x21, 0xD0, 0x73,
    0xAF, 0x73, 0x27, 0x19, 0x00, 0x00, 0xEF, 0x39, 0xAA, 0x52, 0xAA, 0x52,
    0x2C, 0x63, 0xEF, 0x39, 0x04, 0x19, 0xF5, 0x94, 0x11, 0x74, 0x00, 0x00,
    0x5F, 0xAD, 0x00, 0x00, 0x00, 0x00, 0x00, 0x00, 0x00, 0x00, 0x94, 0x8C,
    0xF4, 0x94, 0x00, 0x00, 0x00, 0x00, 0x00, 0x00, 0x00, 0x00, 0xEF, 0x7B,
    0x00, 0x00, 0xAC, 0x42, 0x36, 0x9D, 0xD8, 0xB5, 0xD8, 0xB5, 0xD4, 0x94,
    0xE8, 0x31, 0x00, 0x00, 0xAA, 0x52, 0x00, 0x00, 0x00, 0x00, 0x00, 0x00,
    0x00, 0x00, 0xB4, 0x8C, 0xF4, 0x94, 0x42, 0x10, 0x00, 0x00, 0x00, 0x00,
    0x00, 0x00, 0x00, 0x00, 0xC7, 0x31, 0x56, 0xA5, 0x72, 0x84, 0x00, 0x00,
    0xFF, 0xFF, 0x00, 0x00, 0x00, 0x00, 0xFF, 0xFF, 0x00, 0x00, 0xB4, 0x8C,
    0x5A, 0xC6, 0xAA, 0x52, 0x4E, 0x6B, 0x5A, 0xC6, 0xF0, 0x73, 0x00, 0x00,
    0x33, 0x63, 0x00, 0x00, 0x00, 0x00, 0xFF, 0xFF, 0x00, 0x00, 0x11, 0x74,
    0x36, 0x9D, 0x04, 0x21, 0x00, 0x00, 0x00, 0x00, 0x00, 0x00, 0x00, 0x00,
    0x8F, 0x6B, 0xD8, 0xB5, 0xAB, 0x4A, 0x00, 0x00, 0xEF, 0x7B, 0x00, 0x00,
    0xEF, 0x03, 0x00, 0x00, 0x41, 0x00, 0x16, 0x9D, 0x11, 0x84, 0x00, 0x00,
    0x00, 0x00, 0x15, 0x9D, 0x51, 0x84, 0x00, 0x00, 0xD3, 0x64, 0x00, 0x00,
    0x00, 0x00, 0xF7, 0x7B, 0x00, 0x00, 0xB0, 0x6B, 0x36, 0x9D, 0x08, 0x3A,
    0x00, 0x00, 0x00, 0x00, 0x00, 0x00, 0x00, 0x00, 0xB0, 0x6B, 0xD8, 0xAD,
    0xCB, 0x52, 0x00, 0x00, 0xAA, 0x52, 0x00, 0x00, 0xEF, 0x7B, 0x00, 0x00,
    0xE6, 0x10, 0xF5, 0x94, 0x93, 0x8C, 0x0D, 0x63, 0x11, 0x7C, 0xD4, 0x94,
    0x8B, 0x4A, 0x00, 0x00, 0xEF, 0x3B, 0x00, 0x00, 0x00, 0x00, 0xEF, 0x7B,
    0x00, 0x00, 0x4E, 0x63, 0xD8, 0xB5, 0x6E, 0x63, 0x00, 0x00, 0x00, 0x00,
    0x00, 0x00, 0x00, 0x00, 0xD0, 0x6B, 0xB7, 0xAD, 0x49, 0x42, 0x00, 0x00,
    0xAA, 0x52, 0x00, 0x00, 0xAA, 0x52, 0x00, 0x00, 0xC8, 0x29, 0x77, 0xA5,
    0x19, 0xBE, 0x36, 0xA5, 0x56, 0xA5, 0x3A, 0xBE, 0x52, 0x7C, 0x63, 0x08,
    0x00, 0x00, 0x00, 0x00, 0x00, 0x00, 0xAA, 0x52, 0x00, 0x00, 0xC9, 0x31,
    0x97, 0xA5, 0x52, 0x84, 0x00, 0x00, 0x00, 0x00, 0x00, 0x00, 0x00, 0x00,
    0x32, 0x7C, 0xD4, 0x8C, 0x02, 0x00, 0xFF, 0xFF, 0x00, 0x00, 0x00, 0x00,
    0x2C, 0x63, 0x00, 0x00, 0xB0, 0x63, 0xF9, 0xB5, 0x2D, 0x63, 0xA7, 0x29,
    0x04, 0x19, 0xF4, 0x94, 0x59, 0xBE, 0x09, 0x32, 0x00, 0x00, 0xAA, 0x52,
    0x00, 0x00, 0x00, 0x00, 0x00, 0x00, 0x00, 0x00, 0xB3, 0x8C, 0xD4, 0x94,
    0x00, 0x00, 0x00, 0x00, 0x00, 0x00, 0x83, 0x10, 0x15, 0x95, 0x31, 0x7C,
    0x00, 0x00, 0x55, 0xAD, 0x00, 0x00, 0x00, 0x00, 0x33, 0x63, 0x00, 0x00,
    0xD1, 0x6B, 0x1A, 0xB6, 0x29, 0x42, 0x00, 0x00, 0x00, 0x00, 0x11, 0x7C,
    0xD7, 0xAD, 0x28, 0x32, 0x00, 0x00, 0xEF, 0x7B, 0x00, 0x00, 0x00, 0x00,
    0xFF, 0xFF, 0x00, 0x00, 0x93, 0x8C, 0xF4, 0x9C, 0x00, 0x00, 0x00, 0x00,
    0x00, 0x00, 0x09, 0x32, 0xD8, 0xAD, 0x10, 0x7C, 0x00, 0x00, 0x55, 0xAD,
    0x00, 0x00, 0x00, 0x00, 0xEF, 0x7B, 0xFF, 0xFF, 0x88, 0x21, 0xF5, 0x94,
    0x35, 0x9D, 0x4A, 0x42, 0x2D, 0x5B, 0xB7, 0xAD, 0x51, 0x84, 0x00, 0x00,
    0xFF, 0xFF, 0x00, 0x00, 0x00, 0x00, 0x00, 0x00, 0x5F, 0xAD, 0x00, 0x00,
    0x73, 0x84, 0x56, 0xA5, 0x41, 0x08, 0x00, 0x00, 0x00, 0x00, 0x4B, 0x42,
    0x19, 0xB6, 0xEF, 0x73, 0x00, 0x00, 0xEF, 0x7B, 0x00, 0x00, 0x00, 0x00,
    0x00, 0x00, 0xEF, 0x7B, 0x00, 0x00, 0x4A, 0x3A, 0xD4, 0x8C, 0x35, 0x9D,
    0x35, 0x9D, 0x72, 0x84, 0xE5, 0x18, 0xFF, 0xFF, 0xEF, 0x7B, 0x00, 0x00,
    0x00, 0x00, 0x00, 0x00, 0x55, 0xAD, 0x00, 0x00, 0xB0, 0x6B, 0x19, 0xBE,
    0xEC, 0x5A, 0x00, 0x00, 0x00, 0x00, 0x90, 0x6B, 0xD8, 0xAD, 0x0C, 0x53,
    0x00, 0x00, 0x2C, 0x63, 0x00, 0x00, 0x0F, 0x00, 0xEF, 0x03, 0x00, 0x00,
    0xE7, 0x39, 0x00, 0x00, 0x01, 0x00, 0xAF, 0x63, 0x4D, 0x5B, 0x00, 0x00,
    0x00, 0x00, 0xEF, 0x03, 0x00, 0x00, 0x00, 0x00, 0x00, 0x00, 0x00, 0x00,
    0xEF, 0x3B, 0x0F, 0x00, 0xC9, 0x29, 0x76, 0xA5, 0x72, 0x8C, 0x00, 0x00,
    0x00, 0x00, 0xB4, 0x8C, 0xF4, 0x9C, 0x00, 0x00, 0x00, 0x00, 0x00, 0x00,
    0x00, 0x00, 0x00, 0x00, 0x00, 0x00, 0x00, 0x00, 0x00, 0x00, 0x00, 0x00,
    0x00, 0x00, 0x00, 0x00, 0x00, 0x00, 0x00, 0x00, 0x00, 0x00, 0x00, 0x00,
    0x00, 0x00, 0x00, 0x00, 0x00, 0x00, 0x00, 0x00, 0x00, 0x00, 0x00, 0x00,
    0x00, 0x00, 0xD4, 0x94, 0xF4, 0x9C, 0x00, 0x00, 0x00, 0x00, 0x32, 0x7C,
    0xD8, 0xB5, 0x6A, 0x4A, 0x00, 0x00, 0x42, 0x00, 0x00, 0x00, 0x00, 0x00,
    0x00, 0x00, 0x00, 0x00, 0x00, 0x00, 0x00, 0x00, 0x00, 0x00, 0x00, 0x00,
    0x00, 0x00, 0x00, 0x00, 0x00, 0x00, 0x00, 0x00, 0x00, 0x00, 0x00, 0x00,
    0x00, 0x00, 0x00, 0x00, 0x00, 0x00, 0x00, 0x00, 0xCC, 0x52, 0x19, 0xBE,
    0x31, 0x84, 0x00, 0x00, 0x00, 0x00, 0x0A, 0x2A, 0xD4, 0x8C, 0x97, 0xAD,
    0xB3, 0x8C, 0xF4, 0x94, 0xF4, 0x94, 0xF4, 0x9C, 0x15, 0x9D, 0x15, 0x9D,
    0x14, 0x9D, 0xF4, 0x9C, 0xF4, 0x94, 0xF4, 0x94, 0xF4, 0x94, 0xD4, 0x94,
    0xD4, 0x94, 0xB3, 0x8C, 0xB3, 0x8C, 0xB3, 0x8C, 0xB3, 0x8C, 0xB3, 0x8C,
    0xB3, 0x8C, 0xB3, 0x8C, 0xD8, 0xB5, 0xB4, 0x8C, 0xC8, 0x31, 0x00, 0x00,
    0x00, 0x00, 0x00, 0x00, 0xE9, 0x31, 0xF1, 0x6B, 0x31, 0x7C, 0x52, 0x7C,
    0x52, 0x84, 0x52, 0x84, 0x72, 0x84, 0x72, 0x84, 0x72, 0x84, 0x52, 0x84,
    0x52, 0x84, 0x72, 0x84, 0x52, 0x84, 0x52, 0x7C, 0x31, 0x7C, 0x51, 0x7C,
    0x52, 0x7C, 0x32, 0x7C, 0x32, 0x7C, 0x32, 0x7C, 0x32, 0x7C, 0x32, 0x7C,
    0xF0, 0x73, 0x45, 0x21, 0x00, 0x00, 0x00, 0x00, 0x00, 0x00, 0x00, 0x00,
    0x00, 0x00, 0x00, 0x00, 0x00, 0x00, 0x00, 0x00, 0x00, 0x00, 0x00, 0x00,
    0x00, 0x00, 0x00, 0x00, 0x00, 0x00, 0x00, 0x00, 0x00, 0x00, 0x00, 0x00,
    0x00, 0x00, 0x00, 0x00, 0x00, 0x00, 0x00, 0x00, 0x00, 0x00, 0x00, 0x00,
    0x00, 0x00, 0x00, 0x00, 0x00, 0x00, 0x00, 0x00, 0x00, 0x00, 0x00, 0x00,
    0x00, 0x00, 0x00, 0x00, 0x00, 0x00, 0x00, 0x00, 0x00, 0x00, 0x00, 0x00,
    0x00, 0x00, 0x00, 0x00, 0x00, 0x00, 0x00, 0x00, 0x00, 0x00, 0x00, 0x00,
    0x00, 0x00, 0x00, 0x00, 0x00, 0x00, 0x00, 0x00, 0x00, 0x00, 0x00, 0x00,
    0x00, 0x00, 0x00, 0x00, 0x00, 0x00, 0x00, 0x00, 0x00, 0x00, 0x00, 0x00,
    0x00, 0x00, 0x00, 0x00, 0x00, 0x00, 0x00, 0x00, 0x00, 0x00, 0x00, 0x00,
    0x00, 0x00, 0x00, 0x00, 0x00, 0x00, 0x00, 0x00, 0x00, 0x00, 0x00, 0x00,
    0x00, 0x00, 0x00, 0x00, 0x00, 0x00, 0x00, 0x00, 0x00, 0x00, 0x00, 0x00,
    0x00, 0x00, 0x00, 0x00, 0x00, 0x00, 0x00, 0x00, 0x00, 0x00, 0x02, 0x00,
    0x20, 0xA2, 0xE0, 0xE8, 0xE4, 0xE0, 0xDF, 0xE2, 0xE8, 0xE1, 0x80, 0x05,
    0x00, 0x01, 0x00, 0x00, 0x00, 0x00, 0x00, 0x00, 0x00, 0x00, 0x00, 0x00,
    0x00, 0x02, 0x00, 0x29, 0xE2, 0xFF, 0xF9, 0xF5, 0xF2, 0xEE, 0xE9, 0xEA,
    0xEC, 0xF6, 0xFF, 0xAF, 0x0A, 0x02, 0x01, 0x00, 0x00, 0x00, 0x00, 0x00,
    0x00, 0x00, 0x00, 0x00, 0x01, 0x02, 0x08, 0xC9, 0xFF, 0x83, 0x1C, 0x14,
    0x0D, 0x09, 0x06, 0x07, 0x0B, 0x18, 0x87, 0xFF, 0x79, 0x00, 0x04, 0x00,
    0x00, 0x00, 0x00, 0x00, 0x00, 0x00, 0x00, 0x00, 0x02, 0x00, 0x2E, 0xFF,
    0xD6, 0x02, 0x00, 0x00, 0x00, 0x00, 0x00, 0x00, 0x00, 0x00, 0x00, 0xCC,
    0xE6, 0x08, 0x01, 0x01, 0x00, 0x00, 0x00, 0x00, 0x00, 0x00, 0x00, 0x00,
    0x02, 0x00, 0x30, 0xFD, 0x97, 0x00, 0x05, 0x01, 0x01, 0x01, 0x01, 0x01,
    0x01, 0x06, 0x01, 0x85, 0xFF, 0x19, 0x00, 0x02, 0x00, 0x00, 0x00, 0x00,
    0x00, 0x00, 0x00, 0x00, 0x02, 0x00, 0x1B, 0xFF, 0xCA, 0x00, 0x03, 0x01,
    0x00, 0x00, 0x00, 0x00, 0x01, 0x03, 0x00, 0xC9, 0xEE, 0x0B, 0x00, 0x01,
    0x00, 0x00, 0x00, 0x00, 0x00, 0x00, 0x00, 0x00, 0x01, 0x06, 0x05, 0xA0,
    0xFF, 0x66, 0x00, 0x07, 0x04, 0x04, 0x04, 0x04, 0x05, 0x00, 0x65, 0xFF,
    0x93, 0x03, 0x07, 0x00, 0x00, 0x00, 0x00, 0x00, 0x00, 0x00, 0x00, 0x00,
    0x01, 0x00, 0x00, 0x00, 0xBC, 0xFB, 0x2A, 0x00, 0x00, 0x00, 0x00, 0x00,
    0x00, 0x30, 0xF8, 0xC8, 0x00, 0x00, 0x00, 0x00, 0x00, 0x00, 0x00, 0x00,
    0x00, 0x00, 0x00, 0x01, 0x00, 0x4A, 0x88, 0x94, 0xCD, 0xFD, 0xE0, 0x9F,
    0x93, 0x87, 0x83, 0x93, 0xB0, 0xE9, 0xFE, 0xBF, 0x93, 0x9E, 0x5B, 0x00,
    0x01, 0x00, 0x00, 0x00, 0x00, 0x00, 0x02, 0x00, 0x97, 0xFF, 0xFF, 0xFF,
    0xFF, 0xFF, 0xFF, 0xFF, 0xFF, 0xB6, 0xE5, 0xFF, 0xFF, 0xFF, 0xFF, 0xFF,
    0xFF, 0xFF, 0xFF, 0x9F, 0x00, 0x02, 0x00, 0x00, 0x00, 0x04, 0x00, 0x63,
    0xFF, 0xBE, 0x4D, 0x45, 0x49, 0x4B, 0x43, 0x4B, 0x3C, 0x00, 0x16, 0x4E,
    0x45, 0x43, 0x48, 0x45, 0x40, 0x50, 0xD2, 0xFF, 0x46, 0x00, 0x03, 0x00,
    0x00, 0x02, 0x00, 0xC6, 0xF7, 0x13, 0x00, 0x00, 0x00, 0x00, 0x00, 0x00,
    0x00, 0x00, 0x00, 0x00, 0x00, 0x00, 0x00, 0x00, 0x00, 0x00, 0x48, 0xFE,
    0x92, 0x00, 0x04, 0x00, 0x00, 0x00, 0x02, 0xD6, 0xED, 0x02, 0x04, 0x04,
    0x03, 0x03, 0x04, 0x00, 0x3A, 0x9E, 0x8A, 0x2D, 0x00, 0x04, 0x03, 0x03,
    0x05, 0x04, 0x1D, 0xFE, 0xAD, 0x00, 0x03, 0x00, 0x00, 0x00, 0x03, 0xE2,
    0xF2, 0x06, 0x00, 0x01, 0x00, 0x02, 0x00, 0x59, 0xFE, 0xFF, 0xFF, 0xF3,
    0x36, 0x00, 0x03, 0x00, 0x01, 0x00, 0x0C, 0xF0, 0xF2, 0x16, 0x00, 0x00,
    0x00, 0x00, 0x30, 0xFF, 0xC3, 0x02, 0x01, 0x00, 0x01, 0x01, 0x04, 0xDC,
    0xFA, 0x55, 0x72, 0xFF, 0x82, 0x00, 0x05, 0x00, 0x00, 0x02, 0x00, 0xB5,
    0xFF, 0x26, 0x00, 0x00, 0x00, 0x00, 0x7A, 0xFF, 0x5B, 0x00, 0x04, 0x00,
    0x02, 0x00, 0x19, 0xFC, 0xBC, 0x00, 0x1A, 0xFE, 0x77, 0x01, 0x05, 0x00,
    0x00, 0x04, 0x00, 0x83, 0xFE, 0x32, 0x00, 0x00, 0x00, 0x00, 0x77, 0xFE,
    0x49, 0x00, 0x03, 0x00, 0x02, 0x00, 0x2A, 0xFF, 0xD4, 0x7D, 0xB5, 0xFE,
    0x5C, 0x00, 0x04, 0x00, 0x00, 0x04, 0x00, 0x64, 0xFE, 0x63, 0x00, 0x00,
    0x00, 0x00, 0x8D, 0xFF, 0x37, 0x00, 0x03, 0x00, 0x03, 0x00, 0x4E, 0xFF,
    0xFF, 0xFF, 0xFF, 0xFF, 0xDB, 0x12, 0x00, 0x02, 0x00, 0x03, 0x00, 0x38,
    0xFF, 0xAA, 0x00, 0x00, 0x00, 0x00, 0xD0, 0xE6, 0x0B, 0x01, 0x01, 0x00,
    0x05, 0x00, 0x87, 0xFE, 0x7A, 0x2B, 0x2E, 0xD9, 0xFF, 0x4F, 0x00, 0x03,
    0x00, 0x01, 0x00, 0x0A, 0xE9, 0xDB, 0x00, 0x00, 0x00, 0x1C, 0xF9, 0xB7,
    0x00, 0x03, 0x00, 0x00, 0x05, 0x00, 0x8B, 0xFF, 0x3F, 0x00, 0x00, 0xB6,
    0xFF, 0x36, 0x00, 0x02, 0x00, 0x00, 0x02, 0x00, 0xCC, 0xE6, 0x07, 0x00,
    0x00, 0x3F, 0xFF, 0x9A, 0x00, 0x03, 0x00, 0x00, 0x02, 0x01, 0x2A, 0xF1,
    0xE8, 0x44, 0x69, 0xFF, 0xB9, 0x01, 0x02, 0x00, 0x00, 0x00, 0x03, 0x00,
    0xC5, 0xF9, 0x1B, 0x00, 0x00, 0x57, 0xFF, 0x83, 0x00, 0x04, 0x00, 0x00,
    0x00, 0x02, 0x00, 0x40, 0xEB, 0xFF, 0xFF, 0xBE, 0x18, 0x01, 0x02, 0x00,
    0x00, 0x00, 0x03, 0x00, 0x98, 0xFF, 0x5F, 0x00, 0x00, 0x9C, 0xFF, 0x55,
    0x01, 0x05, 0x01, 0x02, 0x02, 0x01, 0x04, 0x00, 0x18, 0x65, 0x48, 0x02,
    0x00, 0x02, 0x01, 0x01, 0x01, 0x01, 0x04, 0x02, 0x38, 0xFE, 0xA7, 0x00,
    0x00, 0xDA, 0xFB, 0x13, 0x00, 0x00, 0x00, 0x00, 0x00, 0x00, 0x00, 0x00,
    0x00, 0x00, 0x00, 0x00, 0x00, 0x00, 0x00, 0x00, 0x00, 0x00, 0x00, 0x00,
    0x0A, 0xFD, 0xB2, 0x00, 0x00, 0xBF, 0xFF, 0x5B, 0x16, 0x1E, 0x16, 0x18,
    0x1A, 0x1B, 0x1A, 0x19, 0x19, 0x19, 0x19, 0x19, 0x17, 0x11, 0x10, 0x10,
    0x11, 0x13, 0x18, 0x20, 0x86, 0xFF, 0xA7, 0x00, 0x00, 0x40, 0xF1, 0xFF,
    0xFC, 0xFF, 0xFE, 0xFF, 0xFF, 0xFF, 0xFF, 0xFE, 0xFE, 0xFD, 0xFD, 0xFE,
    0xFD, 0xFB, 0xFB, 0xFB, 0xFB, 0xFC, 0xFD, 0xFD, 0xFF, 0xE1, 0x2F, 0x00,
    0x00, 0x00, 0x3D, 0xB6, 0xC3, 0xBD, 0xBE, 0xBD, 0xBB, 0xBD, 0xBF, 0xC2,
    0xC3, 0xC2, 0xC3, 0xC2, 0xC3, 0xC3, 0xC1, 0xC2, 0xC2, 0xC1, 0xC2, 0xCD,
    0xAA, 0x26, 0x00, 0x00, 0x00, 0x00, 0x00, 0x00, 0x00, 0x00, 0x00, 0x00,
    0x00, 0x00, 0x00, 0x00, 0x00, 0x00, 0x00, 0x00, 0x00, 0x00, 0x00, 0x00,
    0x00, 0x00, 0x00, 0x00, 0x00, 0x00, 0x00, 0x00, 0x00, 0x00, 0x00, 0x00,
    0x00, 0x00, 0x00, 0x00, 0x00, 0x00, 0x00, 0x00, 0x00, 0x00, 0x00, 0x00,
    0x00, 0x00, 0x00, 0x00, 0x00, 0x00, 0x00, 0x00, 0x00, 0x00, 0x00, 0x00,
};

const lv_image_dsc_t kMeasurementTare = {
    {LV_IMAGE_HEADER_MAGIC, LV_COLOR_FORMAT_RGB565A8, 0, 28, 30, 56, 0},
    sizeof(kMeasurementTareMap),
    kMeasurementTareMap,
    nullptr,
    nullptr,
};

alignas(4) const std::uint8_t kMeasurementDensityMap[] = {
    0x00, 0x00, 0x00, 0x00, 0x00, 0x00, 0x00, 0x00, 0x00, 0x00, 0x00, 0x00,
    0x00, 0x00, 0x00, 0x00, 0x00, 0x00, 0x00, 0x00, 0x00, 0x00, 0x00, 0x00,
    0x00, 0x00, 0x00, 0x00, 0x00, 0x00, 0x00, 0x00, 0x00, 0x00, 0x00, 0x00,
    0x00, 0x00, 0x00, 0x00, 0x00, 0x00, 0x00, 0x00, 0x00, 0x00, 0x00, 0x00,
    0x00, 0x00, 0x00, 0x00, 0x00, 0x00, 0x00, 0x00, 0x00, 0x00, 0x00, 0x00,
    0x00, 0x00, 0x00, 0x00, 0x00, 0x00, 0x00, 0x00, 0x00, 0x00, 0x00, 0x00,
    0x00, 0x00, 0x00, 0x00, 0x00, 0x00, 0xFF, 0x7B, 0x00, 0x00, 0xCE, 0x32,
    0x30, 0x3B, 0x00, 0x00, 0xEF, 0x7B, 0x00, 0x00, 0x00, 0x00, 0x00, 0x00,
    0x00, 0x00, 0x00, 0x00, 0x00, 0x00, 0x00, 0x00, 0x00, 0x00, 0x00, 0x00,
    0x00, 0x00, 0x00, 0x00, 0x00, 0x00, 0x00, 0x00, 0x00, 0x00, 0x00, 0x00,
    0x00, 0x00, 0x00, 0x00, 0x00, 0x00, 0x00, 0x00, 0x00, 0x00, 0x00, 0x00,
    0x0F, 0x00, 0xFF, 0xFF, 0x01, 0x00, 0xD7, 0x64, 0xBB, 0x75, 0x89, 0x19,
    0x00, 0x00, 0xB5, 0x02, 0x00, 0x00, 0x00, 0x00, 0x00, 0x00, 0x00, 0x00,
    0x00, 0x00, 0x00, 0x00, 0x00, 0x00, 0x00, 0x00, 0x00, 0x00, 0x00, 0x00,
    0x00, 0x00, 0x00, 0x00, 0x00, 0x00, 0x00, 0x00, 0x00, 0x00, 0x00, 0x00,
    0x00, 0x00, 0x00, 0x00, 0x00, 0x00, 0x00, 0x00, 0x55, 0x55, 0x00, 0x00,
    0x10, 0x33, 0x5A, 0x6D, 0x7B, 0x6D, 0xF3, 0x53, 0x00, 0x00, 0xFF, 0x7F,
    0x00, 0x00, 0x00, 0x00, 0x00, 0x00, 0x00, 0x00, 0x00, 0x00, 0x00, 0x00,
    0x00, 0x00, 0x00, 0x00, 0x00, 0x00, 0x00, 0x00, 0x00, 0x00, 0x00, 0x00,
    0x00, 0x00, 0x00, 0x00, 0x00, 0x00, 0x00, 0x00, 0x00, 0x00, 0x00, 0x00,
    0x00, 0x00, 0xEF, 0x03, 0xFF, 0xFF, 0x08, 0x09, 0x39, 0x65, 0x34, 0x54,
    0xEE, 0x3A, 0xBB, 0x7D, 0xAD, 0x2A, 0x00, 0x00, 0x55, 0x55, 0x00, 0x00,
    0x00, 0x00, 0x00, 0x00, 0x00, 0x00, 0x00, 0x00, 0x00, 0x00, 0x00, 0x00,
    0x00, 0x00, 0x00, 0x00, 0x00, 0x00, 0x00, 0x00, 0x00, 0x00, 0x00, 0x00,
    0x00, 0x00, 0x00, 0x00, 0x00, 0x00, 0x00, 0x00, 0x00, 0x00, 0x55, 0x55,
    0x00, 0x00, 0x92, 0x3B, 0x9B, 0x6D, 0x6C, 0x2A, 0x00, 0x00, 0x18, 0x6D,
    0xD7, 0x64, 0x01, 0x00, 0xFF, 0xFF, 0x0F, 0x00, 0x00, 0x00, 0x00, 0x00,
    0x00, 0x00, 0x00, 0x00, 0x00, 0x00, 0x00, 0x00, 0x00, 0x00, 0x00, 0x00,
    0x00, 0x00, 0x00, 0x00, 0x00, 0x00, 0x00, 0x00, 0x00, 0x00, 0x00, 0x00,
    0x00, 0x00, 0x00, 0x00, 0xB5, 0x52, 0x00, 0x00, 0xEA, 0x21, 0x3A, 0x65,
    0xB2, 0x43, 0x00, 0x00, 0x00, 0x00, 0x0F, 0x3B, 0x1E, 0x7E, 0x51, 0x3B,
    0x00, 0x00, 0xF7, 0x3B, 0x00, 0x00, 0x00, 0x00, 0x00, 0x00, 0x00, 0x00,
    0x00, 0x00, 0x00, 0x00, 0x00, 0x00, 0x00, 0x00, 0x00, 0x00, 0x00, 0x00,
    0x00, 0x00, 0x00, 0x00, 0x00, 0x00, 0x00, 0x00, 0x00, 0x00, 0x00, 0x00,
    0xFF, 0x7F, 0x00, 0x00, 0x15, 0x4C, 0xD8, 0x5C, 0x27, 0x11, 0x00, 0x00,
    0xFF, 0x7B, 0x00, 0x00, 0x35, 0x4C, 0x3A, 0x65, 0xC9, 0x19, 0x00, 0x00,
    0xB5, 0x52, 0x00, 0x00, 0x00, 0x00, 0x00, 0x00, 0x00, 0x00, 0x00, 0x00,
    0x00, 0x00, 0x00, 0x00, 0x00, 0x00, 0x00, 0x00, 0x00, 0x00, 0x00, 0x00,
    0x00, 0x00, 0x00, 0x00, 0x00, 0x00, 0xEF, 0x3B, 0x00, 0x00, 0xF0, 0x32,
    0xFD, 0x75, 0x0F, 0x33, 0x00, 0x00, 0x55, 0x55, 0x55, 0x55, 0x00, 0x00,
    0x0B, 0x1A, 0x9B, 0x65, 0x35, 0x4C, 0x00, 0x00, 0xFF, 0x7F, 0x00, 0x00,
    0x00, 0x00, 0x00, 0x00, 0x00, 0x00, 0x00, 0x00, 0x00, 0x00, 0x00, 0x00,
    0x00, 0x00, 0x00, 0x00, 0x00, 0x00, 0x00, 0x00, 0x00, 0x00, 0x00, 0x00,
    0xB5, 0x52, 0x00, 0x00, 0xCB, 0x19, 0x7B, 0x65, 0x96, 0x54, 0x61, 0x00,
    0xFF, 0x7B, 0x00, 0x00, 0x00, 0x00, 0x55, 0x55, 0x00, 0x00, 0x32, 0x33,
    0x1E, 0x6E, 0xEF, 0x32, 0x00, 0x00, 0x55, 0x55, 0x00, 0x00, 0x00, 0x00,
    0x00, 0x00, 0x00, 0x00, 0x00, 0x00, 0x00, 0x00, 0x00, 0x00, 0x00, 0x00,
    0x00, 0x00, 0x00, 0x00, 0x00, 0x00, 0xEF, 0x03, 0xFF, 0xFF, 0x02, 0x00,
    0x56, 0x4C, 0xBB, 0x6D, 0x0B, 0x22, 0x00, 0x00, 0xB5, 0x52, 0x00, 0x00,
    0x00, 0x00, 0xEF, 0x03, 0x00, 0x00, 0xC6, 0x00, 0x77, 0x54, 0x3A, 0x65,
    0xC9, 0x19, 0x00, 0x00, 0xAA, 0x02, 0x00, 0x00, 0x00, 0x00, 0x00, 0x00,
    0x00, 0x00, 0x00, 0x00, 0x00, 0x00, 0x00, 0x00, 0x00, 0x00, 0x00, 0x00,
    0x00, 0x00, 0xF7, 0x3B, 0x00, 0x00, 0x51, 0x33, 0x5F, 0x76, 0x70, 0x3B,
    0x00, 0x00, 0x5F, 0x55, 0x00, 0x00, 0x00, 0x00, 0x00, 0x00, 0x00, 0x00,
    0xEF, 0x3B, 0x00, 0x00, 0x2C, 0x22, 0x9C, 0x6D, 0xF4, 0x4B, 0x00, 0x00,
    0xFF, 0x7F, 0x0F, 0x00, 0x00, 0x00, 0x00, 0x00, 0x00, 0x00, 0x00, 0x00,
    0x00, 0x00, 0x00, 0x00, 0x00, 0x00, 0x00, 0x00, 0xEF, 0x39, 0x00, 0x00,
    0x2C, 0x22, 0xBD, 0x6D, 0x76, 0x54, 0x01, 0x00, 0xFF, 0xFF, 0x00, 0x00,
    0x00, 0x00, 0x00, 0x00, 0x00, 0x00, 0x00, 0x00, 0x00, 0x00, 0xF7, 0x3B,
    0x00, 0x00, 0x72, 0x3B, 0xFE, 0x75, 0xCE, 0x32, 0x00, 0x00, 0xFF, 0x7B,
    0x00, 0x00, 0x00, 0x00, 0x00, 0x00, 0x00, 0x00, 0x00, 0x00, 0x00, 0x00,
    0x00, 0x00, 0x00, 0x00, 0xFF, 0xFF, 0x07, 0x09, 0xD9, 0x5C, 0x9A, 0x6D,
    0x88, 0x19, 0x00, 0x00, 0xAA, 0x02, 0x00, 0x00, 0x00, 0x00, 0x00, 0x00,
    0x00, 0x00, 0x00, 0x00, 0x00, 0x00, 0xAA, 0x02, 0x00, 0x00, 0x48, 0x09,
    0xD8, 0x54, 0x19, 0x65, 0x88, 0x19, 0x00, 0x00, 0x00, 0x00, 0x00, 0x00,
    0x00, 0x00, 0x00, 0x00, 0x00, 0x00, 0x00, 0x00, 0x00, 0x00, 0x00, 0x00,
    0x00, 0x00, 0x93, 0x43, 0x7F, 0x86, 0x0F, 0x3B, 0x00, 0x00, 0xF7, 0x3B,
    0x00, 0x00, 0x00, 0x00, 0x00, 0x00, 0x00, 0x00, 0x00, 0x00, 0x00, 0x00,
    0x00, 0x00, 0x00, 0x00, 0x2C, 0x33, 0x00, 0x00, 0x2C, 0x22, 0xBC, 0x75,
    0xF3, 0x4B, 0x00, 0x00, 0x00, 0x00, 0x00, 0x00, 0x00, 0x00, 0x00, 0x00,
    0x00, 0x00, 0x00, 0x00, 0x00, 0x00, 0x00, 0x00, 0x01, 0x00, 0xF9, 0x64,
    0xD7, 0x5C, 0x00, 0x00, 0xFF, 0xFF, 0x00, 0x00, 0x00, 0x00, 0x00, 0x00,
    0x00, 0x00, 0x00, 0x00, 0x00, 0x00, 0x00, 0x00, 0x00, 0x00, 0x00, 0x00,
    0x00, 0x00, 0xFF, 0x7F, 0x00, 0x00, 0x35, 0x4C, 0x7A, 0x6D, 0xE9, 0x19,
    0x00, 0x00, 0x00, 0x00, 0x00, 0x00, 0x00, 0x00, 0x00, 0x00, 0x00, 0x00,
    0x00, 0x00, 0x00, 0x00, 0x31, 0x43, 0xDD, 0x75, 0x10, 0x33, 0x00, 0x00,
    0x55, 0x55, 0x00, 0x00, 0x00, 0x00, 0x00, 0x00, 0x00, 0x00, 0x00, 0x00,
    0x00, 0x00, 0x00, 0x00, 0x00, 0x00, 0x00, 0x00, 0x00, 0x00, 0xEF, 0x2B,
    0x00, 0x00, 0xEF, 0x32, 0x3A, 0x65, 0xCE, 0x32, 0x00, 0x00, 0x00, 0x00,
    0x00, 0x00, 0x00, 0x00, 0x00, 0x00, 0x00, 0x00, 0x00, 0x00, 0x00, 0x00,
    0x76, 0x54, 0x9C, 0x6D, 0x68, 0x11, 0x00, 0x00, 0xAA, 0x02, 0x00, 0x00,
    0x00, 0x00, 0x00, 0x00, 0x00, 0x00, 0x00, 0x00, 0x00, 0x00, 0x00, 0x00,
    0x00, 0x00, 0x00, 0x00, 0x00, 0x00, 0x00, 0x00, 0x00, 0x00, 0xE6, 0x08,
    0x77, 0x54, 0xD3, 0x4B, 0x00, 0x00, 0x00, 0x00, 0x00, 0x00, 0x00, 0x00,
    0x00, 0x00, 0x00, 0x00, 0x00, 0x00, 0x00, 0x00, 0x77, 0x54, 0x19, 0x5D,
    0xA3, 0x08, 0x00, 0x00, 0xFF, 0x07, 0x00, 0x00, 0x00, 0x00, 0x00, 0x00,
    0x00, 0x00, 0x00, 0x00, 0x00, 0x00, 0x00, 0x00, 0x00, 0x00, 0x00, 0x00,
    0x27, 0x11, 0xC6, 0x00, 0x00, 0x00, 0x00, 0x00, 0x35, 0x54, 0xB7, 0x5C,
    0x00, 0x00, 0x00, 0x00, 0x00, 0x00, 0x00, 0x00, 0x00, 0x00, 0x00, 0x00,
    0x00, 0x00, 0x00, 0x00, 0x97, 0x54, 0x19, 0x5D, 0x63, 0x00, 0x00, 0x00,
    0xFF, 0x07, 0x00, 0x00, 0x00, 0x00, 0x00, 0x00, 0x00, 0x00, 0x00, 0x00,
    0x00, 0x00, 0x00, 0x00, 0xE7, 0x39, 0x00, 0x00, 0xEF, 0x2A, 0xD4, 0x3B,
    0x8D, 0x22, 0xFF, 0x07, 0x15, 0x4C, 0x96, 0x54, 0x00, 0x00, 0x00, 0x00,
    0x00, 0x00, 0x00, 0x00, 0x00, 0x00, 0x00, 0x00, 0x00, 0x00, 0x00, 0x00,
    0x97, 0x54, 0xF9, 0x5C, 0x42, 0x00, 0x00, 0x00, 0xFF, 0x07, 0x00, 0x00,
    0x00, 0x00, 0x00, 0x00, 0x00, 0x00, 0x00, 0x00, 0x00, 0x00, 0x00, 0x00,
    0x33, 0x33, 0x00, 0x00, 0xB0, 0x22, 0x3C, 0x55, 0x10, 0x33, 0x00, 0x00,
    0x35, 0x54, 0x76, 0x54, 0x00, 0x00, 0x00, 0x00, 0x00, 0x00, 0x00, 0x00,
    0x00, 0x00, 0x00, 0x00, 0x00, 0x00, 0x00, 0x00, 0x93, 0x3B, 0x3A, 0x5D,
    0x0B, 0x1A, 0x00, 0x00, 0xEF, 0x39, 0x00, 0x00, 0x00, 0x00, 0x00, 0x00,
    0x00, 0x00, 0x00, 0x00, 0x00, 0x00, 0xEF, 0x3B, 0x00, 0x00, 0x00, 0x00,
    0x15, 0x4C, 0x1A, 0x5D, 0xEA, 0x19, 0x47, 0x11, 0x19, 0x65, 0xF3, 0x4B,
    0x00, 0x00, 0x00, 0x00, 0x00, 0x00, 0x00, 0x00, 0x00, 0x00, 0x00, 0x00,
    0x00, 0x00, 0x00, 0x00, 0xAA, 0x11, 0x3A, 0x5D, 0xD3, 0x43, 0x00, 0x00,
    0xF7, 0x3B, 0x00, 0x00, 0x00, 0x00, 0x00, 0x00, 0x00, 0x00, 0x00, 0x00,
    0x00, 0x00, 0x00, 0x00, 0x00, 0x00, 0x51, 0x3B, 0x3E, 0x76, 0x92, 0x43,
    0x00, 0x00, 0x31, 0x43, 0x7B, 0x75, 0xAE, 0x32, 0x00, 0x00, 0x00, 0x00,
    0x00, 0x00, 0x00, 0x00, 0x00, 0x00, 0x00, 0x00, 0x00, 0x00, 0x00, 0x00,
    0x00, 0x00, 0xD4, 0x43, 0x9C, 0x65, 0x2B, 0x22, 0x00, 0x00, 0xEF, 0x2B,
    0x00, 0x00, 0x00, 0x00, 0x00, 0x00, 0x00, 0x00, 0xA7, 0x00, 0x30, 0x33,
    0x76, 0x4C, 0x3E, 0x6E, 0x14, 0x4C, 0x82, 0x00, 0x00, 0x00, 0xD8, 0x64,
    0x96, 0x5C, 0x00, 0x00, 0x00, 0x00, 0x00, 0x00, 0x00, 0x00, 0x00, 0x00,
    0x00, 0x00, 0x00, 0x00, 0x00, 0x00, 0x00, 0x00, 0x00, 0x00, 0xAB, 0x11,
    0x3B, 0x65, 0xB7, 0x5C, 0xE6, 0x08, 0x00, 0x00, 0xFF, 0xFF, 0xEF, 0x39,
    0xEF, 0x01, 0x00, 0x00, 0xE7, 0x08, 0xF7, 0x5C, 0x59, 0x65, 0x71, 0x3B,
    0x00, 0x00, 0x00, 0x00, 0xD3, 0x4B, 0xDB, 0x75, 0xEE, 0x3A, 0x00, 0x00,
    0x00, 0x00, 0x00, 0x00, 0x00, 0x00, 0x00, 0x00, 0x00, 0x00, 0x00, 0x00,
    0x00, 0x00, 0x00, 0x00, 0x55, 0x55, 0x00, 0x00, 0x8E, 0x2A, 0xDD, 0x6D,
    0xB7, 0x5C, 0x0A, 0x22, 0x00, 0x00, 0x00, 0x00, 0x00, 0x00, 0x00, 0x00,
    0x00, 0x00, 0x8D, 0x32, 0xA4, 0x08, 0x00, 0x00, 0xA4, 0x00, 0xD2, 0x43,
    0xDC, 0x75, 0x70, 0x3B, 0x00, 0x00, 0xB5, 0x52, 0x00, 0x00, 0x00, 0x00,
    0x00, 0x00, 0x00, 0x00, 0x00, 0x00, 0x00, 0x00, 0x00, 0x00, 0x00, 0x00,
    0x00, 0x00, 0x55, 0x55, 0x00, 0x00, 0xAE, 0x2A, 0x7B, 0x65, 0x7B, 0x6D,
    0xB3, 0x43, 0x6C, 0x2A, 0x02, 0x00, 0x00, 0x00, 0x00, 0x00, 0x00, 0x00,
    0x88, 0x21, 0x30, 0x3B, 0x96, 0x54, 0x7B, 0x65, 0x50, 0x3B, 0x00, 0x00,
    0xFF, 0x7F, 0x00, 0x00, 0x00, 0x00, 0x00, 0x00, 0x00, 0x00, 0x00, 0x00,
    0x00, 0x00, 0x00, 0x00, 0x00, 0x00, 0x00, 0x00, 0x00, 0x00, 0x00, 0x00,
    0xFF, 0xFF, 0x00, 0x00, 0x0B, 0x1A, 0x15, 0x4C, 0x3A, 0x6D, 0x19, 0x6D,
    0x56, 0x5C, 0x35, 0x54, 0x35, 0x54, 0x15, 0x54, 0x56, 0x54, 0x39, 0x6D,
    0x95, 0x54, 0x8D, 0x2A, 0x00, 0x00, 0xFF, 0x7F, 0x00, 0x00, 0x00, 0x00,
    0x00, 0x00, 0x00, 0x00, 0x00, 0x00, 0x00, 0x00, 0x00, 0x00, 0x00, 0x00,
    0x00, 0x00, 0x00, 0x00, 0x00, 0x00, 0x00, 0x00, 0x00, 0x00, 0xFF, 0x7F,
    0x00, 0x00, 0x00, 0x00, 0x2C, 0x22, 0x30, 0x3B, 0x55, 0x5C, 0xD7, 0x64,
    0xB7, 0x5C, 0x55, 0x54, 0x50, 0x3B, 0xCE, 0x32, 0x83, 0x00, 0x00, 0x00,
    0xFF, 0x7F, 0x00, 0x00, 0x00, 0x00, 0x00, 0x00, 0x00, 0x00, 0x00, 0x00,
    0x00, 0x00, 0x00, 0x00, 0x00, 0x00, 0x00, 0x00, 0x00, 0x00, 0x00, 0x00,
    0x00, 0x00, 0x00, 0x00, 0x00, 0x00, 0x00, 0x00, 0x00, 0x00, 0x00, 0x00,
    0x00, 0x00, 0x00, 0x00, 0x00, 0x00, 0x00, 0x00, 0x00, 0x00, 0x00, 0x00,
    0x00, 0x00, 0x00, 0x00, 0x00, 0x00, 0x00, 0x00, 0x00, 0x00, 0x00, 0x00,
    0x00, 0x00, 0x00, 0x00, 0x00, 0x00, 0x00, 0x00, 0x00, 0x00, 0x00, 0x00,
    0x00, 0x00, 0x00, 0x00, 0x00, 0x00, 0x00, 0x00, 0x00, 0x00, 0x00, 0x00,
    0x00, 0x00, 0x00, 0x00, 0x00, 0x00, 0x00, 0x00, 0x00, 0x00, 0x00, 0x00,
    0x00, 0x00, 0x00, 0x00, 0x00, 0x00, 0x00, 0x00, 0x00, 0x00, 0x00, 0x00,
    0x00, 0x00, 0x00, 0x02, 0x00, 0x8C, 0xB8, 0x02, 0x02, 0x00, 0x00, 0x00,
    0x00, 0x00, 0x00, 0x00, 0x00, 0x00, 0x00, 0x00, 0x00, 0x00, 0x00, 0x00,
    0x00, 0x00, 0x00, 0x00, 0x00, 0x00, 0x02, 0x01, 0x19, 0xF3, 0xFF, 0x4A,
    0x00, 0x03, 0x00, 0x00, 0x00, 0x00, 0x00, 0x00, 0x00, 0x00, 0x00, 0x00,
    0x00, 0x00, 0x00, 0x00, 0x00, 0x00, 0x00, 0x00, 0x00, 0x00, 0x03, 0x00,
    0xA1, 0xFF, 0xFF, 0xCD, 0x05, 0x02, 0x01, 0x00, 0x00, 0x00, 0x00, 0x00,
    0x00, 0x00, 0x00, 0x00, 0x00, 0x00, 0x00, 0x00, 0x00, 0x00, 0x00, 0x00,
    0x00, 0x02, 0x01, 0x32, 0xFA, 0xC6, 0x95, 0xFF, 0x67, 0x00, 0x03, 0x00,
    0x00, 0x00, 0x00, 0x00, 0x00, 0x00, 0x00, 0x00, 0x00, 0x00, 0x00, 0x00,
    0x00, 0x00, 0x00, 0x00, 0x00, 0x03, 0x00, 0xC0, 0xFF, 0x4C, 0x0B, 0xF7,
    0xEC, 0x16, 0x01, 0x02, 0x00, 0x00, 0x00, 0x00, 0x00, 0x00, 0x00, 0x00,
    0x00, 0x00, 0x00, 0x00, 0x00, 0x00, 0x00, 0x00, 0x03, 0x00, 0x4F, 0xFF,
    0xBD, 0x04, 0x00, 0x88, 0xFF, 0x95, 0x00, 0x04, 0x00, 0x00, 0x00, 0x00,
    0x00, 0x00, 0x00, 0x00, 0x00, 0x00, 0x00, 0x00, 0x00, 0x00, 0x00, 0x01,
    0x02, 0x0F, 0xDF, 0xF7, 0x2E, 0x00, 0x02, 0x10, 0xDD, 0xFC, 0x43, 0x00,
    0x03, 0x00, 0x00, 0x00, 0x00, 0x00, 0x00, 0x00, 0x00, 0x00, 0x00, 0x00,
    0x00, 0x00, 0x00, 0x04, 0x00, 0xA3, 0xFF, 0x9C, 0x00, 0x03, 0x03, 0x00,
    0x51, 0xFF, 0xE0, 0x14, 0x02, 0x02, 0x00, 0x00, 0x00, 0x00, 0x00, 0x00,
    0x00, 0x00, 0x00, 0x00, 0x00, 0x00, 0x03, 0x00, 0x5B, 0xFF, 0xE5, 0x15,
    0x02, 0x01, 0x00, 0x03, 0x02, 0xBD, 0xFF, 0xA1, 0x00, 0x03, 0x00, 0x00,
    0x00, 0x00, 0x00, 0x00, 0x00, 0x00, 0x00, 0x00, 0x00, 0x02, 0x01, 0x1B,
    0xEA, 0xFF, 0x54, 0x00, 0x03, 0x00, 0x00, 0x02, 0x00, 0x2E, 0xF1, 0xFF,
    0x50, 0x00, 0x03, 0x00, 0x00, 0x00, 0x00, 0x00, 0x00, 0x00, 0x00, 0x00,
    0x00, 0x04, 0x00, 0xAE, 0xFF, 0xAB, 0x00, 0x03, 0x00, 0x00, 0x00, 0x00,
    0x04, 0x00, 0x6C, 0xFF, 0xE1, 0x12, 0x02, 0x02, 0x00, 0x00, 0x00, 0x00,
    0x00, 0x00, 0x00, 0x00, 0x04, 0x00, 0x6A, 0xFF, 0xE5, 0x16, 0x01, 0x01,
    0x00, 0x00, 0x00, 0x00, 0x01, 0x04, 0x09, 0xCE, 0xFF, 0xA2, 0x00, 0x02,
    0x00, 0x00, 0x00, 0x00, 0x00, 0x00, 0x00, 0x00, 0x01, 0x35, 0xF8, 0xFD,
    0x4B, 0x00, 0x03, 0x00, 0x00, 0x00, 0x00, 0x00, 0x00, 0x03, 0x00, 0x3C,
    0xF8, 0xFE, 0x45, 0x00, 0x00, 0x00, 0x00, 0x00, 0x00, 0x00, 0x00, 0x00,
    0x00, 0xB8, 0xFF, 0x90, 0x00, 0x04, 0x00, 0x00, 0x00, 0x00, 0x00, 0x00,
    0x00, 0x00, 0x05, 0x00, 0x76, 0xFF, 0xCA, 0x0A, 0x00, 0x00, 0x00, 0x00,
    0x00, 0x00, 0x00, 0x00, 0x24, 0xF6, 0xEC, 0x11, 0x01, 0x01, 0x00, 0x00,
    0x00, 0x00, 0x00, 0x00, 0x00, 0x00, 0x01, 0x02, 0x02, 0xD6, 0xFF, 0x3B,
    0x00, 0x00, 0x00, 0x00, 0x00, 0x00, 0x00, 0x00, 0x96, 0xFF, 0xA1, 0x00,
    0x03, 0x00, 0x00, 0x00, 0x00, 0x00, 0x00, 0x00, 0x00, 0x00, 0x00, 0x06,
    0x00, 0x78, 0xFF, 0x71, 0x00, 0x00, 0x00, 0x00, 0x00, 0x00, 0x00, 0x00,
    0xC2, 0xFE, 0x3F, 0x01, 0x03, 0x00, 0x00, 0x00, 0x00, 0x00, 0x00, 0x00,
    0x00, 0x00, 0x00, 0x00, 0x01, 0x34, 0xFE, 0xE9, 0x00, 0x00, 0x00, 0x00,
    0x00, 0x00, 0x00, 0x00, 0xBC, 0xFF, 0x18, 0x00, 0x01, 0x00, 0x00, 0x00,
    0x00, 0x00, 0x00, 0x00, 0x00, 0x00, 0x0D, 0x2A, 0x00, 0x12, 0xF3, 0xFF,
    0x00, 0x00, 0x00, 0x00, 0x00, 0x00, 0x00, 0x00, 0xC6, 0xFF, 0x13, 0x00,
    0x01, 0x00, 0x00, 0x00, 0x00, 0x00, 0x00, 0x00, 0x04, 0x01, 0x4A, 0xFA,
    0x4E, 0x01, 0xE3, 0xFD, 0x00, 0x00, 0x00, 0x00, 0x00, 0x00, 0x00, 0x00,
    0xC4, 0xFF, 0x16, 0x00, 0x01, 0x00, 0x00, 0x00, 0x00, 0x00, 0x00, 0x00,
    0x05, 0x00, 0x61, 0xFF, 0x78, 0x00, 0xF0, 0xFF, 0x00, 0x00, 0x00, 0x00,
    0x00, 0x00, 0x00, 0x00, 0xA7, 0xFE, 0x53, 0x00, 0x04, 0x00, 0x00, 0x00,
    0x00, 0x00, 0x00, 0x04, 0x00, 0x05, 0xCF, 0xFF, 0x36, 0x2B, 0xFF, 0xDD,
    0x00, 0x00, 0x00, 0x00, 0x00, 0x00, 0x00, 0x00, 0x59, 0xFF, 0xC3, 0x00,
    0x04, 0x01, 0x00, 0x00, 0x00, 0x00, 0x00, 0x00, 0x0A, 0x9E, 0xFF, 0xB2,
    0x00, 0x85, 0xFF, 0x6F, 0x00, 0x00, 0x00, 0x00, 0x00, 0x00, 0x00, 0x00,
    0x06, 0xD1, 0xFF, 0x65, 0x00, 0x06, 0x00, 0x00, 0x00, 0x01, 0x0C, 0x82,
    0xD9, 0xFF, 0xCF, 0x0E, 0x16, 0xEC, 0xED, 0x12, 0x00, 0x00, 0x00, 0x00,
    0x00, 0x00, 0x00, 0x00, 0x00, 0x52, 0xFF, 0xF2, 0x39, 0x00, 0x02, 0x04,
    0x04, 0x01, 0x3B, 0xFF, 0xFF, 0x9A, 0x07, 0x0A, 0xBD, 0xFF, 0x6B, 0x00,
    0x00, 0x00, 0x00, 0x00, 0x00, 0x00, 0x00, 0x00, 0x03, 0x00, 0x99, 0xFF,
    0xEC, 0x5D, 0x02, 0x00, 0x00, 0x00, 0x00, 0x4D, 0x24, 0x00, 0x2E, 0xC8,
    0xFF, 0x9C, 0x00, 0x03, 0x00, 0x00, 0x00, 0x00, 0x00, 0x00, 0x00, 0x00,
    0x01, 0x03, 0x03, 0x93, 0xFF, 0xFF, 0xC4, 0x63, 0x28, 0x0D, 0x14, 0x12,
    0x36, 0x92, 0xFC, 0xFF, 0xA0, 0x00, 0x02, 0x01, 0x00, 0x00, 0x00, 0x00,
    0x00, 0x00, 0x00, 0x00, 0x00, 0x01, 0x01, 0x00, 0x61, 0xE3, 0xFF, 0xFF,
    0xFA, 0xED, 0xF3, 0xFC, 0xFF, 0xFF, 0xEC, 0x65, 0x00, 0x02, 0x01, 0x00,
    0x00, 0x00, 0x00, 0x00, 0x00, 0x00, 0x00, 0x00, 0x00, 0x00, 0x01, 0x02,
    0x00, 0x19, 0x4E, 0xA5, 0xFE, 0xFF, 0xFF, 0xFF, 0xA9, 0x58, 0x1E, 0x00,
    0x02, 0x01, 0x00, 0x00, 0x00, 0x00, 0x00, 0x00, 0x00, 0x00, 0x00, 0x00,
    0x00, 0x00, 0x00, 0x00, 0x00, 0x00, 0x00, 0x00, 0x00, 0x00, 0x00, 0x00,
    0x00, 0x00, 0x00, 0x00, 0x00, 0x00, 0x00, 0x00, 0x00, 0x00, 0x00, 0x00,
};

const lv_image_dsc_t kMeasurementDensity = {
    {LV_IMAGE_HEADER_MAGIC, LV_COLOR_FORMAT_RGB565A8, 0, 28, 30, 56, 0},
    sizeof(kMeasurementDensityMap),
    kMeasurementDensityMap,
    nullptr,
    nullptr,
};

alignas(4) const std::uint8_t kMeasurementVolumeMap[] = {
    0x00, 0x00, 0x00, 0x00, 0x00, 0x00, 0x00, 0x00, 0x00, 0x00, 0x00, 0x00,
    0x00, 0x00, 0x00, 0x00, 0x00, 0x00, 0x00, 0x00, 0x00, 0x00, 0x00, 0x00,
    0x00, 0x00, 0x00, 0x00, 0x00, 0x00, 0x00, 0x00, 0x00, 0x00, 0x00, 0x00,
    0x00, 0x00, 0x00, 0x00, 0x00, 0x00, 0x00, 0x00, 0x00, 0x00, 0x00, 0x00,
    0x00, 0x00, 0x00, 0x00, 0x00, 0x00, 0x00, 0x00, 0x00, 0x00, 0x00, 0x00,
    0x00, 0x00, 0x00, 0x00, 0x00, 0x00, 0x00, 0x00, 0xA6, 0x00, 0x14, 0x44,
    0x75, 0x4C, 0x35, 0x4C, 0x35, 0x4C, 0x35, 0x4C, 0x35, 0x4C, 0x35, 0x4C,
    0x35, 0x4C, 0x35, 0x4C, 0x35, 0x4C, 0x55, 0x4C, 0x55, 0x4C, 0x76, 0x54,
    0x14, 0x4C, 0x02, 0x00, 0x00, 0x00, 0x00, 0x00, 0x00, 0x00, 0x00, 0x00,
    0x00, 0x00, 0x00, 0x00, 0x00, 0x00, 0x00, 0x00, 0x00, 0x00, 0x00, 0x00,
    0x00, 0x00, 0x69, 0x11, 0x76, 0x4C, 0xF8, 0x5C, 0x55, 0x4C, 0x55, 0x4C,
    0x55, 0x4C, 0x35, 0x4C, 0x35, 0x4C, 0x55, 0x4C, 0x55, 0x4C, 0x55, 0x4C,
    0x56, 0x4C, 0x56, 0x4C, 0x55, 0x44, 0x56, 0x4C, 0x19, 0x5D, 0x14, 0x44,
    0x00, 0x00, 0x00, 0x00, 0x00, 0x00, 0x00, 0x00, 0x00, 0x00, 0x00, 0x00,
    0x00, 0x00, 0x00, 0x00, 0x00, 0x00, 0x00, 0x00, 0x00, 0x00, 0x51, 0x33,
    0x7B, 0x5D, 0x0A, 0x22, 0x00, 0x00, 0x00, 0x00, 0x00, 0x00, 0x00, 0x00,
    0x00, 0x00, 0x00, 0x00, 0x00, 0x00, 0x00, 0x00, 0x00, 0x00, 0x00, 0x00,
    0x00, 0x00, 0x00, 0x00, 0x52, 0x33, 0x3A, 0x55, 0xA8, 0x11, 0x00, 0x00,
    0x00, 0x00, 0x00, 0x00, 0x00, 0x00, 0x00, 0x00, 0x00, 0x00, 0x00, 0x00,
    0x00, 0x00, 0x00, 0x00, 0x00, 0x00, 0x93, 0x3B, 0xD8, 0x4C, 0xE9, 0x19,
    0xFF, 0x7D, 0x96, 0x4C, 0xD9, 0x64, 0xD9, 0x64, 0xD9, 0x64, 0xF7, 0x3D,
    0xFF, 0x7F, 0xFF, 0x7F, 0xFF, 0xAF, 0xFF, 0xAF, 0xB6, 0x6D, 0xD9, 0x64,
    0x52, 0x33, 0x97, 0x44, 0x0B, 0x1A, 0x00, 0x00, 0x00, 0x00, 0x00, 0x00,
    0x00, 0x00, 0x00, 0x00, 0x00, 0x00, 0x00, 0x00, 0x00, 0x00, 0x00, 0x00,
    0x00, 0x00, 0x93, 0x3B, 0xF9, 0x54, 0x88, 0x11, 0x00, 0x00, 0x00, 0x00,
    0x00, 0x00, 0x00, 0x00, 0x00, 0x00, 0x00, 0x00, 0x00, 0x00, 0x00, 0x00,
    0x00, 0x00, 0x00, 0x00, 0x00, 0x00, 0x00, 0x00, 0x10, 0x33, 0x97, 0x44,
    0x2B, 0x1A, 0x00, 0x00, 0x00, 0x00, 0x00, 0x00, 0x00, 0x00, 0x00, 0x00,
    0x00, 0x00, 0x00, 0x00, 0x00, 0x00, 0x00, 0x00, 0x00, 0x00, 0x51, 0x33,
    0xBC, 0x65, 0xCE, 0x32, 0xEE, 0x32, 0xCE, 0x2A, 0xAE, 0x2A, 0xCE, 0x32,
    0xEF, 0x32, 0xAC, 0x2A, 0x00, 0x00, 0x4C, 0x22, 0xEF, 0x32, 0xCD, 0x32,
    0x8E, 0x32, 0x8D, 0x2A, 0x10, 0x33, 0x76, 0x44, 0x4B, 0x22, 0x00, 0x00,
    0x00, 0x00, 0x00, 0x00, 0x00, 0x00, 0x00, 0x00, 0x00, 0x00, 0x00, 0x00,
    0x00, 0x00, 0x00, 0x00, 0x00, 0x00, 0xA9, 0x19, 0xD8, 0x5C, 0x7B, 0x6D,
    0x97, 0x54, 0xF8, 0x5C, 0xF9, 0x5C, 0xD8, 0x54, 0x3A, 0x55, 0xB1, 0x3B,
    0x00, 0x00, 0x30, 0x33, 0xF8, 0x54, 0x76, 0x4C, 0x97, 0x4C, 0x56, 0x4C,
    0x1A, 0x5D, 0xF4, 0x3B, 0x00, 0x00, 0x00, 0x00, 0x00, 0x00, 0x00, 0x00,
    0x00, 0x00, 0x00, 0x00, 0x00, 0x00, 0x00, 0x00, 0x00, 0x00, 0x00, 0x00,
    0x00, 0x00, 0x00, 0x00, 0x56, 0x4C, 0xD8, 0x5C, 0xB3, 0x43, 0xD3, 0x43,
    0xD3, 0x43, 0x72, 0x3B, 0xB3, 0x3B, 0x2F, 0x33, 0x00, 0x00, 0xEF, 0x2A,
    0xD3, 0x3B, 0x31, 0x33, 0x72, 0x33, 0x10, 0x33, 0xF5, 0x3B, 0x55, 0x44,
    0x00, 0x00, 0x00, 0x00, 0x00, 0x00, 0x00, 0x00, 0x00, 0x00, 0x00, 0x00,
    0x00, 0x00, 0x00, 0x00, 0x00, 0x00, 0x00, 0x00, 0x00, 0x00, 0x1F, 0x00,
    0x76, 0x54, 0x76, 0x54, 0x00, 0x00, 0x00, 0x00, 0x00, 0x00, 0x00, 0x00,
    0x00, 0x00, 0x00, 0x00, 0x00, 0x00, 0x00, 0x00, 0x00, 0x00, 0x00, 0x00,
    0x00, 0x00, 0x00, 0x00, 0xB3, 0x33, 0x14, 0x3C, 0x00, 0x00, 0x00, 0x00,
    0x00, 0x00, 0x00, 0x00, 0x00, 0x00, 0x00, 0x00, 0x00, 0x00, 0x00, 0x00,
    0x00, 0x00, 0x00, 0x00, 0x00, 0x00, 0x00, 0x00, 0x76, 0x54, 0x96, 0x54,
    0xB5, 0x52, 0x00, 0x00, 0x00, 0x00, 0x00, 0x00, 0x55, 0x55, 0xAA, 0x52,
    0x00, 0x00, 0xEF, 0x03, 0x55, 0x55, 0xB5, 0x52, 0x72, 0x4B, 0xB5, 0x52,
    0xB3, 0x3B, 0x14, 0x44, 0x00, 0x00, 0x00, 0x00, 0x00, 0x00, 0x00, 0x00,
    0x00, 0x00, 0x00, 0x00, 0x00, 0x00, 0x00, 0x00, 0x00, 0x00, 0x00, 0x00,
    0x00, 0x00, 0x00, 0x00, 0x76, 0x4C, 0x96, 0x54, 0x00, 0x00, 0x72, 0x33,
    0xD9, 0x4C, 0x51, 0x33, 0x00, 0x00, 0xFF, 0x7B, 0x00, 0x00, 0x00, 0x00,
    0x00, 0x00, 0x00, 0x00, 0xEF, 0x3B, 0x00, 0x00, 0xB3, 0x3B, 0x34, 0x44,
    0x00, 0x00, 0x00, 0x00, 0x00, 0x00, 0x00, 0x00, 0x00, 0x00, 0x00, 0x00,
    0x00, 0x00, 0x00, 0x00, 0x00, 0x00, 0x00, 0x00, 0x00, 0x00, 0x00, 0x00,
    0x76, 0x4C, 0x96, 0x54, 0x00, 0x00, 0x72, 0x33, 0x57, 0x3C, 0x30, 0x2B,
    0x00, 0x00, 0xB5, 0x02, 0x00, 0x00, 0x00, 0x00, 0x00, 0x00, 0x00, 0x00,
    0xEF, 0x3B, 0x00, 0x00, 0xD3, 0x43, 0x35, 0x44, 0x00, 0x00, 0x00, 0x00,
    0x00, 0x00, 0x00, 0x00, 0x00, 0x00, 0x00, 0x00, 0x00, 0x00, 0x00, 0x00,
    0x00, 0x00, 0x00, 0x00, 0x00, 0x00, 0x00, 0x00, 0x75, 0x4C, 0x96, 0x4C,
    0x00, 0x00, 0xE6, 0x00, 0x00, 0x00, 0x00, 0x00, 0x00, 0x00, 0x00, 0x00,
    0x00, 0x00, 0x00, 0x00, 0x00, 0x00, 0x00, 0x00, 0xEF, 0x3B, 0x00, 0x00,
    0xB3, 0x3B, 0x35, 0x44, 0x00, 0x00, 0x00, 0x00, 0x00, 0x00, 0x00, 0x00,
    0x00, 0x00, 0x00, 0x00, 0x00, 0x00, 0x00, 0x00, 0x00, 0x00, 0x00, 0x00,
    0x00, 0x00, 0x00, 0x00, 0x55, 0x4C, 0x55, 0x4C, 0x00, 0x00, 0xCA, 0x11,
    0x2C, 0x12, 0x00, 0x00, 0x1F, 0x00, 0x00, 0x00, 0x00, 0x00, 0x00, 0x00,
    0x00, 0x00, 0x00, 0x00, 0xEF, 0x3B, 0x00, 0x00, 0xB3, 0x3B, 0x35, 0x44,
    0x00, 0x00, 0x00, 0x00, 0x00, 0x00, 0x00, 0x00, 0x00, 0x00, 0x00, 0x00,
    0x00, 0x00, 0x00, 0x00, 0x00, 0x00, 0x00, 0x00, 0x00, 0x00, 0x00, 0x00,
    0x55, 0x4C, 0x55, 0x4C, 0x00, 0x00, 0x00, 0x00, 0x00, 0x00, 0x00, 0x00,
    0x00, 0x00, 0x00, 0x00, 0x00, 0x00, 0x00, 0x00, 0x00, 0x00, 0x00, 0x00,
    0xEF, 0x3B, 0x00, 0x00, 0x92, 0x3B, 0x35, 0x44, 0x00, 0x00, 0x00, 0x00,
    0x00, 0x00, 0x00, 0x00, 0x00, 0x00, 0x00, 0x00, 0x00, 0x00, 0x00, 0x00,
    0x00, 0x00, 0x00, 0x00, 0x00, 0x00, 0x00, 0x00, 0x55, 0x4C, 0x55, 0x4C,
    0x00, 0x00, 0x31, 0x23, 0x93, 0x23, 0xD4, 0x2B, 0x4C, 0x12, 0x00, 0x00,
    0xE7, 0x01, 0x00, 0x00, 0x00, 0x00, 0x00, 0x00, 0xEF, 0x3B, 0x00, 0x00,
    0x92, 0x3B, 0x55, 0x44, 0x00, 0x00, 0x00, 0x00, 0x00, 0x00, 0x00, 0x00,
    0x00, 0x00, 0x00, 0x00, 0x00, 0x00, 0x00, 0x00, 0x00, 0x00, 0x00, 0x00,
    0x00, 0x00, 0x00, 0x00, 0x35, 0x4C, 0x35, 0x4C, 0x00, 0x00, 0x51, 0x23,
    0x93, 0x23, 0x93, 0x23, 0x4C, 0x1A, 0x00, 0x00, 0xEF, 0x03, 0x00, 0x00,
    0x00, 0x00, 0x00, 0x00, 0xF7, 0x3B, 0x00, 0x00, 0xB2, 0x3B, 0x55, 0x44,
    0x00, 0x00, 0x00, 0x00, 0x00, 0x00, 0x00, 0x00, 0x00, 0x00, 0x00, 0x00,
    0x00, 0x00, 0x00, 0x00, 0x00, 0x00, 0x00, 0x00, 0x00, 0x00, 0x00, 0x00,
    0x55, 0x4C, 0x35, 0x44, 0x00, 0x00, 0x01, 0x08, 0x00, 0x00, 0x00, 0x00,
    0x00, 0x00, 0x00, 0x00, 0x00, 0x00, 0x00, 0x00, 0x00, 0x00, 0x00, 0x00,
    0xF7, 0x3B, 0x00, 0x00, 0xB3, 0x43, 0x76, 0x44, 0x00, 0x00, 0x00, 0x00,
    0x00, 0x00, 0x00, 0x00, 0x00, 0x00, 0x00, 0x00, 0x00, 0x00, 0x00, 0x00,
    0x00, 0x00, 0x00, 0x00, 0x00, 0x00, 0x00, 0x00, 0x55, 0x4C, 0x15, 0x44,
    0x00, 0x00, 0xEB, 0x11, 0xEC, 0x11, 0xCA, 0x09, 0x0F, 0x00, 0x00, 0x00,
    0x00, 0x00, 0x00, 0x00, 0x00, 0x00, 0x00, 0x00, 0xF7, 0x3B, 0x00, 0x00,
    0xD3, 0x43, 0x76, 0x4C, 0x00, 0x00, 0x00, 0x00, 0x00, 0x00, 0x00, 0x00,
    0x00, 0x00, 0x00, 0x00, 0x00, 0x00, 0x00, 0x00, 0x00, 0x00, 0x00, 0x00,
    0x00, 0x00, 0x00, 0x00, 0x35, 0x4C, 0x35, 0x44, 0x00, 0x00, 0x73, 0x2B,
    0xFC, 0x3C, 0x11, 0x23, 0x00, 0x00, 0x55, 0x55, 0x00, 0x00, 0x00, 0x00,
    0x00, 0x00, 0x00, 0x00, 0xF7, 0x3B, 0x00, 0x00, 0xF3, 0x43, 0x96, 0x4C,
    0x00, 0x00, 0x00, 0x00, 0x00, 0x00, 0x00, 0x00, 0x00, 0x00, 0x00, 0x00,
    0x00, 0x00, 0x00, 0x00, 0x00, 0x00, 0x00, 0x00, 0x00, 0x00, 0x00, 0x00,
    0x55, 0x4C, 0x36, 0x44, 0x00, 0x00, 0x52, 0x2B, 0x37, 0x34, 0x8E, 0x22,
    0x00, 0x00, 0xEF, 0x03, 0x00, 0x00, 0x00, 0x00, 0x0F, 0x00, 0xEF, 0x03,
    0x33, 0x33, 0x00, 0x00, 0x14, 0x4C, 0x96, 0x4C, 0x00, 0x00, 0x00, 0x00,
    0x00, 0x00, 0x00, 0x00, 0x00, 0x00, 0x00, 0x00, 0x00, 0x00, 0x00, 0x00,
    0x00, 0x00, 0x00, 0x00, 0x00, 0x00, 0x00, 0x00, 0x56, 0x4C, 0x56, 0x44,
    0x00, 0x00, 0x00, 0x00, 0x00, 0x00, 0x00, 0x00, 0x00, 0x00, 0x00, 0x00,
    0x00, 0x00, 0x00, 0x00, 0x00, 0x00, 0x00, 0x00, 0xFF, 0x7F, 0x00, 0x00,
    0xF3, 0x4B, 0xB7, 0x54, 0x82, 0x00, 0x00, 0x00, 0x00, 0x00, 0x00, 0x00,
    0x00, 0x00, 0x00, 0x00, 0x00, 0x00, 0x00, 0x00, 0x00, 0x00, 0x00, 0x00,
    0x00, 0x00, 0x00, 0x00, 0x35, 0x4C, 0x56, 0x44, 0x00, 0x00, 0xAD, 0x22,
    0x6D, 0x1A, 0x48, 0x09, 0x00, 0x00, 0x00, 0x00, 0x00, 0x00, 0x0F, 0x00,
    0xAA, 0x11, 0x48, 0x11, 0x00, 0x00, 0x00, 0x00, 0x14, 0x4C, 0x96, 0x54,
    0x00, 0x00, 0x00, 0x00, 0x00, 0x00, 0x00, 0x00, 0x00, 0x00, 0x00, 0x00,
    0x00, 0x00, 0x00, 0x00, 0x00, 0x00, 0x00, 0x00, 0x00, 0x00, 0xA3, 0x08,
    0x97, 0x4C, 0xF5, 0x3B, 0x00, 0x00, 0x35, 0x3C, 0xD9, 0x44, 0x98, 0x3C,
    0x10, 0x2B, 0x00, 0x00, 0x00, 0x00, 0x6A, 0x09, 0x94, 0x2B, 0x78, 0x34,
    0x31, 0x23, 0x00, 0x00, 0x92, 0x3B, 0x3A, 0x5D, 0x2C, 0x22, 0x00, 0x00,
    0x00, 0x00, 0x00, 0x00, 0x00, 0x00, 0x00, 0x00, 0x00, 0x00, 0x00, 0x00,
    0x00, 0x00, 0x00, 0x00, 0x00, 0x00, 0x72, 0x3B, 0xF9, 0x54, 0x6D, 0x22,
    0x33, 0x33, 0x30, 0x2B, 0x51, 0x2B, 0x72, 0x2B, 0xCF, 0x2A, 0xF7, 0x3B,
    0x33, 0x33, 0x2B, 0x12, 0xAE, 0x1A, 0x31, 0x1B, 0xAF, 0x1A, 0xEF, 0x1A,
    0xEA, 0x11, 0x76, 0x44, 0x76, 0x44, 0x00, 0x00, 0x00, 0x00, 0x00, 0x00,
    0x00, 0x00, 0x00, 0x00, 0x00, 0x00, 0x00, 0x00, 0x00, 0x00, 0x00, 0x00,
    0x00, 0x00, 0xF5, 0x3B, 0x14, 0x3C, 0x00, 0x00, 0x00, 0x00, 0x00, 0x00,
    0x00, 0x00, 0x00, 0x00, 0x00, 0x00, 0x00, 0x00, 0x00, 0x00, 0x00, 0x00,
    0x00, 0x00, 0x00, 0x00, 0x00, 0x00, 0x00, 0x00, 0x00, 0x00, 0x51, 0x2B,
    0xD8, 0x44, 0x00, 0x00, 0x00, 0x00, 0x00, 0x00, 0x00, 0x00, 0x00, 0x00,
    0x00, 0x00, 0x00, 0x00, 0x00, 0x00, 0x00, 0x00, 0x00, 0x00, 0x52, 0x2B,
    0xD8, 0x4C, 0x14, 0x3C, 0xD4, 0x3B, 0xF4, 0x3B, 0xF5, 0x3B, 0x15, 0x3C,
    0x15, 0x3C, 0xF5, 0x3B, 0xF5, 0x3B, 0xF5, 0x3B, 0x15, 0x3C, 0x36, 0x3C,
    0x15, 0x34, 0xF5, 0x3B, 0xF4, 0x3B, 0xD8, 0x4C, 0xB2, 0x33, 0x00, 0x00,
    0x00, 0x00, 0x00, 0x00, 0x00, 0x00, 0x00, 0x00, 0x00, 0x00, 0x00, 0x00,
    0x00, 0x00, 0x00, 0x00, 0x00, 0x00, 0x00, 0x00, 0x93, 0x33, 0xD8, 0x44,
    0x56, 0x44, 0x56, 0x44, 0x56, 0x44, 0x56, 0x44, 0x36, 0x3C, 0x36, 0x3C,
    0x36, 0x3C, 0x36, 0x3C, 0x57, 0x3C, 0x77, 0x3C, 0x77, 0x3C, 0x77, 0x44,
    0xD9, 0x44, 0xD3, 0x33, 0x00, 0x00, 0x00, 0x00, 0x00, 0x00, 0x00, 0x00,
    0x00, 0x00, 0x00, 0x00, 0x00, 0x00, 0x00, 0x00, 0x00, 0x00, 0x00, 0x00,
    0x00, 0x00, 0x00, 0x00, 0x00, 0x00, 0x00, 0x00, 0x00, 0x00, 0x00, 0x00,
    0x00, 0x00, 0x00, 0x00, 0x00, 0x00, 0x00, 0x00, 0x00, 0x00, 0x00, 0x00,
    0x00, 0x00, 0x00, 0x00, 0x00, 0x00, 0x00, 0x00, 0x00, 0x00, 0x00, 0x00,
    0x00, 0x00, 0x00, 0x00, 0x00, 0x00, 0x00, 0x00, 0x00, 0x00, 0x00, 0x00,
    0x00, 0x00, 0x00, 0x00, 0x00, 0x00, 0x00, 0x00, 0x00, 0x00, 0x00, 0x00,
    0x00, 0x00, 0x00, 0x00, 0x00, 0x00, 0x00, 0x00, 0x00, 0x00, 0x00, 0x00,
    0x00, 0x00, 0x00, 0x00, 0x00, 0x00, 0x00, 0x00, 0x00, 0x00, 0x25, 0xB4,
    0xCC, 0xC8, 0xCB, 0xCF, 0xD2, 0xD4, 0xD6, 0xD8, 0xDA, 0xDB, 0xDB, 0xDF,
    0xAF, 0x16, 0x00, 0x00, 0x00, 0x00, 0x00, 0x00, 0x00, 0x00, 0x00, 0x00,
    0x00, 0x21, 0xDA, 0xFF, 0xC9, 0xC9, 0xC6, 0xC5, 0xC5, 0xC6, 0xC9, 0xCE,
    0xD2, 0xD2, 0xD0, 0xC3, 0xFD, 0xC4, 0x08, 0x00, 0x00, 0x00, 0x00, 0x00,
    0x00, 0x00, 0x00, 0x00, 0x00, 0x7A, 0xFF, 0x4A, 0x00, 0x00, 0x00, 0x00,
    0x00, 0x00, 0x00, 0x00, 0x00, 0x00, 0x00, 0x00, 0x71, 0xFF, 0x2E, 0x00,
    0x00, 0x00, 0x00, 0x00, 0x00, 0x00, 0x00, 0x00, 0x00, 0x7A, 0xFD, 0x1C,
    0x04, 0x07, 0x05, 0x05, 0x05, 0x04, 0x02, 0x02, 0x03, 0x03, 0x07, 0x05,
    0x5F, 0xFD, 0x2E, 0x00, 0x00, 0x00, 0x00, 0x00, 0x00, 0x00, 0x00, 0x00,
    0x00, 0x76, 0xFE, 0x1E, 0x00, 0x00, 0x00, 0x00, 0x00, 0x00, 0x00, 0x00,
    0x00, 0x00, 0x00, 0x00, 0x5A, 0xFF, 0x2F, 0x00, 0x00, 0x00, 0x00, 0x00,
    0x00, 0x00, 0x00, 0x00, 0x00, 0x77, 0xFF, 0x73, 0x26, 0x31, 0x32, 0x34,
    0x34, 0x20, 0x00, 0x15, 0x28, 0x2A, 0x34, 0x32, 0x87, 0xFD, 0x2E, 0x00,
    0x00, 0x00, 0x00, 0x00, 0x00, 0x00, 0x00, 0x00, 0x00, 0x2E, 0xF0, 0xFF,
    0xFF, 0xFF, 0xFF, 0xFF, 0xFF, 0xE0, 0x01, 0xC5, 0xFF, 0xFF, 0xFF, 0xFF,
    0xFF, 0xE5, 0x0E, 0x00, 0x00, 0x00, 0x00, 0x00, 0x00, 0x00, 0x00, 0x00,
    0x00, 0x00, 0xD3, 0xDA, 0x44, 0x4B, 0x49, 0x4C, 0x49, 0x33, 0x00, 0x2F,
    0x48, 0x4F, 0x4B, 0x42, 0x9C, 0xF3, 0x09, 0x00, 0x00, 0x00, 0x00, 0x00,
    0x00, 0x00, 0x00, 0x00, 0x00, 0x01, 0xDA, 0xC9, 0x00, 0x00, 0x00, 0x00,
    0x00, 0x00, 0x00, 0x00, 0x00, 0x00, 0x00, 0x00, 0x67, 0xFC, 0x09, 0x00,
    0x00, 0x00, 0x00, 0x00, 0x00, 0x00, 0x00, 0x00, 0x00, 0x00, 0xD9, 0xCA,
    0x03, 0x05, 0x10, 0x08, 0x03, 0x03, 0x00, 0x02, 0x03, 0x03, 0x07, 0x03,
    0x70, 0xFA, 0x09, 0x00, 0x00, 0x00, 0x00, 0x00, 0x00, 0x00, 0x00, 0x00,
    0x00, 0x00, 0xD8, 0xC3, 0x03, 0xCD, 0xF9, 0xBB, 0x00, 0x02, 0x00, 0x00,
    0x00, 0x00, 0x04, 0x00, 0x6D, 0xFA, 0x09, 0x00, 0x00, 0x00, 0x00, 0x00,
    0x00, 0x00, 0x00, 0x00, 0x00, 0x00, 0xD4, 0xC3, 0x03, 0xA7, 0xCC, 0x87,
    0x00, 0x03, 0x00, 0x00, 0x00, 0x00, 0x04, 0x00, 0x6E, 0xFA, 0x09, 0x00,
    0x00, 0x00, 0x00, 0x00, 0x00, 0x00, 0x00, 0x00, 0x00, 0x00, 0xD1, 0xC6,
    0x00, 0x4A, 0x16, 0x00, 0x01, 0x00, 0x00, 0x00, 0x00, 0x00, 0x04, 0x00,
    0x70, 0xFA, 0x09, 0x00, 0x00, 0x00, 0x00, 0x00, 0x00, 0x00, 0x00, 0x00,
    0x00, 0x00, 0xCE, 0xCD, 0x00, 0x70, 0x29, 0x00, 0x01, 0x00, 0x00, 0x00,
    0x00, 0x00, 0x04, 0x00, 0x71, 0xFA, 0x09, 0x00, 0x00, 0x00, 0x00, 0x00,
    0x00, 0x00, 0x00, 0x00, 0x00, 0x00, 0xCB, 0xCF, 0x00, 0x05, 0x09, 0x0A,
    0x00, 0x00, 0x00, 0x00, 0x00, 0x00, 0x04, 0x00, 0x75, 0xFA, 0x09, 0x00,
    0x00, 0x00, 0x00, 0x00, 0x00, 0x00, 0x00, 0x00, 0x00, 0x00, 0xC7, 0xD2,
    0x00, 0xB7, 0xE1, 0xEE, 0x5F, 0x00, 0x04, 0x00, 0x00, 0x00, 0x04, 0x00,
    0x77, 0xFA, 0x0B, 0x00, 0x00, 0x00, 0x00, 0x00, 0x00, 0x00, 0x00, 0x00,
    0x00, 0x00, 0xC6, 0xD7, 0x00, 0xCC, 0xFC, 0xC0, 0x31, 0x01, 0x02, 0x00,
    0x00, 0x00, 0x04, 0x00, 0x78, 0xFA, 0x0B, 0x00, 0x00, 0x00, 0x00, 0x00,
    0x00, 0x00, 0x00, 0x00, 0x00, 0x00, 0xC8, 0xD6, 0x00, 0x12, 0x12, 0x00,
    0x00, 0x00, 0x00, 0x00, 0x00, 0x00, 0x04, 0x00, 0x78, 0xFA, 0x0B, 0x00,
    0x00, 0x00, 0x00, 0x00, 0x00, 0x00, 0x00, 0x00, 0x00, 0x00, 0xCC, 0xD1,
    0x00, 0x58, 0x70, 0x23, 0x02, 0x01, 0x00, 0x00, 0x00, 0x00, 0x04, 0x00,
    0x78, 0xFA, 0x09, 0x00, 0x00, 0x00, 0x00, 0x00, 0x00, 0x00, 0x00, 0x00,
    0x00, 0x00, 0xD2, 0xCD, 0x0E, 0xFF, 0xFF, 0xC6, 0x00, 0x03, 0x00, 0x00,
    0x00, 0x00, 0x04, 0x00, 0x78, 0xFA, 0x09, 0x00, 0x00, 0x00, 0x00, 0x00,
    0x00, 0x00, 0x00, 0x00, 0x00, 0x00, 0xD6, 0xD2, 0x05, 0x9B, 0xBB, 0x72,
    0x00, 0x02, 0x00, 0x00, 0x02, 0x02, 0x05, 0x00, 0x79, 0xFA, 0x0B, 0x00,
    0x00, 0x00, 0x00, 0x00, 0x00, 0x00, 0x00, 0x00, 0x00, 0x01, 0xD9, 0xD6,
    0x00, 0x00, 0x00, 0x00, 0x00, 0x00, 0x00, 0x00, 0x00, 0x00, 0x02, 0x00,
    0x7B, 0xFB, 0x0E, 0x00, 0x00, 0x00, 0x00, 0x00, 0x00, 0x00, 0x00, 0x00,
    0x00, 0x00, 0xD4, 0xD3, 0x00, 0x33, 0x39, 0x2B, 0x04, 0x00, 0x00, 0x02,
    0x20, 0x25, 0x07, 0x00, 0x7F, 0xF9, 0x02, 0x00, 0x00, 0x00, 0x00, 0x00,
    0x00, 0x00, 0x00, 0x00, 0x00, 0x18, 0xF2, 0xB9, 0x0A, 0xFF, 0xFF, 0xFF,
    0x70, 0x00, 0x00, 0x30, 0xFD, 0xFF, 0xD3, 0x02, 0x82, 0xFF, 0x40, 0x00,
    0x00, 0x00, 0x00, 0x00, 0x00, 0x00, 0x00, 0x00, 0x00, 0x9A, 0xFE, 0x48,
    0x05, 0x65, 0x73, 0x7F, 0x38, 0x04, 0x05, 0x0B, 0x49, 0x6C, 0x69, 0x08,
    0x1D, 0xD6, 0xDE, 0x00, 0x00, 0x00, 0x00, 0x00, 0x00, 0x00, 0x00, 0x00,
    0x00, 0xEB, 0xCD, 0x00, 0x00, 0x00, 0x00, 0x00, 0x00, 0x00, 0x00, 0x00,
    0x00, 0x00, 0x00, 0x00, 0x00, 0x9E, 0xFF, 0x00, 0x00, 0x00, 0x00, 0x00,
    0x00, 0x00, 0x00, 0x00, 0x00, 0x91, 0xFE, 0x7E, 0x64, 0x68, 0x68, 0x68,
    0x65, 0x64, 0x64, 0x64, 0x67, 0x6A, 0x6E, 0x6A, 0x8B, 0xFF, 0x98, 0x00,
    0x00, 0x00, 0x00, 0x00, 0x00, 0x00, 0x00, 0x00, 0x00, 0x06, 0xB1, 0xFF,
    0xFF, 0xFF, 0xFF, 0xFF, 0xFF, 0xFF, 0xFF, 0xFF, 0xFF, 0xFF, 0xFF, 0xFF,
    0xFF, 0xAA, 0x06, 0x00, 0x00, 0x00, 0x00, 0x00, 0x00, 0x00, 0x00, 0x00,
    0x00, 0x00, 0x00, 0x00, 0x00, 0x00, 0x00, 0x00, 0x00, 0x00, 0x00, 0x00,
    0x00, 0x00, 0x00, 0x00, 0x00, 0x00, 0x00, 0x00, 0x00, 0x00, 0x00, 0x00,
};

const lv_image_dsc_t kMeasurementVolume = {
    {LV_IMAGE_HEADER_MAGIC, LV_COLOR_FORMAT_RGB565A8, 0, 28, 30, 56, 0},
    sizeof(kMeasurementVolumeMap),
    kMeasurementVolumeMap,
    nullptr,
    nullptr,
};

alignas(4) const std::uint8_t kMeasurementWeightMap[] = {
    0x00, 0x00, 0x00, 0x00, 0x00, 0x00, 0x00, 0x00, 0x00, 0x00, 0x00, 0x00,
    0x00, 0x00, 0x00, 0x00, 0x00, 0x00, 0x00, 0x00, 0x00, 0x00, 0x00, 0x00,
    0x00, 0x00, 0x00, 0x00, 0x00, 0x00, 0x00, 0x00, 0x00, 0x00, 0x00, 0x00,
    0x00, 0x00, 0x00, 0x00, 0x00, 0x00, 0x00, 0x00, 0x00, 0x00, 0x00, 0x00,
    0x00, 0x00, 0x00, 0x00, 0x00, 0x00, 0x00, 0x00, 0x00, 0x00, 0x00, 0x00,
    0x0D, 0x53, 0x14, 0x95, 0x35, 0x9D, 0x14, 0x9D, 0x15, 0x9D, 0x14, 0x9D,
    0xF4, 0x94, 0x14, 0x9D, 0xF4, 0x9C, 0xF4, 0x94, 0xF4, 0x94, 0xF4, 0x94,
    0xD4, 0x94, 0xD4, 0x94, 0xD4, 0x94, 0xD4, 0x94, 0xD4, 0x94, 0xD4, 0x94,
    0xD4, 0x94, 0xD4, 0x94, 0xF4, 0x94, 0xF4, 0x94, 0xB3, 0x94, 0x8B, 0x4A,
    0x00, 0x00, 0x00, 0x00, 0x00, 0x00, 0x00, 0x00, 0x15, 0x95, 0x5B, 0xBE,
    0x93, 0x84, 0xF4, 0x8C, 0x15, 0x95, 0x15, 0x95, 0x15, 0x95, 0x15, 0x95,
    0xF5, 0x94, 0xD4, 0x94, 0xD4, 0x8C, 0xB3, 0x8C, 0xB3, 0x8C, 0xB3, 0x8C,
    0xB3, 0x8C, 0xD4, 0x8C, 0xD4, 0x94, 0xD4, 0x8C, 0xB3, 0x8C, 0xB4, 0x8C,
    0xB3, 0x8C, 0x73, 0x84, 0xBC, 0xCE, 0x31, 0x74, 0x00, 0x00, 0x00, 0x00,
    0x00, 0x00, 0x00, 0x00, 0x73, 0x7C, 0xF9, 0xAD, 0x09, 0x32, 0x00, 0x00,
    0x00, 0x00, 0x00, 0x00, 0x00, 0x00, 0x00, 0x00, 0x00, 0x00, 0x00, 0x00,
    0x00, 0x00, 0x00, 0x00, 0x00, 0x00, 0x00, 0x00, 0x00, 0x00, 0x00, 0x00,
    0x00, 0x00, 0x00, 0x00, 0x00, 0x00, 0x00, 0x00, 0x00, 0x00, 0xED, 0x4A,
    0x1A, 0xAE, 0x8F, 0x5B, 0x00, 0x00, 0x00, 0x00, 0x00, 0x00, 0x00, 0x00,
    0xA3, 0x00, 0x15, 0x95, 0x5A, 0xBE, 0x11, 0x74, 0x0D, 0x5B, 0x2D, 0x5B,
    0x2D, 0x5B, 0x4D, 0x5B, 0x4D, 0x5B, 0x4E, 0x5B, 0x2D, 0x5B, 0x2D, 0x63,
    0x2D, 0x63, 0x2D, 0x5B, 0x2D, 0x5B, 0xED, 0x5A, 0xEC, 0x52, 0xCC, 0x4A,
    0xAB, 0x4A, 0x6B, 0x42, 0xD0, 0x6B, 0x5A, 0xB6, 0x93, 0x7C, 0x00, 0x00,
    0x00, 0x00, 0x00, 0x00, 0x00, 0x00, 0x00, 0x00, 0x00, 0x00, 0x87, 0x21,
    0xD4, 0x8C, 0x19, 0xB6, 0xB8, 0xA5, 0xB8, 0xA5, 0xB8, 0xA5, 0xB7, 0xA5,
    0xB7, 0xAD, 0xB7, 0xA5, 0xB7, 0xA5, 0xB7, 0xA5, 0xB7, 0xAD, 0x97, 0xA5,
    0xB7, 0xA5, 0xD7, 0xAD, 0xB8, 0xAD, 0xB7, 0xA5, 0x97, 0xA5, 0xB8, 0xAD,
    0xB8, 0xA5, 0x52, 0x74, 0x00, 0x00, 0x00, 0x00, 0x00, 0x00, 0x00, 0x00,
    0x00, 0x00, 0x00, 0x00, 0xEF, 0x7B, 0x00, 0x00, 0x00, 0x00, 0x8B, 0x42,
    0x2E, 0x5B, 0x4E, 0x5B, 0x2D, 0x5B, 0x2D, 0x5B, 0x2D, 0x5B, 0x0D, 0x53,
    0x0D, 0x53, 0x0D, 0x5B, 0x2E, 0x5B, 0x0D, 0x5B, 0x2D, 0x5B, 0x4E, 0x63,
    0x6E, 0x63, 0x8F, 0x63, 0x8F, 0x6B, 0x8F, 0x63, 0x4B, 0x42, 0x00, 0x00,
    0x00, 0x00, 0x00, 0x00, 0x00, 0x00, 0x00, 0x00, 0x00, 0x00, 0x00, 0x00,
    0x00, 0x00, 0xEF, 0x7B, 0x00, 0x00, 0x00, 0x00, 0x00, 0x00, 0x00, 0x00,
    0x00, 0x00, 0x00, 0x00, 0x00, 0x00, 0x00, 0x00, 0x00, 0x00, 0x00, 0x00,
    0x00, 0x00, 0x00, 0x00, 0x00, 0x00, 0x00, 0x00, 0x00, 0x00, 0x00, 0x00,
    0x00, 0x00, 0x00, 0x00, 0x00, 0x00, 0xFF, 0xFF, 0x00, 0x00, 0x00, 0x00,
    0x00, 0x00, 0x00, 0x00, 0x00, 0x00, 0x00, 0x00, 0x00, 0x00, 0x00, 0x00,
    0x00, 0x00, 0xD3, 0x9C, 0x00, 0x00, 0x00, 0x00, 0x21, 0x00, 0x45, 0x21,
    0x87, 0x31, 0x6A, 0x42, 0x4D, 0x5B, 0x2D, 0x5B, 0xEC, 0x5A, 0xEC, 0x52,
    0x6A, 0x4A, 0x87, 0x29, 0x63, 0x00, 0x00, 0x00, 0x00, 0x00, 0x00, 0x00,
    0xEF, 0x53, 0x00, 0x00, 0x00, 0x00, 0x00, 0x00, 0x00, 0x00, 0x00, 0x00,
    0x00, 0x00, 0x00, 0x00, 0x00, 0x00, 0x00, 0x00, 0x55, 0xAD, 0x00, 0x00,
    0xCB, 0x52, 0xD4, 0x8C, 0x15, 0x9D, 0x15, 0x9D, 0x35, 0x9D, 0x96, 0xA5,
    0xB7, 0xAD, 0xD8, 0xB5, 0xF7, 0xBD, 0xB7, 0xAD, 0x97, 0xAD, 0x76, 0xA5,
    0x15, 0x95, 0xF4, 0x94, 0x93, 0x8C, 0x08, 0x32, 0x00, 0x00, 0x55, 0xAD,
    0x00, 0x00, 0x00, 0x00, 0x00, 0x00, 0x00, 0x00, 0x00, 0x00, 0x00, 0x00,
    0x00, 0x00, 0xEF, 0x7B, 0x00, 0x00, 0x6F, 0x63, 0x3A, 0xBE, 0x35, 0x9D,
    0x31, 0x74, 0x31, 0x74, 0xB3, 0x84, 0xD4, 0x8C, 0x11, 0x7C, 0xF0, 0x7B,
    0x30, 0x7C, 0xB3, 0x8C, 0xD4, 0x94, 0x52, 0x7C, 0x72, 0x7C, 0xD4, 0x94,
    0x19, 0xBE, 0x76, 0xA5, 0xCC, 0x52, 0x00, 0x00, 0xEF, 0x7B, 0x00, 0x00,
    0x00, 0x00, 0x00, 0x00, 0x00, 0x00, 0x00, 0x00, 0x55, 0xAD, 0x00, 0x00,
    0x0D, 0x53, 0x3A, 0xB6, 0xF4, 0x8C, 0x00, 0x00, 0x00, 0x00, 0x00, 0x00,
    0x00, 0x00, 0x00, 0x00, 0x00, 0x00, 0x00, 0x00, 0x00, 0x00, 0x00, 0x00,
    0x00, 0x00, 0x00, 0x00, 0x00, 0x00, 0x00, 0x00, 0x87, 0x29, 0x15, 0x9D,
    0xB7, 0xAD, 0xAB, 0x4A, 0xFF, 0xFF, 0xAA, 0x52, 0x00, 0x00, 0x00, 0x00,
    0x00, 0x00, 0x00, 0x00, 0xFF, 0xFF, 0x00, 0x00, 0xF4, 0x94, 0x97, 0xA5,
    0x00, 0x00, 0x00, 0x00, 0xF3, 0x7B, 0x00, 0x00, 0x00, 0x00, 0x4E, 0x5B,
    0x6B, 0x42, 0x11, 0x74, 0x2D, 0x5B, 0x8F, 0x63, 0x72, 0x84, 0x87, 0x29,
    0x00, 0x00, 0xFF, 0xFF, 0x00, 0x00, 0x00, 0x00, 0x97, 0xA5, 0xD4, 0x8C,
    0x00, 0x00, 0xFF, 0xFF, 0x00, 0x00, 0x00, 0x00, 0x00, 0x00, 0x00, 0x00,
    0x00, 0x00, 0xEC, 0x52, 0x7A, 0xC6, 0x11, 0x74, 0x00, 0x00, 0x55, 0xAD,
    0x00, 0x00, 0x2A, 0x3A, 0x14, 0x95, 0x35, 0x95, 0x8B, 0x4A, 0xEF, 0x6B,
    0x8B, 0x4A, 0xAF, 0x6B, 0x96, 0xAD, 0xF5, 0x94, 0xAC, 0x4A, 0x00, 0x00,
    0xF3, 0x9C, 0x00, 0x00, 0xF0, 0x7B, 0x97, 0xA5, 0x49, 0x3A, 0x00, 0x00,
    0x00, 0x00, 0x00, 0x00, 0x00, 0x00, 0x00, 0x00, 0x00, 0x00, 0x11, 0x7C,
    0x9B, 0xC6, 0x6E, 0x5B, 0x00, 0x00, 0x00, 0x00, 0x6B, 0x42, 0x76, 0x9D,
    0x35, 0x9D, 0x69, 0x42, 0x00, 0x00, 0x00, 0x00, 0x00, 0x00, 0x00, 0x00,
    0x00, 0x00, 0x14, 0x95, 0x15, 0x95, 0x6B, 0x3A, 0xFF, 0xFF, 0x00, 0x00,
    0x6E, 0x63, 0x5A, 0xBE, 0x10, 0x74, 0x00, 0x00, 0x00, 0x00, 0x00, 0x00,
    0x00, 0x00, 0x00, 0x00, 0x00, 0x00, 0x32, 0x7C, 0xD8, 0xA5, 0x8B, 0x42,
    0x00, 0x00, 0xE5, 0x10, 0x15, 0x95, 0x35, 0x9D, 0x00, 0x00, 0x00, 0x00,
    0xB5, 0x52, 0x00, 0x00, 0x00, 0x00, 0x00, 0x00, 0x00, 0x00, 0x00, 0x00,
    0x35, 0x9D, 0xB3, 0x84, 0x00, 0x00, 0x00, 0x00, 0xF0, 0x6B, 0xF9, 0xAD,
    0x52, 0x7C, 0x00, 0x00, 0x00, 0x00, 0x00, 0x00, 0x00, 0x00, 0x00, 0x00,
    0x00, 0x00, 0x15, 0x95, 0x76, 0x9D, 0x62, 0x00, 0x00, 0x00, 0x93, 0x8C,
    0x39, 0xBE, 0x83, 0x10, 0x00, 0x00, 0x6D, 0x6B, 0x00, 0x00, 0xCF, 0x6B,
    0x6E, 0x5B, 0x00, 0x00, 0xF7, 0x7B, 0xFF, 0xFF, 0xCB, 0x52, 0xD8, 0xAD,
    0x8F, 0x63, 0x00, 0x00, 0x09, 0x3A, 0x19, 0xB6, 0xB3, 0x84, 0x00, 0x00,
    0x00, 0x00, 0x00, 0x00, 0x00, 0x00, 0x00, 0x00, 0x00, 0x00, 0xF5, 0x94,
    0xF4, 0x94, 0x00, 0x00, 0x00, 0x00, 0xB0, 0x6B, 0x31, 0x74, 0x00, 0x00,
    0x55, 0xAD, 0xFF, 0xFF, 0x00, 0x00, 0x34, 0x9D, 0xF4, 0x94, 0x00, 0x00,
    0x00, 0x00, 0xEF, 0x7B, 0x00, 0x00, 0x2E, 0x5B, 0x6B, 0x3A, 0x00, 0x00,
    0x00, 0x00, 0x56, 0x9D, 0xD4, 0x8C, 0x00, 0x00, 0x00, 0x00, 0x00, 0x00,
    0x00, 0x00, 0x00, 0x00, 0x00, 0x00, 0xF5, 0x94, 0xD4, 0x8C, 0x00, 0x00,
    0x00, 0x00, 0xD0, 0x6B, 0x4E, 0x53, 0xFF, 0xFF, 0xD3, 0x64, 0x00, 0x00,
    0xE4, 0x10, 0xF8, 0xB5, 0x35, 0x9D, 0x00, 0x00, 0x00, 0x00, 0x00, 0x00,
    0xA5, 0x10, 0xD4, 0x94, 0xF0, 0x6B, 0x00, 0x00, 0x00, 0x00, 0x15, 0x95,
    0xD4, 0x8C, 0x00, 0x00, 0x00, 0x00, 0x00, 0x00, 0x00, 0x00, 0x00, 0x00,
    0x41, 0x08, 0x15, 0x9D, 0xB4, 0x8C, 0x00, 0x00, 0x00, 0x00, 0xB7, 0xA5,
    0x15, 0x8D, 0xFF, 0xFF, 0xF7, 0xBD, 0x00, 0x00, 0xA3, 0x08, 0x96, 0xA5,
    0xD3, 0x8C, 0x00, 0x00, 0xFF, 0xFF, 0xE0, 0xFF, 0x00, 0x00, 0x18, 0xBE,
    0xB3, 0x8C, 0x00, 0x00, 0x00, 0x00, 0x15, 0x95, 0xF4, 0x8C, 0x00, 0x00,
    0x00, 0x00, 0x00, 0x00, 0x00, 0x00, 0x00, 0x00, 0xE9, 0x39, 0x97, 0xA5,
    0xB3, 0x8C, 0x00, 0x00, 0x00, 0x00, 0x0D, 0x53, 0x4A, 0x3A, 0x00, 0x00,
    0xEF, 0x7B, 0x00, 0x00, 0x00, 0x00, 0xAB, 0x4A, 0xAB, 0x4A, 0x00, 0x00,
    0xE7, 0x39, 0x00, 0x00, 0xE5, 0x18, 0x2E, 0x5B, 0xCC, 0x4A, 0xFF, 0xFF,
    0x00, 0x00, 0x93, 0x84, 0x76, 0x9D, 0x24, 0x19, 0x00, 0x00, 0x00, 0x00,
    0x00, 0x00, 0x00, 0x00, 0x8F, 0x6B, 0xD8, 0xAD, 0x6E, 0x5B, 0x00, 0x00,
    0xD3, 0x9C, 0x00, 0x00, 0x6F, 0x5B, 0xF0, 0x6B, 0x00, 0x00, 0x79, 0x9E,
    0xAA, 0x52, 0x00, 0x00, 0x00, 0x00, 0x2C, 0x63, 0x00, 0x00, 0x00, 0x00,
    0xD4, 0x8C, 0x6E, 0x63, 0x00, 0x00, 0xB6, 0x95, 0x00, 0x00, 0x32, 0x74,
    0x39, 0xB6, 0xEC, 0x4A, 0x00, 0x00, 0x00, 0x00, 0x00, 0x00, 0x00, 0x00,
    0xD0, 0x73, 0xB7, 0xAD, 0xE8, 0x21, 0x00, 0x00, 0xEF, 0x7B, 0x55, 0x55,
    0x93, 0x84, 0x39, 0xB6, 0x4E, 0x5B, 0x00, 0x00, 0x00, 0x00, 0x00, 0x00,
    0x00, 0x00, 0x00, 0x00, 0x00, 0x00, 0xD4, 0x94, 0x7A, 0xC6, 0x0C, 0x53,
    0xEF, 0x7B, 0x55, 0x7D, 0x00, 0x00, 0xF1, 0x6B, 0x3A, 0xB6, 0x2E, 0x5B,
    0x00, 0x00, 0x00, 0x00, 0x00, 0x00, 0x00, 0x00, 0xD1, 0x73, 0x35, 0x9D,
    0xA4, 0x08, 0x00, 0x00, 0xEF, 0x03, 0xEF, 0x7B, 0x00, 0x00, 0x11, 0x74,
    0xF4, 0x8C, 0x93, 0x84, 0x2D, 0x5B, 0x87, 0x29, 0x00, 0x00, 0xD0, 0x7B,
    0x35, 0xA5, 0xD4, 0x94, 0x0C, 0x5B, 0x00, 0x00, 0xFF, 0xFF, 0xEF, 0x7B,
    0x00, 0x00, 0xD0, 0x6B, 0x5A, 0xB6, 0x0D, 0x4B, 0x00, 0x00, 0x00, 0x00,
    0x00, 0x00, 0x00, 0x00, 0xD4, 0x8C, 0xD4, 0x8C, 0x86, 0x31, 0xFF, 0xFF,
    0x00, 0x00, 0x0F, 0x00, 0xFF, 0xFF, 0x00, 0x00, 0x6E, 0x63, 0xF4, 0x8C,
    0xD4, 0x84, 0x56, 0x9D, 0x32, 0x7C, 0xD5, 0x94, 0x76, 0xA5, 0x49, 0x42,
    0x00, 0x00, 0xEF, 0x7B, 0x0F, 0x00, 0x2C, 0x63, 0x00, 0x00, 0xAC, 0x42,
    0xF9, 0xAD, 0x31, 0x74, 0x00, 0x00, 0x00, 0x00, 0x00, 0x00, 0x00, 0x00,
    0x15, 0x95, 0x93, 0x84, 0x00, 0x00, 0x00, 0x00, 0x00, 0x00, 0x00, 0x00,
    0x00, 0x00, 0x00, 0x00, 0x00, 0x00, 0x00, 0x00, 0xAF, 0x63, 0x56, 0x9D,
    0x93, 0x84, 0xCC, 0x4A, 0x00, 0x00, 0x00, 0x00, 0x00, 0x00, 0x00, 0x00,
    0x00, 0x00, 0x00, 0x00, 0x00, 0x00, 0x00, 0x00, 0x76, 0x9D, 0x56, 0x95,
    0x00, 0x00, 0x00, 0x00, 0x00, 0x00, 0x00, 0x00, 0x94, 0x8C, 0xB8, 0xAD,
    0x08, 0x32, 0x00, 0x00, 0x00, 0x00, 0x00, 0x00, 0x01, 0x00, 0x00, 0x00,
    0x62, 0x00, 0x01, 0x00, 0x00, 0x00, 0x00, 0x00, 0x00, 0x00, 0x00, 0x00,
    0xA4, 0x00, 0x83, 0x00, 0x62, 0x00, 0x62, 0x00, 0x41, 0x00, 0x42, 0x00,
    0x00, 0x00, 0x8B, 0x42, 0x5A, 0xBE, 0x72, 0x7C, 0x00, 0x00, 0x00, 0x00,
    0x00, 0x00, 0x00, 0x00, 0xEC, 0x52, 0x77, 0xA5, 0xD8, 0xA5, 0xB4, 0x84,
    0xD4, 0x84, 0xD4, 0x8C, 0xD5, 0x8C, 0xF5, 0x8C, 0x15, 0x95, 0x15, 0x95,
    0x36, 0x95, 0x36, 0x9D, 0x36, 0x95, 0x36, 0x95, 0x36, 0x95, 0x15, 0x95,
    0xF5, 0x8C, 0xD5, 0x84, 0xB4, 0x84, 0xB4, 0x84, 0x94, 0x84, 0xF9, 0xAD,
    0x56, 0x9D, 0xA8, 0x29, 0x00, 0x00, 0x00, 0x00, 0x00, 0x00, 0x00, 0x00,
    0x00, 0x00, 0x4A, 0x3A, 0x32, 0x74, 0x32, 0x74, 0x12, 0x74, 0x32, 0x74,
    0x32, 0x74, 0x32, 0x74, 0x52, 0x7C, 0x52, 0x7C, 0x52, 0x7C, 0x52, 0x7C,
    0x52, 0x7C, 0x53, 0x7C, 0x52, 0x7C, 0x52, 0x7C, 0x32, 0x74, 0x12, 0x74,
    0x11, 0x6C, 0xF1, 0x6B, 0xF1, 0x6B, 0xF1, 0x6B, 0xE9, 0x29, 0x00, 0x00,
    0x00, 0x00, 0x00, 0x00, 0x00, 0x00, 0x00, 0x00, 0x00, 0x00, 0x00, 0x00,
    0x00, 0x00, 0x00, 0x00, 0x00, 0x00, 0x00, 0x00, 0x00, 0x00, 0x00, 0x00,
    0x00, 0x00, 0x00, 0x00, 0x00, 0x00, 0x00, 0x00, 0x00, 0x00, 0x00, 0x00,
    0x00, 0x00, 0x00, 0x00, 0x00, 0x00, 0x00, 0x00, 0x00, 0x00, 0x00, 0x00,
    0x00, 0x00, 0x00, 0x00, 0x00, 0x00, 0x00, 0x00, 0x00, 0x00, 0x00, 0x00,
    0x00, 0x00, 0x00, 0x00, 0x00, 0x00, 0x00, 0x00, 0x00, 0x00, 0x00, 0x00,
    0x00, 0x00, 0x00, 0x00, 0x00, 0x00, 0x00, 0x00, 0x00, 0x00, 0x00, 0x00,
    0x00, 0x00, 0x00, 0x00, 0x00, 0x00, 0x59, 0xDB, 0xE3, 0xD7, 0xD4, 0xD3,
    0xD4, 0xD3, 0xD3, 0xD3, 0xD0, 0xCC, 0xCB, 0xCB, 0xC9, 0xC7, 0xC8, 0xCA,
    0xCB, 0xCC, 0xD4, 0xEA, 0xD7, 0x3E, 0x00, 0x00, 0x00, 0x00, 0xEF, 0xFF,
    0xED, 0xFC, 0xFF, 0xFF, 0xFF, 0xFF, 0xFF, 0xFF, 0xFF, 0xFF, 0xFF, 0xFF,
    0xFF, 0xFF, 0xFF, 0xFF, 0xFF, 0xFF, 0xF3, 0xE1, 0xFF, 0xB3, 0x00, 0x00,
    0x00, 0x00, 0xBF, 0xFF, 0x75, 0x05, 0x03, 0x01, 0x01, 0x00, 0x00, 0x01,
    0x01, 0x01, 0x01, 0x01, 0x01, 0x00, 0x01, 0x02, 0x03, 0x04, 0x04, 0x84,
    0xFF, 0x77, 0x00, 0x00, 0x00, 0x00, 0x21, 0xE4, 0xFF, 0x97, 0x4B, 0x48,
    0x4B, 0x4E, 0x50, 0x4B, 0x48, 0x45, 0x45, 0x48, 0x49, 0x4E, 0x4A, 0x3F,
    0x3F, 0x4F, 0xA2, 0xFF, 0xC4, 0x0A, 0x00, 0x00, 0x00, 0x00, 0x00, 0x2E,
    0xD7, 0xFF, 0xFF, 0xFF, 0xFF, 0xFF, 0xFF, 0xFF, 0xFF, 0xFF, 0xFF, 0xFF,
    0xFF, 0xFF, 0xFF, 0xFF, 0xFF, 0xFF, 0xFF, 0xBB, 0x15, 0x00, 0x00, 0x00,
    0x00, 0x00, 0x02, 0x00, 0x0B, 0x4F, 0x71, 0x76, 0x71, 0x68, 0x65, 0x70,
    0x7A, 0x78, 0x7D, 0x76, 0x75, 0x7F, 0x8B, 0x98, 0x9A, 0x94, 0x51, 0x00,
    0x00, 0x01, 0x00, 0x00, 0x00, 0x00, 0x00, 0x02, 0x00, 0x00, 0x00, 0x00,
    0x00, 0x00, 0x00, 0x00, 0x00, 0x10, 0x19, 0x00, 0x00, 0x00, 0x00, 0x00,
    0x00, 0x00, 0x00, 0x01, 0x01, 0x00, 0x00, 0x00, 0x00, 0x00, 0x00, 0x00,
    0x01, 0x05, 0x00, 0x04, 0x21, 0x2C, 0x34, 0x45, 0x50, 0x83, 0x85, 0x4C,
    0x49, 0x38, 0x25, 0x0F, 0x00, 0x00, 0x06, 0x00, 0x00, 0x00, 0x00, 0x00,
    0x00, 0x00, 0x00, 0x00, 0x03, 0x00, 0x56, 0xD7, 0xFF, 0xFF, 0xFF, 0xFF,
    0xFF, 0xFF, 0xFF, 0xFF, 0xFF, 0xFF, 0xFF, 0xEC, 0xBC, 0x37, 0x00, 0x03,
    0x00, 0x00, 0x00, 0x00, 0x00, 0x00, 0x00, 0x02, 0x00, 0x7E, 0xFF, 0xEE,
    0xAC, 0x7B, 0x62, 0x56, 0x52, 0x49, 0x4F, 0x53, 0x5B, 0x7F, 0xB6, 0xDA,
    0xFF, 0xFF, 0x55, 0x00, 0x02, 0x00, 0x00, 0x00, 0x00, 0x00, 0x03, 0x00,
    0x50, 0xFF, 0xBC, 0x15, 0x00, 0x00, 0x00, 0x00, 0x00, 0x13, 0x00, 0x00,
    0x00, 0x00, 0x00, 0x05, 0x36, 0xCC, 0xFF, 0x42, 0x01, 0x03, 0x00, 0x00,
    0x00, 0x00, 0x02, 0x02, 0xCD, 0xF9, 0x18, 0x00, 0x08, 0x00, 0x12, 0x60,
    0xB1, 0xFF, 0xE0, 0xC0, 0xA4, 0x28, 0x00, 0x03, 0x00, 0x11, 0xF9, 0xC7,
    0x00, 0x02, 0x00, 0x00, 0x00, 0x00, 0x00, 0x49, 0xFF, 0xAE, 0x00, 0x06,
    0x00, 0x34, 0xDA, 0xFF, 0x89, 0x39, 0x46, 0xC7, 0xFF, 0xFC, 0x3C, 0x00,
    0x08, 0x00, 0xA0, 0xFF, 0x40, 0x00, 0x00, 0x00, 0x00, 0x00, 0x00, 0x69,
    0xFE, 0x59, 0x01, 0x00, 0x37, 0xF5, 0xC6, 0x27, 0x00, 0x00, 0x00, 0x00,
    0x16, 0x9E, 0xF4, 0x31, 0x01, 0x01, 0x4E, 0xFF, 0x6A, 0x00, 0x00, 0x00,
    0x00, 0x00, 0x00, 0x9E, 0xFF, 0x37, 0x00, 0x19, 0xF2, 0xC2, 0x04, 0x00,
    0x03, 0x00, 0x00, 0x00, 0x00, 0x00, 0xBF, 0xDB, 0x06, 0x00, 0x35, 0xFF,
    0x60, 0x00, 0x00, 0x00, 0x00, 0x00, 0x00, 0xD6, 0xFC, 0x24, 0x00, 0xA4,
    0xFA, 0x1D, 0x00, 0x07, 0x00, 0x3A, 0x87, 0x04, 0x04, 0x01, 0x45, 0xFF,
    0x5F, 0x00, 0x35, 0xFF, 0x9C, 0x00, 0x00, 0x00, 0x00, 0x00, 0x04, 0xDD,
    0xE3, 0x05, 0x00, 0xD9, 0xC9, 0x00, 0x03, 0x02, 0x04, 0xC7, 0xFD, 0x0C,
    0x00, 0x02, 0x00, 0xCA, 0x66, 0x00, 0x21, 0xFA, 0xD5, 0x00, 0x00, 0x00,
    0x00, 0x00, 0x0E, 0xEC, 0xC4, 0x00, 0x00, 0xCE, 0xB8, 0x01, 0x05, 0x00,
    0x2D, 0xFF, 0xD8, 0x06, 0x00, 0x00, 0x0C, 0xE2, 0xA9, 0x00, 0x06, 0xE5,
    0xD4, 0x00, 0x00, 0x00, 0x00, 0x00, 0x1F, 0xFC, 0x9F, 0x00, 0x00, 0xE3,
    0xDF, 0x01, 0x04, 0x00, 0x24, 0xFF, 0xC3, 0x02, 0x03, 0x01, 0x0B, 0xFB,
    0xD5, 0x00, 0x00, 0xD7, 0xE8, 0x0B, 0x00, 0x00, 0x00, 0x00, 0x2D, 0xFF,
    0x7D, 0x00, 0x00, 0x61, 0x77, 0x00, 0x04, 0x01, 0x00, 0x50, 0x2A, 0x00,
    0x04, 0x00, 0x2A, 0xC9, 0x47, 0x01, 0x00, 0xC3, 0xFE, 0x29, 0x00, 0x00,
    0x00, 0x00, 0x58, 0xFF, 0x60, 0x00, 0x05, 0x00, 0xB3, 0x77, 0x00, 0x05,
    0x03, 0x00, 0x00, 0x05, 0x00, 0x13, 0xED, 0x8C, 0x00, 0x07, 0x00, 0x9C,
    0xFF, 0x3C, 0x00, 0x00, 0x00, 0x00, 0x79, 0xFF, 0x3B, 0x00, 0x06, 0x03,
    0x8A, 0xFF, 0x51, 0x00, 0x00, 0x00, 0x00, 0x00, 0x06, 0xA7, 0xFF, 0x46,
    0x02, 0x06, 0x00, 0x7F, 0xFF, 0x48, 0x00, 0x00, 0x00, 0x00, 0x8E, 0xFF,
    0x16, 0x00, 0x02, 0x02, 0x07, 0x8C, 0xFF, 0x8C, 0x3F, 0x37, 0x1B, 0x4C,
    0xE2, 0xF5, 0x52, 0x00, 0x01, 0x04, 0x00, 0x71, 0xFF, 0x53, 0x00, 0x00,
    0x00, 0x00, 0xE0, 0xDA, 0x05, 0x02, 0x02, 0x02, 0x02, 0x00, 0x5A, 0xFC,
    0xFF, 0xFF, 0xFF, 0xFF, 0xD6, 0x30, 0x00, 0x04, 0x02, 0x05, 0x02, 0x4E,
    0xFF, 0xA3, 0x00, 0x00, 0x00, 0x00, 0xFD, 0xC3, 0x00, 0x00, 0x00, 0x00,
    0x00, 0x00, 0x00, 0x15, 0x4E, 0x5F, 0x6B, 0x45, 0x00, 0x00, 0x00, 0x00,
    0x00, 0x00, 0x00, 0x02, 0xF6, 0xE7, 0x00, 0x00, 0x00, 0x00, 0xCC, 0xFA,
    0x4F, 0x18, 0x18, 0x18, 0x1D, 0x20, 0x24, 0x1D, 0x11, 0x0F, 0x10, 0x16,
    0x26, 0x2A, 0x25, 0x23, 0x1E, 0x1C, 0x19, 0x56, 0xFF, 0xB0, 0x00, 0x00,
    0x00, 0x00, 0x4F, 0xFD, 0xFF, 0xFD, 0xFF, 0xFE, 0xFF, 0xFF, 0xFF, 0xFF,
    0xFF, 0xFF, 0xFF, 0xFF, 0xFF, 0xFF, 0xFF, 0xFF, 0xFF, 0xFF, 0xFF, 0xFF,
    0xEF, 0x2E, 0x00, 0x00, 0x00, 0x00, 0x00, 0x45, 0xC0, 0xD6, 0xCF, 0xD2,
    0xD3, 0xD1, 0xD1, 0xD1, 0xD0, 0xCE, 0xCD, 0xD1, 0xD2, 0xCF, 0xCF, 0xCD,
    0xC9, 0xC4, 0xC4, 0xAE, 0x37, 0x00, 0x00, 0x00, 0x00, 0x00, 0x00, 0x00,
    0x00, 0x00, 0x00, 0x00, 0x00, 0x00, 0x00, 0x00, 0x00, 0x00, 0x00, 0x00,
    0x00, 0x00, 0x00, 0x00, 0x00, 0x00, 0x00, 0x00, 0x00, 0x00, 0x00, 0x00,
};

const lv_image_dsc_t kMeasurementWeight = {
    {LV_IMAGE_HEADER_MAGIC, LV_COLOR_FORMAT_RGB565A8, 0, 28, 30, 56, 0},
    sizeof(kMeasurementWeightMap),
    kMeasurementWeightMap,
    nullptr,
    nullptr,
};

}  // namespace keezer::ui::assets
